{
	"start":	{
		"connected":	[{
				"socket":	5,
				"local_host":	"192.168.1.110",
				"local_port":	5201,
				"remote_host":	"192.168.1.100",
				"remote_port":	56971
			}],
		"version":	"iperf 3.16",
		"system_info":	"Linux design-lab 6.14.0-37-generic #37~24.04.1-Ubuntu SMP PREEMPT_DYNAMIC Thu Nov 20 10:25:38 UTC 2 x86_64",
		"target_bitrate":	7155279503,
		"timestamp":	{
			"time":	"Fri, 26 Jun 2026 02:33:21 GMT",
			"timesecs":	1782441201
		},
		"accepted_connection":	{
			"host":	"192.168.1.100",
			"port":	60296
		},
		"cookie":	"onienobrhgolm6tzxjfao5wmkbo75vehre6s",
		"target_bitrate":	7155279503,
		"fq_rate":	0,
		"sock_bufsize":	0,
		"sndbuf_actual":	134217728,
		"rcvbuf_actual":	134217728,
		"test_start":	{
			"protocol":	"UDP",
			"num_streams":	1,
			"blksize":	256,
			"omit":	2,
			"duration":	5,
			"bytes":	0,
			"blocks":	0,
			"reverse":	0,
			"tos":	0,
			"target_bitrate":	7155279503,
			"bidir":	0,
			"fqrate":	0
		}
	},
	"intervals":	[{
			"streams":	[{
					"socket":	5,
					"start":	0,
					"end":	1.000001,
					"seconds":	1.0000009536743164,
					"bytes":	402790912,
					"bits_per_second":	3222324222.95215,
					"jitter_ms":	0.00048536100603241449,
					"lost_packets":	0,
					"packets":	1573402,
					"lost_percent":	0,
					"omitted":	true,
					"sender":	false
				}],
			"sum":	{
				"start":	0,
				"end":	1.000001,
				"seconds":	1.0000009536743164,
				"bytes":	402790912,
				"bits_per_second":	3222324222.95215,
				"jitter_ms":	0.00048536100603241449,
				"lost_packets":	0,
				"packets":	1573402,
				"lost_percent":	0,
				"omitted":	true,
				"sender":	false
			}
		}, {
			"streams":	[{
					"socket":	5,
					"start":	1,
					"end":	1,
					"seconds":	2,
					"bytes":	405298944,
					"bits_per_second":	1621195776,
					"jitter_ms":	0.000453658444640716,
					"lost_packets":	0,
					"packets":	3178753,
					"lost_percent":	0,
					"omitted":	false,
					"sender":	false
				}],
			"sum":	{
				"start":	1,
				"end":	1,
				"seconds":	2,
				"bytes":	405298944,
				"bits_per_second":	1621195776,
				"jitter_ms":	0.000453658444640716,
				"lost_packets":	0,
				"packets":	3178753,
				"lost_percent":	0,
				"omitted":	false,
				"sender":	false
			}
		}, {
			"streams":	[{
					"socket":	5,
					"start":	1,
					"end":	2,
					"seconds":	1,
					"bytes":	399351296,
					"bits_per_second":	3194810368,
					"jitter_ms":	0.00072903092718898919,
					"lost_packets":	0,
					"packets":	1559968,
					"lost_percent":	0,
					"omitted":	false,
					"sender":	false
				}],
			"sum":	{
				"start":	1,
				"end":	2,
				"seconds":	1,
				"bytes":	399351296,
				"bits_per_second":	3194810368,
				"jitter_ms":	0.00072903092718898919,
				"lost_packets":	0,
				"packets":	1559968,
				"lost_percent":	0,
				"omitted":	false,
				"sender":	false
			}
		}, {
			"streams":	[{
					"socket":	5,
					"start":	2,
					"end":	3,
					"seconds":	1,
					"bytes":	403047936,
					"bits_per_second":	3224383488,
					"jitter_ms":	0.000528634421728131,
					"lost_packets":	0,
					"packets":	1574409,
					"lost_percent":	0,
					"omitted":	false,
					"sender":	false
				}],
			"sum":	{
				"start":	2,
				"end":	3,
				"seconds":	1,
				"bytes":	403047936,
				"bits_per_second":	3224383488,
				"jitter_ms":	0.000528634421728131,
				"lost_packets":	0,
				"packets":	1574409,
				"lost_percent":	0,
				"omitted":	false,
				"sender":	false
			}
		}, {
			"streams":	[{
					"socket":	5,
					"start":	3,
					"end":	4,
					"seconds":	1,
					"bytes":	405729024,
					"bits_per_second":	3245832192,
					"jitter_ms":	0.00053088304401146256,
					"lost_packets":	0,
					"packets":	1584894,
					"lost_percent":	0,
					"omitted":	false,
					"sender":	false
				}],
			"sum":	{
				"start":	3,
				"end":	4,
				"seconds":	1,
				"bytes":	405729024,
				"bits_per_second":	3245832192,
				"jitter_ms":	0.00053088304401146256,
				"lost_packets":	0,
				"packets":	1584894,
				"lost_percent":	0,
				"omitted":	false,
				"sender":	false
			}
		}, {
			"streams":	[{
					"socket":	5,
					"start":	4,
					"end":	5.000001,
					"seconds":	1.0000009536743164,
					"bytes":	401555456,
					"bits_per_second":	3212440584.3779216,
					"jitter_ms":	0.00065903725616007071,
					"lost_packets":	0,
					"packets":	1568576,
					"lost_percent":	0,
					"omitted":	false,
					"sender":	false
				}],
			"sum":	{
				"start":	4,
				"end":	5.000001,
				"seconds":	1.0000009536743164,
				"bytes":	401555456,
				"bits_per_second":	3212440584.3779216,
				"jitter_ms":	0.00065903725616007071,
				"lost_packets":	0,
				"packets":	1568576,
				"lost_percent":	0,
				"omitted":	false,
				"sender":	false
			}
		}, {
			"streams":	[{
					"socket":	5,
					"start":	5.000001,
					"end":	5.000199,
					"seconds":	0.00019799999427050352,
					"bytes":	44288,
					"bits_per_second":	1789414193.1941531,
					"jitter_ms":	0.00048967241718023645,
					"lost_packets":	0,
					"packets":	173,
					"lost_percent":	0,
					"omitted":	false,
					"sender":	false
				}],
			"sum":	{
				"start":	5.000001,
				"end":	5.000199,
				"seconds":	0.00019799999427050352,
				"bytes":	44288,
				"bits_per_second":	1789414193.1941531,
				"jitter_ms":	0.00048967241718023645,
				"lost_packets":	0,
				"packets":	173,
				"lost_percent":	0,
				"omitted":	false,
				"sender":	false
			}
		}],
	"end":	{
		"streams":	[{
				"udp":	{
					"socket":	5,
					"start":	0,
					"end":	5.000199,
					"seconds":	5.000199,
					"bytes":	0,
					"bits_per_second":	0,
					"jitter_ms":	0.00048967241718023645,
					"lost_packets":	0,
					"packets":	7871220,
					"lost_percent":	0,
					"out_of_order":	0,
					"sender":	false
				}
			}],
		"sum":	{
			"start":	0,
			"end":	5.000199,
			"seconds":	5.000199,
			"bytes":	0,
			"bits_per_second":	0,
			"jitter_ms":	0.00048967241718023645,
			"lost_packets":	0,
			"packets":	7871220,
			"lost_percent":	0,
			"sender":	false
		},
		"sum_sent":	{
			"start":	0,
			"end":	5.000199,
			"seconds":	5.000199,
			"bytes":	0,
			"bits_per_second":	0,
			"jitter_ms":	0,
			"lost_packets":	0,
			"packets":	0,
			"lost_percent":	0,
			"sender":	true
		},
		"sum_received":	{
			"start":	0,
			"end":	5.000199,
			"seconds":	5.000199,
			"bytes":	2015032320,
			"bits_per_second":	3223923399.8486857,
			"jitter_ms":	0.00048967241718023645,
			"lost_packets":	0,
			"packets":	7871220,
			"lost_percent":	0,
			"sender":	false
		},
		"cpu_utilization_percent":	{
			"host_total":	194.90665134521717,
			"host_user":	26.469184915648221,
			"host_system":	168.43745214427915,
			"remote_total":	0,
			"remote_user":	0,
			"remote_system":	0
		}
	}
}
