{
	"start":	{
		"connected":	[{
				"socket":	5,
				"local_host":	"192.168.1.100",
				"local_port":	42043,
				"remote_host":	"192.168.1.110",
				"remote_port":	5201
			}],
		"version":	"iperf 3.16",
		"system_info":	"Linux design-lab 6.14.0-37-generic #37~24.04.1-Ubuntu SMP PREEMPT_DYNAMIC Thu Nov 20 10:25:38 UTC 2 x86_64",
		"timestamp":	{
			"time":	"Fri, 26 Jun 2026 02:35:52 GMT",
			"timesecs":	1782441352
		},
		"connecting_to":	{
			"host":	"192.168.1.110",
			"port":	5201
		},
		"cookie":	"wn6qnhvbtlvvmm56wjxt5alkhsf3wnzwz25h",
		"target_bitrate":	8338530067,
		"fq_rate":	0,
		"sock_bufsize":	0,
		"sndbuf_actual":	134217728,
		"rcvbuf_actual":	134217728,
		"test_start":	{
			"protocol":	"UDP",
			"num_streams":	1,
			"blksize":	832,
			"omit":	2,
			"duration":	5,
			"bytes":	0,
			"blocks":	0,
			"reverse":	0,
			"tos":	0,
			"target_bitrate":	8338530067,
			"bidir":	0,
			"fqrate":	0
		}
	},
	"intervals":	[{
			"streams":	[{
					"socket":	5,
					"start":	0,
					"end":	1.000054,
					"seconds":	1.0000540018081665,
					"bytes":	1042345408,
					"bits_per_second":	8338312980.02202,
					"packets":	1252820,
					"omitted":	true,
					"sender":	true
				}],
			"sum":	{
				"start":	0,
				"end":	1.000054,
				"seconds":	1.0000540018081665,
				"bytes":	1042345408,
				"bits_per_second":	8338312980.02202,
				"packets":	1252820,
				"omitted":	true,
				"sender":	true
			}
		}, {
			"streams":	[{
					"socket":	5,
					"start":	0.999999,
					"end":	1.000001,
					"seconds":	2,
					"bytes":	1042371200,
					"bits_per_second":	4169484800,
					"packets":	2505563,
					"omitted":	false,
					"sender":	true
				}],
			"sum":	{
				"start":	0.999999,
				"end":	1.000001,
				"seconds":	2,
				"bytes":	1042371200,
				"bits_per_second":	4169484800,
				"packets":	2505563,
				"omitted":	false,
				"sender":	true
			}
		}, {
			"streams":	[{
					"socket":	5,
					"start":	1.000001,
					"end":	2.000001,
					"seconds":	1,
					"bytes":	1042283840,
					"bits_per_second":	8338270720,
					"packets":	1252746,
					"omitted":	false,
					"sender":	true
				}],
			"sum":	{
				"start":	1.000001,
				"end":	2.000001,
				"seconds":	1,
				"bytes":	1042283840,
				"bits_per_second":	8338270720,
				"packets":	1252746,
				"omitted":	false,
				"sender":	true
			}
		}, {
			"streams":	[{
					"socket":	5,
					"start":	2.000001,
					"end":	3.000001,
					"seconds":	1,
					"bytes":	1042353728,
					"bits_per_second":	8338829824,
					"packets":	1252836,
					"omitted":	false,
					"sender":	true
				}],
			"sum":	{
				"start":	2.000001,
				"end":	3.000001,
				"seconds":	1,
				"bytes":	1042353728,
				"bits_per_second":	8338829824,
				"packets":	1252836,
				"omitted":	false,
				"sender":	true
			}
		}, {
			"streams":	[{
					"socket":	5,
					"start":	3.000001,
					"end":	4.000001,
					"seconds":	1,
					"bytes":	1042324608,
					"bits_per_second":	8338596864,
					"packets":	1252795,
					"omitted":	false,
					"sender":	true
				}],
			"sum":	{
				"start":	3.000001,
				"end":	4.000001,
				"seconds":	1,
				"bytes":	1042324608,
				"bits_per_second":	8338596864,
				"packets":	1252795,
				"omitted":	false,
				"sender":	true
			}
		}, {
			"streams":	[{
					"socket":	5,
					"start":	4.000001,
					"end":	5.000077,
					"seconds":	1.0000760555267334,
					"bytes":	1042228096,
					"bits_per_second":	8337190678.5714645,
					"packets":	1252677,
					"omitted":	false,
					"sender":	true
				}],
			"sum":	{
				"start":	4.000001,
				"end":	5.000077,
				"seconds":	1.0000760555267334,
				"bytes":	1042228096,
				"bits_per_second":	8337190678.5714645,
				"packets":	1252677,
				"omitted":	false,
				"sender":	true
			}
		}],
	"end":	{
		"streams":	[{
				"udp":	{
					"socket":	5,
					"start":	0,
					"end":	5.000077,
					"seconds":	5.000077,
					"bytes":	5211568960,
					"bits_per_second":	8338381924.9183559,
					"jitter_ms":	0.00055687259129522668,
					"lost_packets":	0,
					"packets":	6263905,
					"lost_percent":	0,
					"out_of_order":	0,
					"sender":	true
				}
			}],
		"sum":	{
			"start":	0,
			"end":	5.000178,
			"seconds":	5.000178,
			"bytes":	5211568960,
			"bits_per_second":	8338381924.9183559,
			"jitter_ms":	0.00055687259129522668,
			"lost_packets":	0,
			"packets":	6263905,
			"lost_percent":	0,
			"sender":	true
		},
		"sum_sent":	{
			"start":	0,
			"end":	5.000077,
			"seconds":	5.000077,
			"bytes":	5211568960,
			"bits_per_second":	8338381924.9183559,
			"jitter_ms":	0,
			"lost_packets":	0,
			"packets":	6263905,
			"lost_percent":	0,
			"sender":	true
		},
		"sum_received":	{
			"start":	0,
			"end":	5.000178,
			"seconds":	5.000178,
			"bytes":	5211631360,
			"bits_per_second":	8338313332.04538,
			"jitter_ms":	0.00055687259129522668,
			"lost_packets":	0,
			"packets":	6263980,
			"lost_percent":	0,
			"sender":	false
		},
		"cpu_utilization_percent":	{
			"host_total":	101.30539668717647,
			"host_user":	15.21118185789296,
			"host_system":	86.094200544699746,
			"remote_total":	161.796114653312,
			"remote_user":	22.301508857105347,
			"remote_system":	139.49459151089846
		}
	}
}
