{
	"start":	{
		"connected":	[{
				"socket":	5,
				"local_host":	"192.168.1.100",
				"local_port":	59619,
				"remote_host":	"192.168.1.110",
				"remote_port":	5201
			}],
		"version":	"iperf 3.16",
		"system_info":	"Linux design-lab 6.14.0-37-generic #37~24.04.1-Ubuntu SMP PREEMPT_DYNAMIC Thu Nov 20 10:25:38 UTC 2 x86_64",
		"timestamp":	{
			"time":	"Fri, 26 Jun 2026 02:35:18 GMT",
			"timesecs":	1782441318
		},
		"connecting_to":	{
			"host":	"192.168.1.110",
			"port":	5201
		},
		"cookie":	"3eldylzjvlzbuab7bojyjls36nxnwmeif6fz",
		"target_bitrate":	8228571429,
		"fq_rate":	0,
		"sock_bufsize":	0,
		"sndbuf_actual":	134217728,
		"rcvbuf_actual":	134217728,
		"test_start":	{
			"protocol":	"UDP",
			"num_streams":	1,
			"blksize":	704,
			"omit":	2,
			"duration":	5,
			"bytes":	0,
			"blocks":	0,
			"reverse":	0,
			"tos":	0,
			"target_bitrate":	8228571429,
			"bidir":	0,
			"fqrate":	0
		}
	},
	"intervals":	[{
			"streams":	[{
					"socket":	5,
					"start":	0,
					"end":	1.000053,
					"seconds":	1.00005304813385,
					"bytes":	1028589760,
					"bits_per_second":	8228281585.01712,
					"packets":	1461066,
					"omitted":	true,
					"sender":	true
				}],
			"sum":	{
				"start":	0,
				"end":	1.000053,
				"seconds":	1.00005304813385,
				"bytes":	1028589760,
				"bits_per_second":	8228281585.01712,
				"packets":	1461066,
				"omitted":	true,
				"sender":	true
			}
		}, {
			"streams":	[{
					"socket":	5,
					"start":	0.999999,
					"end":	1.000001,
					"seconds":	2,
					"bytes":	1028524288,
					"bits_per_second":	4114097152,
					"packets":	2922006,
					"omitted":	false,
					"sender":	true
				}],
			"sum":	{
				"start":	0.999999,
				"end":	1.000001,
				"seconds":	2,
				"bytes":	1028524288,
				"bits_per_second":	4114097152,
				"packets":	2922006,
				"omitted":	false,
				"sender":	true
			}
		}, {
			"streams":	[{
					"socket":	5,
					"start":	1.000001,
					"end":	2.000001,
					"seconds":	1,
					"bytes":	1028570752,
					"bits_per_second":	8228566016,
					"packets":	1461039,
					"omitted":	false,
					"sender":	true
				}],
			"sum":	{
				"start":	1.000001,
				"end":	2.000001,
				"seconds":	1,
				"bytes":	1028570752,
				"bits_per_second":	8228566016,
				"packets":	1461039,
				"omitted":	false,
				"sender":	true
			}
		}, {
			"streams":	[{
					"socket":	5,
					"start":	2.000001,
					"end":	3.000002,
					"seconds":	1.0000009536743164,
					"bytes":	1028599616,
					"bits_per_second":	8228789080.4152,
					"packets":	1461082,
					"omitted":	false,
					"sender":	true
				}],
			"sum":	{
				"start":	2.000001,
				"end":	3.000002,
				"seconds":	1.0000009536743164,
				"bytes":	1028599616,
				"bits_per_second":	8228789080.4152,
				"packets":	1461082,
				"omitted":	false,
				"sender":	true
			}
		}, {
			"streams":	[{
					"socket":	5,
					"start":	3.000002,
					"end":	4.000002,
					"seconds":	1,
					"bytes":	1028579904,
					"bits_per_second":	8228639232,
					"packets":	1461052,
					"omitted":	false,
					"sender":	true
				}],
			"sum":	{
				"start":	3.000002,
				"end":	4.000002,
				"seconds":	1,
				"bytes":	1028579904,
				"bits_per_second":	8228639232,
				"packets":	1461052,
				"omitted":	false,
				"sender":	true
			}
		}, {
			"streams":	[{
					"socket":	5,
					"start":	4.000002,
					"end":	5.000077,
					"seconds":	1.0000749826431274,
					"bytes":	1028548928,
					"bits_per_second":	8227774483.7221537,
					"packets":	1461007,
					"omitted":	false,
					"sender":	true
				}],
			"sum":	{
				"start":	4.000002,
				"end":	5.000077,
				"seconds":	1.0000749826431274,
				"bytes":	1028548928,
				"bits_per_second":	8227774483.7221537,
				"packets":	1461007,
				"omitted":	false,
				"sender":	true
			}
		}],
	"end":	{
		"streams":	[{
				"udp":	{
					"socket":	5,
					"start":	0,
					"end":	5.000077,
					"seconds":	5.000077,
					"bytes":	5142827712,
					"bits_per_second":	8228397621.8766232,
					"jitter_ms":	0.00090036453531343373,
					"lost_packets":	0,
					"packets":	7305152,
					"lost_percent":	0,
					"out_of_order":	0,
					"sender":	true
				}
			}],
		"sum":	{
			"start":	0,
			"end":	5.000192,
			"seconds":	5.000192,
			"bytes":	5142827712,
			"bits_per_second":	8228397621.8766232,
			"jitter_ms":	0.00090036453531343373,
			"lost_packets":	0,
			"packets":	7305152,
			"lost_percent":	0,
			"sender":	true
		},
		"sum_sent":	{
			"start":	0,
			"end":	5.000077,
			"seconds":	5.000077,
			"bytes":	5142827712,
			"bits_per_second":	8228397621.8766232,
			"jitter_ms":	0,
			"lost_packets":	0,
			"packets":	7305152,
			"lost_percent":	0,
			"sender":	true
		},
		"sum_received":	{
			"start":	0,
			"end":	5.000192,
			"seconds":	5.000192,
			"bytes":	5142951616,
			"bits_per_second":	8228406614.7859917,
			"jitter_ms":	0.00090036453531343373,
			"lost_packets":	0,
			"packets":	7305329,
			"lost_percent":	0,
			"sender":	false
		},
		"cpu_utilization_percent":	{
			"host_total":	101.17574257425743,
			"host_user":	12.979822047301685,
			"host_system":	88.195920526955746,
			"remote_total":	186.11028256335533,
			"remote_user":	26.667038084626153,
			"remote_system":	159.443230193423
		}
	}
}
