{
	"start":	{
		"connected":	[{
				"socket":	5,
				"local_host":	"192.168.1.110",
				"local_port":	5201,
				"remote_host":	"192.168.1.100",
				"remote_port":	56918
			}],
		"version":	"iperf 3.16",
		"system_info":	"Linux design-lab 6.14.0-37-generic #37~24.04.1-Ubuntu SMP PREEMPT_DYNAMIC Thu Nov 20 10:25:38 UTC 2 x86_64",
		"target_bitrate":	7680000000,
		"timestamp":	{
			"time":	"Fri, 26 Jun 2026 02:33:54 GMT",
			"timesecs":	1782441234
		},
		"accepted_connection":	{
			"host":	"192.168.1.100",
			"port":	51084
		},
		"cookie":	"wkdjczghgfpaut5l6sdicuyoggydjdc5f4bn",
		"target_bitrate":	7680000000,
		"fq_rate":	0,
		"sock_bufsize":	0,
		"sndbuf_actual":	134217728,
		"rcvbuf_actual":	134217728,
		"test_start":	{
			"protocol":	"UDP",
			"num_streams":	1,
			"blksize":	384,
			"omit":	2,
			"duration":	5,
			"bytes":	0,
			"blocks":	0,
			"reverse":	0,
			"tos":	0,
			"target_bitrate":	7680000000,
			"bidir":	0,
			"fqrate":	0
		}
	},
	"intervals":	[{
			"streams":	[{
					"socket":	5,
					"start":	0,
					"end":	1.000001,
					"seconds":	1.0000009536743164,
					"bytes":	598374528,
					"bits_per_second":	4786991658.769002,
					"jitter_ms":	0.00048708647029085787,
					"lost_packets":	2124,
					"packets":	1560391,
					"lost_percent":	0.13611972896536831,
					"omitted":	true,
					"sender":	false
				}],
			"sum":	{
				"start":	0,
				"end":	1.000001,
				"seconds":	1.0000009536743164,
				"bytes":	598374528,
				"bits_per_second":	4786991658.769002,
				"jitter_ms":	0.00048708647029085787,
				"lost_packets":	2124,
				"packets":	1560391,
				"lost_percent":	0.13611972896536831,
				"omitted":	true,
				"sender":	false
			}
		}, {
			"streams":	[{
					"socket":	5,
					"start":	1,
					"end":	1,
					"seconds":	2,
					"bytes":	600565248,
					"bits_per_second":	2402260992,
					"jitter_ms":	0.00068581155636616227,
					"lost_packets":	75412,
					"packets":	3201767,
					"lost_percent":	2.3553244192972191,
					"omitted":	false,
					"sender":	false
				}],
			"sum":	{
				"start":	1,
				"end":	1,
				"seconds":	2,
				"bytes":	600565248,
				"bits_per_second":	2402260992,
				"jitter_ms":	0.00068581155636616227,
				"lost_packets":	75412,
				"packets":	3201767,
				"lost_percent":	2.3553244192972191,
				"omitted":	false,
				"sender":	false
			}
		}, {
			"streams":	[{
					"socket":	5,
					"start":	1,
					"end":	2,
					"seconds":	1,
					"bytes":	602018304,
					"bits_per_second":	4816146432,
					"jitter_ms":	0.000380521850963054,
					"lost_packets":	31841,
					"packets":	1599598,
					"lost_percent":	1.9905626288605012,
					"omitted":	false,
					"sender":	false
				}],
			"sum":	{
				"start":	1,
				"end":	2,
				"seconds":	1,
				"bytes":	602018304,
				"bits_per_second":	4816146432,
				"jitter_ms":	0.000380521850963054,
				"lost_packets":	31841,
				"packets":	1599598,
				"lost_percent":	1.9905626288605012,
				"omitted":	false,
				"sender":	false
			}
		}, {
			"streams":	[{
					"socket":	5,
					"start":	2,
					"end":	3,
					"seconds":	1,
					"bytes":	601811712,
					"bits_per_second":	4814493696,
					"jitter_ms":	0.00070853233531550832,
					"lost_packets":	31995,
					"packets":	1599215,
					"lost_percent":	2.0006690782665246,
					"omitted":	false,
					"sender":	false
				}],
			"sum":	{
				"start":	2,
				"end":	3,
				"seconds":	1,
				"bytes":	601811712,
				"bits_per_second":	4814493696,
				"jitter_ms":	0.00070853233531550832,
				"lost_packets":	31995,
				"packets":	1599215,
				"lost_percent":	2.0006690782665246,
				"omitted":	false,
				"sender":	false
			}
		}, {
			"streams":	[{
					"socket":	5,
					"start":	3,
					"end":	4,
					"seconds":	1,
					"bytes":	601549056,
					"bits_per_second":	4812392448,
					"jitter_ms":	0.00058548036335608674,
					"lost_packets":	32006,
					"packets":	1598547,
					"lost_percent":	2.0021932417376531,
					"omitted":	false,
					"sender":	false
				}],
			"sum":	{
				"start":	3,
				"end":	4,
				"seconds":	1,
				"bytes":	601549056,
				"bits_per_second":	4812392448,
				"jitter_ms":	0.00058548036335608674,
				"lost_packets":	32006,
				"packets":	1598547,
				"lost_percent":	2.0021932417376531,
				"omitted":	false,
				"sender":	false
			}
		}, {
			"streams":	[{
					"socket":	5,
					"start":	4,
					"end":	5,
					"seconds":	1,
					"bytes":	600804864,
					"bits_per_second":	4806438912,
					"jitter_ms":	0.00056025565641878528,
					"lost_packets":	32842,
					"packets":	1597438,
					"lost_percent":	2.0559170371557456,
					"omitted":	false,
					"sender":	false
				}],
			"sum":	{
				"start":	4,
				"end":	5,
				"seconds":	1,
				"bytes":	600804864,
				"bits_per_second":	4806438912,
				"jitter_ms":	0.00056025565641878528,
				"lost_packets":	32842,
				"packets":	1597438,
				"lost_percent":	2.0559170371557456,
				"omitted":	false,
				"sender":	false
			}
		}, {
			"streams":	[{
					"socket":	5,
					"start":	5,
					"end":	5.000245,
					"seconds":	0.00024500000290572643,
					"bytes":	136320,
					"bits_per_second":	4451265253.3299627,
					"jitter_ms":	0.00032027149625660348,
					"lost_packets":	0,
					"packets":	355,
					"lost_percent":	0,
					"omitted":	false,
					"sender":	false
				}],
			"sum":	{
				"start":	5,
				"end":	5.000245,
				"seconds":	0.00024500000290572643,
				"bytes":	136320,
				"bits_per_second":	4451265253.3299627,
				"jitter_ms":	0.00032027149625660348,
				"lost_packets":	0,
				"packets":	355,
				"lost_percent":	0,
				"omitted":	false,
				"sender":	false
			}
		}],
	"end":	{
		"streams":	[{
				"udp":	{
					"socket":	5,
					"start":	0,
					"end":	5.000245,
					"seconds":	5.000245,
					"bytes":	0,
					"bits_per_second":	0,
					"jitter_ms":	0.00032027149625660348,
					"lost_packets":	165596,
					"packets":	7996038,
					"lost_percent":	0,
					"out_of_order":	0,
					"sender":	false
				}
			}],
		"sum":	{
			"start":	0,
			"end":	5.000245,
			"seconds":	5.000245,
			"bytes":	0,
			"bits_per_second":	0,
			"jitter_ms":	0.00032027149625660348,
			"lost_packets":	165596,
			"packets":	7996038,
			"lost_percent":	2.0709756506910049,
			"sender":	false
		},
		"sum_sent":	{
			"start":	0,
			"end":	5.000245,
			"seconds":	5.000245,
			"bytes":	0,
			"bits_per_second":	0,
			"jitter_ms":	0,
			"lost_packets":	0,
			"packets":	0,
			"lost_percent":	0,
			"sender":	true
		},
		"sum_received":	{
			"start":	0,
			"end":	5.000245,
			"seconds":	5.000245,
			"bytes":	3006889728,
			"bits_per_second":	4810787836.1960268,
			"jitter_ms":	0.00032027149625660348,
			"lost_packets":	165596,
			"packets":	7996038,
			"lost_percent":	2.0709756506910049,
			"sender":	false
		},
		"cpu_utilization_percent":	{
			"host_total":	199.9604156994393,
			"host_user":	27.931159601442808,
			"host_system":	172.02925609799649,
			"remote_total":	0,
			"remote_user":	0,
			"remote_system":	0
		}
	}
}
