{
	"start":	{
		"connected":	[{
				"socket":	5,
				"local_host":	"192.168.1.110",
				"local_port":	5201,
				"remote_host":	"192.168.1.100",
				"remote_port":	42043
			}],
		"version":	"iperf 3.16",
		"system_info":	"Linux design-lab 6.14.0-37-generic #37~24.04.1-Ubuntu SMP PREEMPT_DYNAMIC Thu Nov 20 10:25:38 UTC 2 x86_64",
		"target_bitrate":	8338530067,
		"timestamp":	{
			"time":	"Fri, 26 Jun 2026 02:35:52 GMT",
			"timesecs":	1782441352
		},
		"accepted_connection":	{
			"host":	"192.168.1.100",
			"port":	56664
		},
		"cookie":	"wn6qnhvbtlvvmm56wjxt5alkhsf3wnzwz25h",
		"target_bitrate":	8338530067,
		"fq_rate":	0,
		"sock_bufsize":	0,
		"sndbuf_actual":	134217728,
		"rcvbuf_actual":	134217728,
		"test_start":	{
			"protocol":	"UDP",
			"num_streams":	1,
			"blksize":	832,
			"omit":	2,
			"duration":	5,
			"bytes":	0,
			"blocks":	0,
			"reverse":	0,
			"tos":	0,
			"target_bitrate":	8338530067,
			"bidir":	0,
			"fqrate":	0
		}
	},
	"intervals":	[{
			"streams":	[{
					"socket":	5,
					"start":	0,
					"end":	1,
					"seconds":	1,
					"bytes":	1037798528,
					"bits_per_second":	8302388224,
					"jitter_ms":	0.00050821727836099717,
					"lost_packets":	0,
					"packets":	1247354,
					"lost_percent":	0,
					"omitted":	true,
					"sender":	false
				}],
			"sum":	{
				"start":	0,
				"end":	1,
				"seconds":	1,
				"bytes":	1037798528,
				"bits_per_second":	8302388224,
				"jitter_ms":	0.00050821727836099717,
				"lost_packets":	0,
				"packets":	1247354,
				"lost_percent":	0,
				"omitted":	true,
				"sender":	false
			}
		}, {
			"streams":	[{
					"socket":	5,
					"start":	1,
					"end":	2.000006,
					"seconds":	1.0000059604644775,
					"bytes":	1046725888,
					"bits_per_second":	8373757192.51771,
					"jitter_ms":	0.0010196809085227523,
					"lost_packets":	0,
					"packets":	1258087,
					"lost_percent":	0,
					"omitted":	true,
					"sender":	false
				}],
			"sum":	{
				"start":	1,
				"end":	2.000006,
				"seconds":	1.0000059604644775,
				"bytes":	1046725888,
				"bits_per_second":	8373757192.51771,
				"jitter_ms":	0.0010196809085227523,
				"lost_packets":	0,
				"packets":	1258087,
				"lost_percent":	0,
				"omitted":	true,
				"sender":	false
			}
		}, {
			"streams":	[{
					"socket":	5,
					"start":	9e-06,
					"end":	0.999991,
					"seconds":	1,
					"bytes":	1042257216,
					"bits_per_second":	8338057728,
					"jitter_ms":	0.00047336565915666312,
					"lost_packets":	0,
					"packets":	1252729,
					"lost_percent":	0,
					"omitted":	false,
					"sender":	false
				}],
			"sum":	{
				"start":	9e-06,
				"end":	0.999991,
				"seconds":	1,
				"bytes":	1042257216,
				"bits_per_second":	8338057728,
				"jitter_ms":	0.00047336565915666312,
				"lost_packets":	0,
				"packets":	1252729,
				"lost_percent":	0,
				"omitted":	false,
				"sender":	false
			}
		}, {
			"streams":	[{
					"socket":	5,
					"start":	0.999991,
					"end":	1.999991,
					"seconds":	1,
					"bytes":	1042332928,
					"bits_per_second":	8338663424,
					"jitter_ms":	0.0031586094753689943,
					"lost_packets":	0,
					"packets":	1252805,
					"lost_percent":	0,
					"omitted":	false,
					"sender":	false
				}],
			"sum":	{
				"start":	0.999991,
				"end":	1.999991,
				"seconds":	1,
				"bytes":	1042332928,
				"bits_per_second":	8338663424,
				"jitter_ms":	0.0031586094753689943,
				"lost_packets":	0,
				"packets":	1252805,
				"lost_percent":	0,
				"omitted":	false,
				"sender":	false
			}
		}, {
			"streams":	[{
					"socket":	5,
					"start":	1.999991,
					"end":	2.999996,
					"seconds":	1.0000050067901611,
					"bytes":	1042304640,
					"bits_per_second":	8338395371.4040947,
					"jitter_ms":	0.00101664655005328,
					"lost_packets":	0,
					"packets":	1252785,
					"lost_percent":	0,
					"omitted":	false,
					"sender":	false
				}],
			"sum":	{
				"start":	1.999991,
				"end":	2.999996,
				"seconds":	1.0000050067901611,
				"bytes":	1042304640,
				"bits_per_second":	8338395371.4040947,
				"jitter_ms":	0.00101664655005328,
				"lost_packets":	0,
				"packets":	1252785,
				"lost_percent":	0,
				"omitted":	false,
				"sender":	false
			}
		}, {
			"streams":	[{
					"socket":	5,
					"start":	2.999996,
					"end":	3.999991,
					"seconds":	0.999994993209839,
					"bytes":	1042326272,
					"bits_per_second":	8338651925.88042,
					"jitter_ms":	0.0004705281627562816,
					"lost_packets":	0,
					"packets":	1252797,
					"lost_percent":	0,
					"omitted":	false,
					"sender":	false
				}],
			"sum":	{
				"start":	2.999996,
				"end":	3.999991,
				"seconds":	0.999994993209839,
				"bytes":	1042326272,
				"bits_per_second":	8338651925.88042,
				"jitter_ms":	0.0004705281627562816,
				"lost_packets":	0,
				"packets":	1252797,
				"lost_percent":	0,
				"omitted":	false,
				"sender":	false
			}
		}, {
			"streams":	[{
					"socket":	5,
					"start":	3.999991,
					"end":	4.999991,
					"seconds":	1,
					"bytes":	1042317952,
					"bits_per_second":	8338543616,
					"jitter_ms":	0.00054224773644210547,
					"lost_packets":	0,
					"packets":	1252787,
					"lost_percent":	0,
					"omitted":	false,
					"sender":	false
				}],
			"sum":	{
				"start":	3.999991,
				"end":	4.999991,
				"seconds":	1,
				"bytes":	1042317952,
				"bits_per_second":	8338543616,
				"jitter_ms":	0.00054224773644210547,
				"lost_packets":	0,
				"packets":	1252787,
				"lost_percent":	0,
				"omitted":	false,
				"sender":	false
			}
		}, {
			"streams":	[{
					"socket":	5,
					"start":	4.999991,
					"end":	5.000178,
					"seconds":	0.00018699999782256782,
					"bytes":	77376,
					"bits_per_second":	3310203247.10023,
					"jitter_ms":	0.00055687259129522668,
					"lost_packets":	0,
					"packets":	93,
					"lost_percent":	0,
					"omitted":	false,
					"sender":	false
				}],
			"sum":	{
				"start":	4.999991,
				"end":	5.000178,
				"seconds":	0.00018699999782256782,
				"bytes":	77376,
				"bits_per_second":	3310203247.10023,
				"jitter_ms":	0.00055687259129522668,
				"lost_packets":	0,
				"packets":	93,
				"lost_percent":	0,
				"omitted":	false,
				"sender":	false
			}
		}],
	"end":	{
		"streams":	[{
				"udp":	{
					"socket":	5,
					"start":	0,
					"end":	5.000178,
					"seconds":	5.000178,
					"bytes":	0,
					"bits_per_second":	0,
					"jitter_ms":	0.00055687259129522668,
					"lost_packets":	0,
					"packets":	6263980,
					"lost_percent":	0,
					"out_of_order":	0,
					"sender":	false
				}
			}],
		"sum":	{
			"start":	0,
			"end":	5.000178,
			"seconds":	5.000178,
			"bytes":	0,
			"bits_per_second":	0,
			"jitter_ms":	0.00055687259129522668,
			"lost_packets":	0,
			"packets":	6263980,
			"lost_percent":	0,
			"sender":	false
		},
		"sum_sent":	{
			"start":	0,
			"end":	5.000178,
			"seconds":	5.000178,
			"bytes":	0,
			"bits_per_second":	0,
			"jitter_ms":	0,
			"lost_packets":	0,
			"packets":	0,
			"lost_percent":	0,
			"sender":	true
		},
		"sum_received":	{
			"start":	0,
			"end":	5.000178,
			"seconds":	5.000178,
			"bytes":	5211631360,
			"bits_per_second":	8338313332.04538,
			"jitter_ms":	0.00055687259129522668,
			"lost_packets":	0,
			"packets":	6263980,
			"lost_percent":	0,
			"sender":	false
		},
		"cpu_utilization_percent":	{
			"host_total":	161.796114653312,
			"host_user":	22.301508857105347,
			"host_system":	139.49459151089846,
			"remote_total":	0,
			"remote_user":	0,
			"remote_system":	0
		}
	}
}
