{
	"start":	{
		"connected":	[{
				"socket":	5,
				"local_host":	"192.168.1.110",
				"local_port":	5201,
				"remote_host":	"192.168.1.100",
				"remote_port":	58865
			}],
		"version":	"iperf 3.16",
		"system_info":	"Linux design-lab 6.14.0-37-generic #37~24.04.1-Ubuntu SMP PREEMPT_DYNAMIC Thu Nov 20 10:25:38 UTC 2 x86_64",
		"target_bitrate":	8536661466,
		"timestamp":	{
			"time":	"Fri, 26 Jun 2026 02:37:33 GMT",
			"timesecs":	1782441453
		},
		"accepted_connection":	{
			"host":	"192.168.1.100",
			"port":	40422
		},
		"cookie":	"uhnfahl7nd2tfhs2xmdehubsfe6bntordpxk",
		"target_bitrate":	8536661466,
		"fq_rate":	0,
		"sock_bufsize":	0,
		"sndbuf_actual":	134217728,
		"rcvbuf_actual":	134217728,
		"test_start":	{
			"protocol":	"UDP",
			"num_streams":	1,
			"blksize":	1216,
			"omit":	2,
			"duration":	5,
			"bytes":	0,
			"blocks":	0,
			"reverse":	0,
			"tos":	0,
			"target_bitrate":	8536661466,
			"bidir":	0,
			"fqrate":	0
		}
	},
	"intervals":	[{
			"streams":	[{
					"socket":	5,
					"start":	0,
					"end":	1.000001,
					"seconds":	1.0000009536743164,
					"bytes":	1066908672,
					"bits_per_second":	8535261236.1405754,
					"jitter_ms":	0.00088682326527672953,
					"lost_packets":	0,
					"packets":	877392,
					"lost_percent":	0,
					"omitted":	true,
					"sender":	false
				}],
			"sum":	{
				"start":	0,
				"end":	1.000001,
				"seconds":	1.0000009536743164,
				"bytes":	1066908672,
				"bits_per_second":	8535261236.1405754,
				"jitter_ms":	0.00088682326527672953,
				"lost_packets":	0,
				"packets":	877392,
				"lost_percent":	0,
				"omitted":	true,
				"sender":	false
			}
		}, {
			"streams":	[{
					"socket":	5,
					"start":	1,
					"end":	1.000003,
					"seconds":	2.0000030994415283,
					"bytes":	1067114176,
					"bits_per_second":	4268450089.0942659,
					"jitter_ms":	0.001618419877425166,
					"lost_packets":	0,
					"packets":	1755072,
					"lost_percent":	0,
					"omitted":	false,
					"sender":	false
				}],
			"sum":	{
				"start":	1,
				"end":	1.000003,
				"seconds":	2.0000030994415283,
				"bytes":	1067114176,
				"bits_per_second":	4268450089.0942659,
				"jitter_ms":	0.001618419877425166,
				"lost_packets":	0,
				"packets":	1755072,
				"lost_percent":	0,
				"omitted":	false,
				"sender":	false
			}
		}, {
			"streams":	[{
					"socket":	5,
					"start":	1.000003,
					"end":	2,
					"seconds":	0.99999701976776123,
					"bytes":	1067048512,
					"bits_per_second":	8536413536.4948254,
					"jitter_ms":	0.00158602472894068,
					"lost_packets":	0,
					"packets":	877508,
					"lost_percent":	0,
					"omitted":	false,
					"sender":	false
				}],
			"sum":	{
				"start":	1.000003,
				"end":	2,
				"seconds":	0.99999701976776123,
				"bytes":	1067048512,
				"bits_per_second":	8536413536.4948254,
				"jitter_ms":	0.00158602472894068,
				"lost_packets":	0,
				"packets":	877508,
				"lost_percent":	0,
				"omitted":	false,
				"sender":	false
			}
		}, {
			"streams":	[{
					"socket":	5,
					"start":	2,
					"end":	3,
					"seconds":	1,
					"bytes":	1067120256,
					"bits_per_second":	8536962048,
					"jitter_ms":	0.00053701170407940578,
					"lost_packets":	0,
					"packets":	877567,
					"lost_percent":	0,
					"omitted":	false,
					"sender":	false
				}],
			"sum":	{
				"start":	2,
				"end":	3,
				"seconds":	1,
				"bytes":	1067120256,
				"bits_per_second":	8536962048,
				"jitter_ms":	0.00053701170407940578,
				"lost_packets":	0,
				"packets":	877567,
				"lost_percent":	0,
				"omitted":	false,
				"sender":	false
			}
		}, {
			"streams":	[{
					"socket":	5,
					"start":	3,
					"end":	4.000005,
					"seconds":	1.0000050067901611,
					"bytes":	1067050944,
					"bits_per_second":	8536364812.2126465,
					"jitter_ms":	0.0036277068763868607,
					"lost_packets":	0,
					"packets":	877511,
					"lost_percent":	0,
					"omitted":	false,
					"sender":	false
				}],
			"sum":	{
				"start":	3,
				"end":	4.000005,
				"seconds":	1.0000050067901611,
				"bytes":	1067050944,
				"bits_per_second":	8536364812.2126465,
				"jitter_ms":	0.0036277068763868607,
				"lost_packets":	0,
				"packets":	877511,
				"lost_percent":	0,
				"omitted":	false,
				"sender":	false
			}
		}, {
			"streams":	[{
					"socket":	5,
					"start":	4.000005,
					"end":	5,
					"seconds":	0.999994993209839,
					"bytes":	1067120256,
					"bits_per_second":	8537004790.9915934,
					"jitter_ms":	0.000693306831910576,
					"lost_packets":	0,
					"packets":	877567,
					"lost_percent":	0,
					"omitted":	false,
					"sender":	false
				}],
			"sum":	{
				"start":	4.000005,
				"end":	5,
				"seconds":	0.999994993209839,
				"bytes":	1067120256,
				"bits_per_second":	8537004790.9915934,
				"jitter_ms":	0.000693306831910576,
				"lost_packets":	0,
				"packets":	877567,
				"lost_percent":	0,
				"omitted":	false,
				"sender":	false
			}
		}, {
			"streams":	[{
					"socket":	5,
					"start":	5,
					"end":	5.000193,
					"seconds":	0.00019299999985378236,
					"bytes":	124032,
					"bits_per_second":	5141222801.8224745,
					"jitter_ms":	0.0013114129594711,
					"lost_packets":	0,
					"packets":	102,
					"lost_percent":	0,
					"omitted":	false,
					"sender":	false
				}],
			"sum":	{
				"start":	5,
				"end":	5.000193,
				"seconds":	0.00019299999985378236,
				"bytes":	124032,
				"bits_per_second":	5141222801.8224745,
				"jitter_ms":	0.0013114129594711,
				"lost_packets":	0,
				"packets":	102,
				"lost_percent":	0,
				"omitted":	false,
				"sender":	false
			}
		}],
	"end":	{
		"streams":	[{
				"udp":	{
					"socket":	5,
					"start":	0,
					"end":	5.000193,
					"seconds":	5.000193,
					"bytes":	0,
					"bits_per_second":	0,
					"jitter_ms":	0.0013114129594711,
					"lost_packets":	0,
					"packets":	4387816,
					"lost_percent":	0,
					"out_of_order":	0,
					"sender":	false
				}
			}],
		"sum":	{
			"start":	0,
			"end":	5.000193,
			"seconds":	5.000193,
			"bytes":	0,
			"bits_per_second":	0,
			"jitter_ms":	0.0013114129594711,
			"lost_packets":	0,
			"packets":	4387816,
			"lost_percent":	0,
			"sender":	false
		},
		"sum_sent":	{
			"start":	0,
			"end":	5.000193,
			"seconds":	5.000193,
			"bytes":	0,
			"bits_per_second":	0,
			"jitter_ms":	0,
			"lost_packets":	0,
			"packets":	0,
			"lost_percent":	0,
			"sender":	true
		},
		"sum_received":	{
			"start":	0,
			"end":	5.000193,
			"seconds":	5.000193,
			"bytes":	5335584256,
			"bits_per_second":	8536605296.63555,
			"jitter_ms":	0.0013114129594711,
			"lost_packets":	0,
			"packets":	4387816,
			"lost_percent":	0,
			"sender":	false
		},
		"cpu_utilization_percent":	{
			"host_total":	132.18124276985151,
			"host_user":	18.481166686332763,
			"host_system":	113.70007608351872,
			"remote_total":	0,
			"remote_user":	0,
			"remote_system":	0
		}
	}
}
