{
	"start":	{
		"connected":	[{
				"socket":	5,
				"local_host":	"192.168.1.100",
				"local_port":	37047,
				"remote_host":	"192.168.1.110",
				"remote_port":	5201
			}],
		"version":	"iperf 3.16",
		"system_info":	"Linux design-lab 6.14.0-37-generic #37~24.04.1-Ubuntu SMP PREEMPT_DYNAMIC Thu Nov 20 10:25:38 UTC 2 x86_64",
		"timestamp":	{
			"time":	"Fri, 26 Jun 2026 02:37:16 GMT",
			"timesecs":	1782441436
		},
		"connecting_to":	{
			"host":	"192.168.1.110",
			"port":	5201
		},
		"cookie":	"k4cvs5nbfhoyqaarxo2n5jfcgsvhtrii6ofe",
		"target_bitrate":	8512315271,
		"fq_rate":	0,
		"sock_bufsize":	0,
		"sndbuf_actual":	134217728,
		"rcvbuf_actual":	134217728,
		"test_start":	{
			"protocol":	"UDP",
			"num_streams":	1,
			"blksize":	1152,
			"omit":	2,
			"duration":	5,
			"bytes":	0,
			"blocks":	0,
			"reverse":	0,
			"tos":	0,
			"target_bitrate":	8512315271,
			"bidir":	0,
			"fqrate":	0
		}
	},
	"intervals":	[{
			"streams":	[{
					"socket":	5,
					"start":	0,
					"end":	1.000053,
					"seconds":	1.00005304813385,
					"bytes":	1064089728,
					"bits_per_second":	8512266264.15985,
					"packets":	923690,
					"omitted":	true,
					"sender":	true
				}],
			"sum":	{
				"start":	0,
				"end":	1.000053,
				"seconds":	1.00005304813385,
				"bytes":	1064089728,
				"bits_per_second":	8512266264.15985,
				"packets":	923690,
				"omitted":	true,
				"sender":	true
			}
		}, {
			"streams":	[{
					"socket":	5,
					"start":	1,
					"end":	1,
					"seconds":	2,
					"bytes":	1064095488,
					"bits_per_second":	4256381952,
					"packets":	1847283,
					"omitted":	false,
					"sender":	true
				}],
			"sum":	{
				"start":	1,
				"end":	1,
				"seconds":	2,
				"bytes":	1064095488,
				"bits_per_second":	4256381952,
				"packets":	1847283,
				"omitted":	false,
				"sender":	true
			}
		}, {
			"streams":	[{
					"socket":	5,
					"start":	1,
					"end":	2.000023,
					"seconds":	1.0000230073928833,
					"bytes":	1064006784,
					"bits_per_second":	8511858436.32879,
					"packets":	923617,
					"omitted":	false,
					"sender":	true
				}],
			"sum":	{
				"start":	1,
				"end":	2.000023,
				"seconds":	1.0000230073928833,
				"bytes":	1064006784,
				"bits_per_second":	8511858436.32879,
				"packets":	923617,
				"omitted":	false,
				"sender":	true
			}
		}, {
			"streams":	[{
					"socket":	5,
					"start":	2.000023,
					"end":	3.000033,
					"seconds":	1.0000100135803223,
					"bytes":	1064082816,
					"bits_per_second":	8512577286.62359,
					"packets":	923687,
					"omitted":	false,
					"sender":	true
				}],
			"sum":	{
				"start":	2.000023,
				"end":	3.000033,
				"seconds":	1.0000100135803223,
				"bytes":	1064082816,
				"bits_per_second":	8512577286.62359,
				"packets":	923687,
				"omitted":	false,
				"sender":	true
			}
		}, {
			"streams":	[{
					"socket":	5,
					"start":	3.000033,
					"end":	4.000033,
					"seconds":	1,
					"bytes":	1064001024,
					"bits_per_second":	8512008192,
					"packets":	923612,
					"omitted":	false,
					"sender":	true
				}],
			"sum":	{
				"start":	3.000033,
				"end":	4.000033,
				"seconds":	1,
				"bytes":	1064001024,
				"bits_per_second":	8512008192,
				"packets":	923612,
				"omitted":	false,
				"sender":	true
			}
		}, {
			"streams":	[{
					"socket":	5,
					"start":	4.000033,
					"end":	5.000086,
					"seconds":	1.00005304813385,
					"bytes":	1063988352,
					"bits_per_second":	8511455299.18003,
					"packets":	923600,
					"omitted":	false,
					"sender":	true
				}],
			"sum":	{
				"start":	4.000033,
				"end":	5.000086,
				"seconds":	1.00005304813385,
				"bytes":	1063988352,
				"bits_per_second":	8511455299.18003,
				"packets":	923600,
				"omitted":	false,
				"sender":	true
			}
		}],
	"end":	{
		"streams":	[{
				"udp":	{
					"socket":	5,
					"start":	0,
					"end":	5.000086,
					"seconds":	5.000086,
					"bytes":	5320179072,
					"bits_per_second":	8512140106.39017,
					"jitter_ms":	0.000764329182343038,
					"lost_packets":	0,
					"packets":	4618211,
					"lost_percent":	0,
					"out_of_order":	0,
					"sender":	true
				}
			}],
		"sum":	{
			"start":	0,
			"end":	5.000186,
			"seconds":	5.000186,
			"bytes":	5320179072,
			"bits_per_second":	8512140106.39017,
			"jitter_ms":	0.000764329182343038,
			"lost_packets":	0,
			"packets":	4618211,
			"lost_percent":	0,
			"sender":	true
		},
		"sum_sent":	{
			"start":	0,
			"end":	5.000086,
			"seconds":	5.000086,
			"bytes":	5320179072,
			"bits_per_second":	8512140106.39017,
			"jitter_ms":	0,
			"lost_packets":	0,
			"packets":	4618211,
			"lost_percent":	0,
			"sender":	true
		},
		"sum_received":	{
			"start":	0,
			"end":	5.000186,
			"seconds":	5.000186,
			"bytes":	5320308096,
			"bits_per_second":	8512176300.6416159,
			"jitter_ms":	0.000764329182343038,
			"lost_packets":	0,
			"packets":	4618324,
			"lost_percent":	0,
			"sender":	false
		},
		"cpu_utilization_percent":	{
			"host_total":	101.22440228001605,
			"host_user":	35.6768403067391,
			"host_system":	65.5475476885361,
			"remote_total":	119.71137466167121,
			"remote_user":	16.434604812965084,
			"remote_system":	103.27675556343468
		}
	}
}
