{
	"start":	{
		"connected":	[{
				"socket":	5,
				"local_host":	"192.168.1.100",
				"local_port":	60377,
				"remote_host":	"192.168.1.110",
				"remote_port":	5201
			}],
		"version":	"iperf 3.16",
		"system_info":	"Linux design-lab 6.14.0-37-generic #37~24.04.1-Ubuntu SMP PREEMPT_DYNAMIC Thu Nov 20 10:25:38 UTC 2 x86_64",
		"timestamp":	{
			"time":	"Fri, 26 Jun 2026 02:36:25 GMT",
			"timesecs":	1782441385
		},
		"connecting_to":	{
			"host":	"192.168.1.110",
			"port":	5201
		},
		"cookie":	"mv7f6ana62h5bcqtc67wcvzu64adxcwmvlma",
		"target_bitrate":	8421052632,
		"fq_rate":	0,
		"sock_bufsize":	0,
		"sndbuf_actual":	134217728,
		"rcvbuf_actual":	134217728,
		"test_start":	{
			"protocol":	"UDP",
			"num_streams":	1,
			"blksize":	960,
			"omit":	2,
			"duration":	5,
			"bytes":	0,
			"blocks":	0,
			"reverse":	0,
			"tos":	0,
			"target_bitrate":	8421052632,
			"bidir":	0,
			"fqrate":	0
		}
	},
	"intervals":	[{
			"streams":	[{
					"socket":	5,
					"start":	0,
					"end":	1.000052,
					"seconds":	1.0000519752502441,
					"bytes":	1052662080,
					"bits_per_second":	8420858963.74809,
					"packets":	1096524,
					"omitted":	true,
					"sender":	true
				}],
			"sum":	{
				"start":	0,
				"end":	1.000052,
				"seconds":	1.0000519752502441,
				"bytes":	1052662080,
				"bits_per_second":	8420858963.74809,
				"packets":	1096524,
				"omitted":	true,
				"sender":	true
			}
		}, {
			"streams":	[{
					"socket":	5,
					"start":	1.000001,
					"end":	0.999999,
					"seconds":	2,
					"bytes":	1052604480,
					"bits_per_second":	4210417920,
					"packets":	2192904,
					"omitted":	false,
					"sender":	true
				}],
			"sum":	{
				"start":	1.000001,
				"end":	0.999999,
				"seconds":	2,
				"bytes":	1052604480,
				"bits_per_second":	4210417920,
				"packets":	2192904,
				"omitted":	false,
				"sender":	true
			}
		}, {
			"streams":	[{
					"socket":	5,
					"start":	0.999999,
					"end":	2,
					"seconds":	1.0000009536743164,
					"bytes":	1052713920,
					"bits_per_second":	8421703328.4378357,
					"packets":	1096577,
					"omitted":	false,
					"sender":	true
				}],
			"sum":	{
				"start":	0.999999,
				"end":	2,
				"seconds":	1.0000009536743164,
				"bytes":	1052713920,
				"bits_per_second":	8421703328.4378357,
				"packets":	1096577,
				"omitted":	false,
				"sender":	true
			}
		}, {
			"streams":	[{
					"socket":	5,
					"start":	2,
					"end":	3,
					"seconds":	1,
					"bytes":	1052569920,
					"bits_per_second":	8420559360,
					"packets":	1096432,
					"omitted":	false,
					"sender":	true
				}],
			"sum":	{
				"start":	2,
				"end":	3,
				"seconds":	1,
				"bytes":	1052569920,
				"bits_per_second":	8420559360,
				"packets":	1096432,
				"omitted":	false,
				"sender":	true
			}
		}, {
			"streams":	[{
					"socket":	5,
					"start":	3,
					"end":	4,
					"seconds":	1,
					"bytes":	1052642880,
					"bits_per_second":	8421143040,
					"packets":	1096504,
					"omitted":	false,
					"sender":	true
				}],
			"sum":	{
				"start":	3,
				"end":	4,
				"seconds":	1,
				"bytes":	1052642880,
				"bits_per_second":	8421143040,
				"packets":	1096504,
				"omitted":	false,
				"sender":	true
			}
		}, {
			"streams":	[{
					"socket":	5,
					"start":	4,
					"end":	5.000114,
					"seconds":	1.0001139640808105,
					"bytes":	1052657280,
					"bits_per_second":	8420298628.4066629,
					"packets":	1096517,
					"omitted":	false,
					"sender":	true
				}],
			"sum":	{
				"start":	4,
				"end":	5.000114,
				"seconds":	1.0001139640808105,
				"bytes":	1052657280,
				"bits_per_second":	8420298628.4066629,
				"packets":	1096517,
				"omitted":	false,
				"sender":	true
			}
		}],
	"end":	{
		"streams":	[{
				"udp":	{
					"socket":	5,
					"start":	0,
					"end":	5.000114,
					"seconds":	5.000114,
					"bytes":	5263194240,
					"bits_per_second":	8420918787.0516558,
					"jitter_ms":	0.00059434973010367845,
					"lost_packets":	0,
					"packets":	5482494,
					"lost_percent":	0,
					"out_of_order":	0,
					"sender":	true
				}
			}],
		"sum":	{
			"start":	0,
			"end":	5.000247,
			"seconds":	5.000247,
			"bytes":	5263194240,
			"bits_per_second":	8420918787.0516558,
			"jitter_ms":	0.00059434973010367845,
			"lost_packets":	0,
			"packets":	5482494,
			"lost_percent":	0,
			"sender":	true
		},
		"sum_sent":	{
			"start":	0,
			"end":	5.000114,
			"seconds":	5.000114,
			"bytes":	5263194240,
			"bits_per_second":	8420918787.0516558,
			"jitter_ms":	0,
			"lost_packets":	0,
			"packets":	5482494,
			"lost_percent":	0,
			"sender":	true
		},
		"sum_received":	{
			"start":	0,
			"end":	5.000247,
			"seconds":	5.000247,
			"bytes":	5263303680,
			"bits_per_second":	8420869897.0270872,
			"jitter_ms":	0.00059434973010367845,
			"lost_packets":	0,
			"packets":	5482608,
			"lost_percent":	0,
			"sender":	false
		},
		"cpu_utilization_percent":	{
			"host_total":	101.43112328164428,
			"host_user":	20.4186977672357,
			"host_system":	81.01241122974524,
			"remote_total":	142.81293426983243,
			"remote_user":	19.393547893105623,
			"remote_system":	123.41937209153492
		}
	}
}
