{
	"start":	{
		"connected":	[{
				"socket":	5,
				"local_host":	"192.168.1.100",
				"local_port":	35962,
				"remote_host":	"192.168.1.110",
				"remote_port":	5201
			}],
		"version":	"iperf 3.16",
		"system_info":	"Linux design-lab 6.14.0-37-generic #37~24.04.1-Ubuntu SMP PREEMPT_DYNAMIC Thu Nov 20 10:25:38 UTC 2 x86_64",
		"timestamp":	{
			"time":	"Fri, 26 Jun 2026 02:35:01 GMT",
			"timesecs":	1782441301
		},
		"connecting_to":	{
			"host":	"192.168.1.110",
			"port":	5201
		},
		"cookie":	"n2y3r27mnhrltdo6uvbpxearnlsemktsmwm4",
		"target_bitrate":	8158640227,
		"fq_rate":	0,
		"sock_bufsize":	0,
		"sndbuf_actual":	134217728,
		"rcvbuf_actual":	134217728,
		"test_start":	{
			"protocol":	"UDP",
			"num_streams":	1,
			"blksize":	640,
			"omit":	2,
			"duration":	5,
			"bytes":	0,
			"blocks":	0,
			"reverse":	0,
			"tos":	0,
			"target_bitrate":	8158640227,
			"bidir":	0,
			"fqrate":	0
		}
	},
	"intervals":	[{
			"streams":	[{
					"socket":	5,
					"start":	0,
					"end":	1.000053,
					"seconds":	1.00005304813385,
					"bytes":	1019854080,
					"bits_per_second":	8158399852.1126423,
					"packets":	1593523,
					"omitted":	true,
					"sender":	true
				}],
			"sum":	{
				"start":	0,
				"end":	1.000053,
				"seconds":	1.00005304813385,
				"bytes":	1019854080,
				"bits_per_second":	8158399852.1126423,
				"packets":	1593523,
				"omitted":	true,
				"sender":	true
			}
		}, {
			"streams":	[{
					"socket":	5,
					"start":	1,
					"end":	1.000052,
					"seconds":	2.0000519752502441,
					"bytes":	1019950720,
					"bits_per_second":	4079696858.3674331,
					"packets":	3187082,
					"omitted":	false,
					"sender":	true
				}],
			"sum":	{
				"start":	1,
				"end":	1.000052,
				"seconds":	2.0000519752502441,
				"bytes":	1019950720,
				"bits_per_second":	4079696858.3674331,
				"packets":	3187082,
				"omitted":	false,
				"sender":	true
			}
		}, {
			"streams":	[{
					"socket":	5,
					"start":	1.000052,
					"end":	2.000001,
					"seconds":	0.99994897842407227,
					"bytes":	1019754240,
					"bits_per_second":	8158450176.985158,
					"packets":	1593367,
					"omitted":	false,
					"sender":	true
				}],
			"sum":	{
				"start":	1.000052,
				"end":	2.000001,
				"seconds":	0.99994897842407227,
				"bytes":	1019754240,
				"bits_per_second":	8158450176.985158,
				"packets":	1593367,
				"omitted":	false,
				"sender":	true
			}
		}, {
			"streams":	[{
					"socket":	5,
					"start":	2.000001,
					"end":	3.000052,
					"seconds":	1.0000510215759277,
					"bytes":	1019898880,
					"bits_per_second":	8158774766.4537764,
					"packets":	1593600,
					"omitted":	false,
					"sender":	true
				}],
			"sum":	{
				"start":	2.000001,
				"end":	3.000052,
				"seconds":	1.0000510215759277,
				"bytes":	1019898880,
				"bits_per_second":	8158774766.4537764,
				"packets":	1593600,
				"omitted":	false,
				"sender":	true
			}
		}, {
			"streams":	[{
					"socket":	5,
					"start":	3.000052,
					"end":	4,
					"seconds":	0.999948024749756,
					"bytes":	1019734400,
					"bits_per_second":	8158299229.6440277,
					"packets":	1593336,
					"omitted":	false,
					"sender":	true
				}],
			"sum":	{
				"start":	3.000052,
				"end":	4,
				"seconds":	0.999948024749756,
				"bytes":	1019734400,
				"bits_per_second":	8158299229.6440277,
				"packets":	1593336,
				"omitted":	false,
				"sender":	true
			}
		}, {
			"streams":	[{
					"socket":	5,
					"start":	4,
					"end":	5.000131,
					"seconds":	1.0001310110092163,
					"bytes":	1019836160,
					"bits_per_second":	8157620541.9000015,
					"packets":	1593495,
					"omitted":	false,
					"sender":	true
				}],
			"sum":	{
				"start":	4,
				"end":	5.000131,
				"seconds":	1.0001310110092163,
				"bytes":	1019836160,
				"bits_per_second":	8157620541.9000015,
				"packets":	1593495,
				"omitted":	false,
				"sender":	true
			}
		}],
	"end":	{
		"streams":	[{
				"udp":	{
					"socket":	5,
					"start":	0,
					"end":	5.000131,
					"seconds":	5.000131,
					"bytes":	5099182080,
					"bits_per_second":	8158477575.8875122,
					"jitter_ms":	0.00063092155423608953,
					"lost_packets":	1292624,
					"packets":	7967471,
					"lost_percent":	16.223767868122771,
					"out_of_order":	0,
					"sender":	true
				}
			}],
		"sum":	{
			"start":	0,
			"end":	5.000229,
			"seconds":	5.000229,
			"bytes":	5099182080,
			"bits_per_second":	8158477575.8875122,
			"jitter_ms":	0.00063092155423608953,
			"lost_packets":	1292624,
			"packets":	7967471,
			"lost_percent":	16.223767868122771,
			"sender":	true
		},
		"sum_sent":	{
			"start":	0,
			"end":	5.000131,
			"seconds":	5.000131,
			"bytes":	5099182080,
			"bits_per_second":	8158477575.8875122,
			"jitter_ms":	0,
			"lost_packets":	0,
			"packets":	7967471,
			"lost_percent":	0,
			"sender":	true
		},
		"sum_received":	{
			"start":	0,
			"end":	5.000229,
			"seconds":	5.000229,
			"bytes":	4271488640,
			"bits_per_second":	6834068823.6478767,
			"jitter_ms":	0.00063092155423608953,
			"lost_packets":	1292624,
			"packets":	7966825,
			"lost_percent":	16.223767868122771,
			"sender":	false
		},
		"cpu_utilization_percent":	{
			"host_total":	101.43929102510809,
			"host_user":	11.066133564173,
			"host_system":	90.3729431914441,
			"remote_total":	199.96482983253031,
			"remote_user":	27.341991022893318,
			"remote_system":	172.622838809637
		}
	}
}
