{
	"start":	{
		"connected":	[{
				"socket":	5,
				"local_host":	"192.168.1.100",
				"local_port":	55385,
				"remote_host":	"192.168.1.110",
				"remote_port":	5201
			}],
		"version":	"iperf 3.16",
		"system_info":	"Linux design-lab 6.14.0-37-generic #37~24.04.1-Ubuntu SMP PREEMPT_DYNAMIC Thu Nov 20 10:25:38 UTC 2 x86_64",
		"timestamp":	{
			"time":	"Fri, 26 Jun 2026 02:34:11 GMT",
			"timesecs":	1782441251
		},
		"connecting_to":	{
			"host":	"192.168.1.110",
			"port":	5201
		},
		"cookie":	"3njnnn5ngzyhinde3dlutsybkdimhj6fzz34",
		"target_bitrate":	7844357977,
		"fq_rate":	0,
		"sock_bufsize":	0,
		"sndbuf_actual":	134217728,
		"rcvbuf_actual":	134217728,
		"test_start":	{
			"protocol":	"UDP",
			"num_streams":	1,
			"blksize":	448,
			"omit":	2,
			"duration":	5,
			"bytes":	0,
			"blocks":	0,
			"reverse":	0,
			"tos":	0,
			"target_bitrate":	7844357977,
			"bidir":	0,
			"fqrate":	0
		}
	},
	"intervals":	[{
			"streams":	[{
					"socket":	5,
					"start":	0,
					"end":	1.000053,
					"seconds":	1.00005304813385,
					"bytes":	698859840,
					"bits_per_second":	5590582150.0498037,
					"packets":	1559956,
					"omitted":	true,
					"sender":	true
				}],
			"sum":	{
				"start":	0,
				"end":	1.000053,
				"seconds":	1.00005304813385,
				"bytes":	698859840,
				"bits_per_second":	5590582150.0498037,
				"packets":	1559956,
				"omitted":	true,
				"sender":	true
			}
		}, {
			"streams":	[{
					"socket":	5,
					"start":	1,
					"end":	1.000001,
					"seconds":	2.0000009536743164,
					"bytes":	700266112,
					"bits_per_second":	2801063112.3490257,
					"packets":	3127113,
					"omitted":	false,
					"sender":	true
				}],
			"sum":	{
				"start":	1,
				"end":	1.000001,
				"seconds":	2.0000009536743164,
				"bytes":	700266112,
				"bits_per_second":	2801063112.3490257,
				"packets":	3127113,
				"omitted":	false,
				"sender":	true
			}
		}, {
			"streams":	[{
					"socket":	5,
					"start":	1.000001,
					"end":	2,
					"seconds":	0.99999898672103882,
					"bytes":	700324352,
					"bits_per_second":	5602600492.9972076,
					"packets":	1563226,
					"omitted":	false,
					"sender":	true
				}],
			"sum":	{
				"start":	1.000001,
				"end":	2,
				"seconds":	0.99999898672103882,
				"bytes":	700324352,
				"bits_per_second":	5602600492.9972076,
				"packets":	1563226,
				"omitted":	false,
				"sender":	true
			}
		}, {
			"streams":	[{
					"socket":	5,
					"start":	2,
					"end":	3.000001,
					"seconds":	1.0000009536743164,
					"bytes":	700036736,
					"bits_per_second":	5600288547.1486483,
					"packets":	1562594,
					"omitted":	false,
					"sender":	true
				}],
			"sum":	{
				"start":	2,
				"end":	3.000001,
				"seconds":	1.0000009536743164,
				"bytes":	700036736,
				"bits_per_second":	5600288547.1486483,
				"packets":	1562594,
				"omitted":	false,
				"sender":	true
			}
		}, {
			"streams":	[{
					"socket":	5,
					"start":	3.000001,
					"end":	4.000001,
					"seconds":	1,
					"bytes":	699952960,
					"bits_per_second":	5599623680,
					"packets":	1562397,
					"omitted":	false,
					"sender":	true
				}],
			"sum":	{
				"start":	3.000001,
				"end":	4.000001,
				"seconds":	1,
				"bytes":	699952960,
				"bits_per_second":	5599623680,
				"packets":	1562397,
				"omitted":	false,
				"sender":	true
			}
		}, {
			"streams":	[{
					"socket":	5,
					"start":	4.000001,
					"end":	5.00014,
					"seconds":	1.0001389980316162,
					"bytes":	699923392,
					"bits_per_second":	5598608940.3775,
					"packets":	1562331,
					"omitted":	false,
					"sender":	true
				}],
			"sum":	{
				"start":	4.000001,
				"end":	5.00014,
				"seconds":	1.0001389980316162,
				"bytes":	699923392,
				"bits_per_second":	5598608940.3775,
				"packets":	1562331,
				"omitted":	false,
				"sender":	true
			}
		}],
	"end":	{
		"streams":	[{
				"udp":	{
					"socket":	5,
					"start":	0,
					"end":	5.00014,
					"seconds":	5.00014,
					"bytes":	3500512064,
					"bits_per_second":	5600662483.8504524,
					"jitter_ms":	0.00032282149921487174,
					"lost_packets":	12608,
					"packets":	7813642,
					"lost_percent":	0.1613588132141196,
					"out_of_order":	0,
					"sender":	true
				}
			}],
		"sum":	{
			"start":	0,
			"end":	5.000272,
			"seconds":	5.000272,
			"bytes":	3500512064,
			"bits_per_second":	5600662483.8504524,
			"jitter_ms":	0.00032282149921487174,
			"lost_packets":	12608,
			"packets":	7813642,
			"lost_percent":	0.1613588132141196,
			"sender":	true
		},
		"sum_sent":	{
			"start":	0,
			"end":	5.00014,
			"seconds":	5.00014,
			"bytes":	3500512064,
			"bits_per_second":	5600662483.8504524,
			"jitter_ms":	0,
			"lost_packets":	0,
			"packets":	7813642,
			"lost_percent":	0,
			"sender":	true
		},
		"sum_received":	{
			"start":	0,
			"end":	5.000272,
			"seconds":	5.000272,
			"bytes":	3475489472,
			"bits_per_second":	5560480665.0518217,
			"jitter_ms":	0.00032282149921487174,
			"lost_packets":	12608,
			"packets":	7770397,
			"lost_percent":	0.1613588132141196,
			"sender":	false
		},
		"cpu_utilization_percent":	{
			"host_total":	101.43394877729955,
			"host_user":	13.330321180013682,
			"host_system":	88.103627597285865,
			"remote_total":	198.902386918468,
			"remote_user":	27.017701146568257,
			"remote_system":	171.88467148675889
		}
	}
}
