{
	"start":	{
		"connected":	[{
				"socket":	5,
				"local_host":	"192.168.1.110",
				"local_port":	5201,
				"remote_host":	"192.168.1.100",
				"remote_port":	37047
			}],
		"version":	"iperf 3.16",
		"system_info":	"Linux design-lab 6.14.0-37-generic #37~24.04.1-Ubuntu SMP PREEMPT_DYNAMIC Thu Nov 20 10:25:38 UTC 2 x86_64",
		"target_bitrate":	8512315271,
		"timestamp":	{
			"time":	"Fri, 26 Jun 2026 02:37:16 GMT",
			"timesecs":	1782441436
		},
		"accepted_connection":	{
			"host":	"192.168.1.100",
			"port":	41804
		},
		"cookie":	"k4cvs5nbfhoyqaarxo2n5jfcgsvhtrii6ofe",
		"target_bitrate":	8512315271,
		"fq_rate":	0,
		"sock_bufsize":	0,
		"sndbuf_actual":	134217728,
		"rcvbuf_actual":	134217728,
		"test_start":	{
			"protocol":	"UDP",
			"num_streams":	1,
			"blksize":	1152,
			"omit":	2,
			"duration":	5,
			"bytes":	0,
			"blocks":	0,
			"reverse":	0,
			"tos":	0,
			"target_bitrate":	8512315271,
			"bidir":	0,
			"fqrate":	0
		}
	},
	"intervals":	[{
			"streams":	[{
					"socket":	5,
					"start":	0,
					"end":	1.000001,
					"seconds":	1.0000009536743164,
					"bytes":	1063873152,
					"bits_per_second":	8510977099.2997332,
					"jitter_ms":	0.00175441591500659,
					"lost_packets":	0,
					"packets":	923501,
					"lost_percent":	0,
					"omitted":	true,
					"sender":	false
				}],
			"sum":	{
				"start":	0,
				"end":	1.000001,
				"seconds":	1.0000009536743164,
				"bytes":	1063873152,
				"bits_per_second":	8510977099.2997332,
				"jitter_ms":	0.00175441591500659,
				"lost_packets":	0,
				"packets":	923501,
				"lost_percent":	0,
				"omitted":	true,
				"sender":	false
			}
		}, {
			"streams":	[{
					"socket":	5,
					"start":	1.000001,
					"end":	2.000021,
					"seconds":	1.0000200271606445,
					"bytes":	1064054016,
					"bits_per_second":	8512261651.5684557,
					"jitter_ms":	0.0019556181297046235,
					"lost_packets":	0,
					"packets":	923658,
					"lost_percent":	0,
					"omitted":	true,
					"sender":	false
				}],
			"sum":	{
				"start":	1.000001,
				"end":	2.000021,
				"seconds":	1.0000200271606445,
				"bytes":	1064054016,
				"bits_per_second":	8512261651.5684557,
				"jitter_ms":	0.0019556181297046235,
				"lost_packets":	0,
				"packets":	923658,
				"lost_percent":	0,
				"omitted":	true,
				"sender":	false
			}
		}, {
			"streams":	[{
					"socket":	5,
					"start":	3e-06,
					"end":	0.999997,
					"seconds":	1,
					"bytes":	1064065536,
					"bits_per_second":	8512524288,
					"jitter_ms":	0.00080966537741936052,
					"lost_packets":	0,
					"packets":	923675,
					"lost_percent":	0,
					"omitted":	false,
					"sender":	false
				}],
			"sum":	{
				"start":	3e-06,
				"end":	0.999997,
				"seconds":	1,
				"bytes":	1064065536,
				"bits_per_second":	8512524288,
				"jitter_ms":	0.00080966537741936052,
				"lost_packets":	0,
				"packets":	923675,
				"lost_percent":	0,
				"omitted":	false,
				"sender":	false
			}
		}, {
			"streams":	[{
					"socket":	5,
					"start":	0.999997,
					"end":	1.999997,
					"seconds":	1,
					"bytes":	1064021760,
					"bits_per_second":	8512174080,
					"jitter_ms":	0.00094323478936451932,
					"lost_packets":	0,
					"packets":	923631,
					"lost_percent":	0,
					"omitted":	false,
					"sender":	false
				}],
			"sum":	{
				"start":	0.999997,
				"end":	1.999997,
				"seconds":	1,
				"bytes":	1064021760,
				"bits_per_second":	8512174080,
				"jitter_ms":	0.00094323478936451932,
				"lost_packets":	0,
				"packets":	923631,
				"lost_percent":	0,
				"omitted":	false,
				"sender":	false
			}
		}, {
			"streams":	[{
					"socket":	5,
					"start":	1.999997,
					"end":	3.000005,
					"seconds":	1.0000079870224,
					"bytes":	1064034432,
					"bits_per_second":	8512207468.8082743,
					"jitter_ms":	0.00032283009637683839,
					"lost_packets":	0,
					"packets":	923644,
					"lost_percent":	0,
					"omitted":	false,
					"sender":	false
				}],
			"sum":	{
				"start":	1.999997,
				"end":	3.000005,
				"seconds":	1.0000079870224,
				"bytes":	1064034432,
				"bits_per_second":	8512207468.8082743,
				"jitter_ms":	0.00032283009637683839,
				"lost_packets":	0,
				"packets":	923644,
				"lost_percent":	0,
				"omitted":	false,
				"sender":	false
			}
		}, {
			"streams":	[{
					"socket":	5,
					"start":	3.000005,
					"end":	3.999997,
					"seconds":	0.9999920129776,
					"bytes":	1064055168,
					"bits_per_second":	8512509333.6027269,
					"jitter_ms":	0.00056475447993120328,
					"lost_packets":	0,
					"packets":	923659,
					"lost_percent":	0,
					"omitted":	false,
					"sender":	false
				}],
			"sum":	{
				"start":	3.000005,
				"end":	3.999997,
				"seconds":	0.9999920129776,
				"bytes":	1064055168,
				"bits_per_second":	8512509333.6027269,
				"jitter_ms":	0.00056475447993120328,
				"lost_packets":	0,
				"packets":	923659,
				"lost_percent":	0,
				"omitted":	false,
				"sender":	false
			}
		}, {
			"streams":	[{
					"socket":	5,
					"start":	3.999997,
					"end":	4.999997,
					"seconds":	1,
					"bytes":	1064049408,
					"bits_per_second":	8512395264,
					"jitter_ms":	0.00048239805033081182,
					"lost_packets":	0,
					"packets":	923655,
					"lost_percent":	0,
					"omitted":	false,
					"sender":	false
				}],
			"sum":	{
				"start":	3.999997,
				"end":	4.999997,
				"seconds":	1,
				"bytes":	1064049408,
				"bits_per_second":	8512395264,
				"jitter_ms":	0.00048239805033081182,
				"lost_packets":	0,
				"packets":	923655,
				"lost_percent":	0,
				"omitted":	false,
				"sender":	false
			}
		}, {
			"streams":	[{
					"socket":	5,
					"start":	4.999997,
					"end":	5.000186,
					"seconds":	0.00018899999849963933,
					"bytes":	76032,
					"bits_per_second":	3218285739.833806,
					"jitter_ms":	0.000764329182343038,
					"lost_packets":	0,
					"packets":	66,
					"lost_percent":	0,
					"omitted":	false,
					"sender":	false
				}],
			"sum":	{
				"start":	4.999997,
				"end":	5.000186,
				"seconds":	0.00018899999849963933,
				"bytes":	76032,
				"bits_per_second":	3218285739.833806,
				"jitter_ms":	0.000764329182343038,
				"lost_packets":	0,
				"packets":	66,
				"lost_percent":	0,
				"omitted":	false,
				"sender":	false
			}
		}],
	"end":	{
		"streams":	[{
				"udp":	{
					"socket":	5,
					"start":	0,
					"end":	5.000186,
					"seconds":	5.000186,
					"bytes":	0,
					"bits_per_second":	0,
					"jitter_ms":	0.000764329182343038,
					"lost_packets":	0,
					"packets":	4618324,
					"lost_percent":	0,
					"out_of_order":	0,
					"sender":	false
				}
			}],
		"sum":	{
			"start":	0,
			"end":	5.000186,
			"seconds":	5.000186,
			"bytes":	0,
			"bits_per_second":	0,
			"jitter_ms":	0.000764329182343038,
			"lost_packets":	0,
			"packets":	4618324,
			"lost_percent":	0,
			"sender":	false
		},
		"sum_sent":	{
			"start":	0,
			"end":	5.000186,
			"seconds":	5.000186,
			"bytes":	0,
			"bits_per_second":	0,
			"jitter_ms":	0,
			"lost_packets":	0,
			"packets":	0,
			"lost_percent":	0,
			"sender":	true
		},
		"sum_received":	{
			"start":	0,
			"end":	5.000186,
			"seconds":	5.000186,
			"bytes":	5320308096,
			"bits_per_second":	8512176300.6416159,
			"jitter_ms":	0.000764329182343038,
			"lost_packets":	0,
			"packets":	4618324,
			"lost_percent":	0,
			"sender":	false
		},
		"cpu_utilization_percent":	{
			"host_total":	119.71137466167121,
			"host_user":	16.434604812965084,
			"host_system":	103.27675556343468,
			"remote_total":	0,
			"remote_user":	0,
			"remote_system":	0
		}
	}
}
