{
	"start":	{
		"connected":	[{
				"socket":	5,
				"local_host":	"192.168.1.110",
				"local_port":	5201,
				"remote_host":	"192.168.1.100",
				"remote_port":	59619
			}],
		"version":	"iperf 3.16",
		"system_info":	"Linux design-lab 6.14.0-37-generic #37~24.04.1-Ubuntu SMP PREEMPT_DYNAMIC Thu Nov 20 10:25:38 UTC 2 x86_64",
		"target_bitrate":	8228571429,
		"timestamp":	{
			"time":	"Fri, 26 Jun 2026 02:35:18 GMT",
			"timesecs":	1782441318
		},
		"accepted_connection":	{
			"host":	"192.168.1.100",
			"port":	53740
		},
		"cookie":	"3eldylzjvlzbuab7bojyjls36nxnwmeif6fz",
		"target_bitrate":	8228571429,
		"fq_rate":	0,
		"sock_bufsize":	0,
		"sndbuf_actual":	134217728,
		"rcvbuf_actual":	134217728,
		"test_start":	{
			"protocol":	"UDP",
			"num_streams":	1,
			"blksize":	704,
			"omit":	2,
			"duration":	5,
			"bytes":	0,
			"blocks":	0,
			"reverse":	0,
			"tos":	0,
			"target_bitrate":	8228571429,
			"bidir":	0,
			"fqrate":	0
		}
	},
	"intervals":	[{
			"streams":	[{
					"socket":	5,
					"start":	0,
					"end":	1.000001,
					"seconds":	1.0000009536743164,
					"bytes":	1017470080,
					"bits_per_second":	8139752877.32674,
					"jitter_ms":	0.00046551806148296742,
					"lost_packets":	0,
					"packets":	1445270,
					"lost_percent":	0,
					"omitted":	true,
					"sender":	false
				}],
			"sum":	{
				"start":	0,
				"end":	1.000001,
				"seconds":	1.0000009536743164,
				"bytes":	1017470080,
				"bits_per_second":	8139752877.32674,
				"jitter_ms":	0.00046551806148296742,
				"lost_packets":	0,
				"packets":	1445270,
				"lost_percent":	0,
				"omitted":	true,
				"sender":	false
			}
		}, {
			"streams":	[{
					"socket":	5,
					"start":	1,
					"end":	1,
					"seconds":	2,
					"bytes":	1028505984,
					"bits_per_second":	4114023936,
					"jitter_ms":	0.00036741217146644078,
					"lost_packets":	0,
					"packets":	2937599,
					"lost_percent":	0,
					"omitted":	false,
					"sender":	false
				}],
			"sum":	{
				"start":	1,
				"end":	1,
				"seconds":	2,
				"bytes":	1028505984,
				"bits_per_second":	4114023936,
				"jitter_ms":	0.00036741217146644078,
				"lost_packets":	0,
				"packets":	2937599,
				"lost_percent":	0,
				"omitted":	false,
				"sender":	false
			}
		}, {
			"streams":	[{
					"socket":	5,
					"start":	1,
					"end":	2,
					"seconds":	1,
					"bytes":	1028572864,
					"bits_per_second":	8228582912,
					"jitter_ms":	0.00035126626524067836,
					"lost_packets":	0,
					"packets":	1461043,
					"lost_percent":	0,
					"omitted":	false,
					"sender":	false
				}],
			"sum":	{
				"start":	1,
				"end":	2,
				"seconds":	1,
				"bytes":	1028572864,
				"bits_per_second":	8228582912,
				"jitter_ms":	0.00035126626524067836,
				"lost_packets":	0,
				"packets":	1461043,
				"lost_percent":	0,
				"omitted":	false,
				"sender":	false
			}
		}, {
			"streams":	[{
					"socket":	5,
					"start":	2,
					"end":	3,
					"seconds":	1,
					"bytes":	1028669312,
					"bits_per_second":	8229354496,
					"jitter_ms":	0.000476925719382397,
					"lost_packets":	0,
					"packets":	1461178,
					"lost_percent":	0,
					"omitted":	false,
					"sender":	false
				}],
			"sum":	{
				"start":	2,
				"end":	3,
				"seconds":	1,
				"bytes":	1028669312,
				"bits_per_second":	8229354496,
				"jitter_ms":	0.000476925719382397,
				"lost_packets":	0,
				"packets":	1461178,
				"lost_percent":	0,
				"omitted":	false,
				"sender":	false
			}
		}, {
			"streams":	[{
					"socket":	5,
					"start":	3,
					"end":	4,
					"seconds":	1,
					"bytes":	1028525696,
					"bits_per_second":	8228205568,
					"jitter_ms":	0.00048151736260521527,
					"lost_packets":	0,
					"packets":	1460980,
					"lost_percent":	0,
					"omitted":	false,
					"sender":	false
				}],
			"sum":	{
				"start":	3,
				"end":	4,
				"seconds":	1,
				"bytes":	1028525696,
				"bits_per_second":	8228205568,
				"jitter_ms":	0.00048151736260521527,
				"lost_packets":	0,
				"packets":	1460980,
				"lost_percent":	0,
				"omitted":	false,
				"sender":	false
			}
		}, {
			"streams":	[{
					"socket":	5,
					"start":	4,
					"end":	5,
					"seconds":	1,
					"bytes":	1028542592,
					"bits_per_second":	8228340736,
					"jitter_ms":	0.00033149439227993249,
					"lost_packets":	0,
					"packets":	1460998,
					"lost_percent":	0,
					"omitted":	false,
					"sender":	false
				}],
			"sum":	{
				"start":	4,
				"end":	5,
				"seconds":	1,
				"bytes":	1028542592,
				"bits_per_second":	8228340736,
				"jitter_ms":	0.00033149439227993249,
				"lost_packets":	0,
				"packets":	1460998,
				"lost_percent":	0,
				"omitted":	false,
				"sender":	false
			}
		}, {
			"streams":	[{
					"socket":	5,
					"start":	5,
					"end":	5.000192,
					"seconds":	0.00019200000679120421,
					"bytes":	129536,
					"bits_per_second":	5397333142.4250441,
					"jitter_ms":	0.00090036453531343373,
					"lost_packets":	0,
					"packets":	184,
					"lost_percent":	0,
					"omitted":	false,
					"sender":	false
				}],
			"sum":	{
				"start":	5,
				"end":	5.000192,
				"seconds":	0.00019200000679120421,
				"bytes":	129536,
				"bits_per_second":	5397333142.4250441,
				"jitter_ms":	0.00090036453531343373,
				"lost_packets":	0,
				"packets":	184,
				"lost_percent":	0,
				"omitted":	false,
				"sender":	false
			}
		}],
	"end":	{
		"streams":	[{
				"udp":	{
					"socket":	5,
					"start":	0,
					"end":	5.000192,
					"seconds":	5.000192,
					"bytes":	0,
					"bits_per_second":	0,
					"jitter_ms":	0.00090036453531343373,
					"lost_packets":	0,
					"packets":	7305329,
					"lost_percent":	0,
					"out_of_order":	0,
					"sender":	false
				}
			}],
		"sum":	{
			"start":	0,
			"end":	5.000192,
			"seconds":	5.000192,
			"bytes":	0,
			"bits_per_second":	0,
			"jitter_ms":	0.00090036453531343373,
			"lost_packets":	0,
			"packets":	7305329,
			"lost_percent":	0,
			"sender":	false
		},
		"sum_sent":	{
			"start":	0,
			"end":	5.000192,
			"seconds":	5.000192,
			"bytes":	0,
			"bits_per_second":	0,
			"jitter_ms":	0,
			"lost_packets":	0,
			"packets":	0,
			"lost_percent":	0,
			"sender":	true
		},
		"sum_received":	{
			"start":	0,
			"end":	5.000192,
			"seconds":	5.000192,
			"bytes":	5142951616,
			"bits_per_second":	8228406614.7859917,
			"jitter_ms":	0.00090036453531343373,
			"lost_packets":	0,
			"packets":	7305329,
			"lost_percent":	0,
			"sender":	false
		},
		"cpu_utilization_percent":	{
			"host_total":	186.11028256335533,
			"host_user":	26.667038084626153,
			"host_system":	159.443230193423,
			"remote_total":	0,
			"remote_user":	0,
			"remote_system":	0
		}
	}
}
