{
	"start":	{
		"connected":	[{
				"socket":	5,
				"local_host":	"192.168.1.110",
				"local_port":	5201,
				"remote_host":	"192.168.1.100",
				"remote_port":	47321
			}],
		"version":	"iperf 3.16",
		"system_info":	"Linux design-lab 6.14.0-37-generic #37~24.04.1-Ubuntu SMP PREEMPT_DYNAMIC Thu Nov 20 10:25:38 UTC 2 x86_64",
		"target_bitrate":	8455045872,
		"timestamp":	{
			"time":	"Fri, 26 Jun 2026 02:36:42 GMT",
			"timesecs":	1782441402
		},
		"accepted_connection":	{
			"host":	"192.168.1.100",
			"port":	48100
		},
		"cookie":	"uil6jrxon6o7vgbbxh34lgglxjl5gchykc7c",
		"target_bitrate":	8455045872,
		"fq_rate":	0,
		"sock_bufsize":	0,
		"sndbuf_actual":	134217728,
		"rcvbuf_actual":	134217728,
		"test_start":	{
			"protocol":	"UDP",
			"num_streams":	1,
			"blksize":	1024,
			"omit":	2,
			"duration":	5,
			"bytes":	0,
			"blocks":	0,
			"reverse":	0,
			"tos":	0,
			"target_bitrate":	8455045872,
			"bidir":	0,
			"fqrate":	0
		}
	},
	"intervals":	[{
			"streams":	[{
					"socket":	5,
					"start":	0,
					"end":	1.000002,
					"seconds":	1.0000020265579224,
					"bytes":	1056732160,
					"bits_per_second":	8453840147.8032742,
					"jitter_ms":	0.0014318426298826,
					"lost_packets":	0,
					"packets":	1031965,
					"lost_percent":	0,
					"omitted":	true,
					"sender":	false
				}],
			"sum":	{
				"start":	0,
				"end":	1.000002,
				"seconds":	1.0000020265579224,
				"bytes":	1056732160,
				"bits_per_second":	8453840147.8032742,
				"jitter_ms":	0.0014318426298826,
				"lost_packets":	0,
				"packets":	1031965,
				"lost_percent":	0,
				"omitted":	true,
				"sender":	false
			}
		}, {
			"streams":	[{
					"socket":	5,
					"start":	1.000002,
					"end":	2.000001,
					"seconds":	0.99999898672103882,
					"bytes":	1056927744,
					"bits_per_second":	8455430519.7098532,
					"jitter_ms":	0.000310720587999459,
					"lost_packets":	0,
					"packets":	1032157,
					"lost_percent":	0,
					"omitted":	true,
					"sender":	false
				}],
			"sum":	{
				"start":	1.000002,
				"end":	2.000001,
				"seconds":	0.99999898672103882,
				"bytes":	1056927744,
				"bits_per_second":	8455430519.7098532,
				"jitter_ms":	0.000310720587999459,
				"lost_packets":	0,
				"packets":	1032157,
				"lost_percent":	0,
				"omitted":	true,
				"sender":	false
			}
		}, {
			"streams":	[{
					"socket":	5,
					"start":	8e-06,
					"end":	1,
					"seconds":	1.0000079870224,
					"bytes":	1056856064,
					"bits_per_second":	8454780983.4748983,
					"jitter_ms":	0.0004154791617275579,
					"lost_packets":	0,
					"packets":	1032102,
					"lost_percent":	0,
					"omitted":	false,
					"sender":	false
				}],
			"sum":	{
				"start":	8e-06,
				"end":	1,
				"seconds":	1.0000079870224,
				"bytes":	1056856064,
				"bits_per_second":	8454780983.4748983,
				"jitter_ms":	0.0004154791617275579,
				"lost_packets":	0,
				"packets":	1032102,
				"lost_percent":	0,
				"omitted":	false,
				"sender":	false
			}
		}, {
			"streams":	[{
					"socket":	5,
					"start":	1,
					"end":	2.000011,
					"seconds":	1.0000109672546387,
					"bytes":	1056862208,
					"bits_per_second":	8454804938.0013247,
					"jitter_ms":	0.00039090304348745762,
					"lost_packets":	0,
					"packets":	1032092,
					"lost_percent":	0,
					"omitted":	false,
					"sender":	false
				}],
			"sum":	{
				"start":	1,
				"end":	2.000011,
				"seconds":	1.0000109672546387,
				"bytes":	1056862208,
				"bits_per_second":	8454804938.0013247,
				"jitter_ms":	0.00039090304348745762,
				"lost_packets":	0,
				"packets":	1032092,
				"lost_percent":	0,
				"omitted":	false,
				"sender":	false
			}
		}, {
			"streams":	[{
					"socket":	5,
					"start":	2.000011,
					"end":	3,
					"seconds":	0.99998897314071655,
					"bytes":	1056880640,
					"bits_per_second":	8455138353.6208477,
					"jitter_ms":	0.0021724926266460656,
					"lost_packets":	0,
					"packets":	1032115,
					"lost_percent":	0,
					"omitted":	false,
					"sender":	false
				}],
			"sum":	{
				"start":	2.000011,
				"end":	3,
				"seconds":	0.99998897314071655,
				"bytes":	1056880640,
				"bits_per_second":	8455138353.6208477,
				"jitter_ms":	0.0021724926266460656,
				"lost_packets":	0,
				"packets":	1032115,
				"lost_percent":	0,
				"omitted":	false,
				"sender":	false
			}
		}, {
			"streams":	[{
					"socket":	5,
					"start":	3,
					"end":	4,
					"seconds":	1,
					"bytes":	1056856064,
					"bits_per_second":	8454848512,
					"jitter_ms":	0.00495400260687898,
					"lost_packets":	0,
					"packets":	1032086,
					"lost_percent":	0,
					"omitted":	false,
					"sender":	false
				}],
			"sum":	{
				"start":	3,
				"end":	4,
				"seconds":	1,
				"bytes":	1056856064,
				"bits_per_second":	8454848512,
				"jitter_ms":	0.00495400260687898,
				"lost_packets":	0,
				"packets":	1032086,
				"lost_percent":	0,
				"omitted":	false,
				"sender":	false
			}
		}, {
			"streams":	[{
					"socket":	5,
					"start":	4,
					"end":	5,
					"seconds":	1,
					"bytes":	1056920576,
					"bits_per_second":	8455364608,
					"jitter_ms":	0.00056992282006114036,
					"lost_packets":	0,
					"packets":	1032149,
					"lost_percent":	0,
					"omitted":	false,
					"sender":	false
				}],
			"sum":	{
				"start":	4,
				"end":	5,
				"seconds":	1,
				"bytes":	1056920576,
				"bits_per_second":	8455364608,
				"jitter_ms":	0.00056992282006114036,
				"lost_packets":	0,
				"packets":	1032149,
				"lost_percent":	0,
				"omitted":	false,
				"sender":	false
			}
		}, {
			"streams":	[{
					"socket":	5,
					"start":	5,
					"end":	5.000177,
					"seconds":	0.00017699999443721026,
					"bytes":	94208,
					"bits_per_second":	4257988834.3858566,
					"jitter_ms":	0.0011282577749065325,
					"lost_packets":	0,
					"packets":	93,
					"lost_percent":	0,
					"omitted":	false,
					"sender":	false
				}],
			"sum":	{
				"start":	5,
				"end":	5.000177,
				"seconds":	0.00017699999443721026,
				"bytes":	94208,
				"bits_per_second":	4257988834.3858566,
				"jitter_ms":	0.0011282577749065325,
				"lost_packets":	0,
				"packets":	93,
				"lost_percent":	0,
				"omitted":	false,
				"sender":	false
			}
		}],
	"end":	{
		"streams":	[{
				"udp":	{
					"socket":	5,
					"start":	0,
					"end":	5.000177,
					"seconds":	5.000177,
					"bytes":	0,
					"bits_per_second":	0,
					"jitter_ms":	0.0011282577749065325,
					"lost_packets":	0,
					"packets":	5160621,
					"lost_percent":	0,
					"out_of_order":	0,
					"sender":	false
				}
			}],
		"sum":	{
			"start":	0,
			"end":	5.000177,
			"seconds":	5.000177,
			"bytes":	0,
			"bits_per_second":	0,
			"jitter_ms":	0.0011282577749065325,
			"lost_packets":	0,
			"packets":	5160621,
			"lost_percent":	0,
			"sender":	false
		},
		"sum_sent":	{
			"start":	0,
			"end":	5.000177,
			"seconds":	5.000177,
			"bytes":	0,
			"bits_per_second":	0,
			"jitter_ms":	0,
			"lost_packets":	0,
			"packets":	0,
			"lost_percent":	0,
			"sender":	true
		},
		"sum_received":	{
			"start":	0,
			"end":	5.000177,
			"seconds":	5.000177,
			"bytes":	5284475904,
			"bits_per_second":	8454862144.2800922,
			"jitter_ms":	0.0011282577749065325,
			"lost_packets":	0,
			"packets":	5160621,
			"lost_percent":	0,
			"sender":	false
		},
		"cpu_utilization_percent":	{
			"host_total":	133.58399781491769,
			"host_user":	18.389376065863317,
			"host_system":	115.19462174905439,
			"remote_total":	0,
			"remote_user":	0,
			"remote_system":	0
		}
	}
}
