{
	"start":	{
		"connected":	[{
				"socket":	5,
				"local_host":	"192.168.1.100",
				"local_port":	44464,
				"remote_host":	"192.168.1.110",
				"remote_port":	5201
			}],
		"version":	"iperf 3.16",
		"system_info":	"Linux design-lab 6.14.0-37-generic #37~24.04.1-Ubuntu SMP PREEMPT_DYNAMIC Thu Nov 20 10:25:38 UTC 2 x86_64",
		"timestamp":	{
			"time":	"Fri, 26 Jun 2026 02:35:35 GMT",
			"timesecs":	1782441335
		},
		"connecting_to":	{
			"host":	"192.168.1.110",
			"port":	5201
		},
		"cookie":	"l4trppqpgm2qmlkjvss7txl64ifmcmpdrrfj",
		"target_bitrate":	8287769784,
		"fq_rate":	0,
		"sock_bufsize":	0,
		"sndbuf_actual":	134217728,
		"rcvbuf_actual":	134217728,
		"test_start":	{
			"protocol":	"UDP",
			"num_streams":	1,
			"blksize":	768,
			"omit":	2,
			"duration":	5,
			"bytes":	0,
			"blocks":	0,
			"reverse":	0,
			"tos":	0,
			"target_bitrate":	8287769784,
			"bidir":	0,
			"fqrate":	0
		}
	},
	"intervals":	[{
			"streams":	[{
					"socket":	5,
					"start":	0,
					"end":	1.000053,
					"seconds":	1.00005304813385,
					"bytes":	1036012800,
					"bits_per_second":	8287662754.95687,
					"packets":	1348976,
					"omitted":	true,
					"sender":	true
				}],
			"sum":	{
				"start":	0,
				"end":	1.000053,
				"seconds":	1.00005304813385,
				"bytes":	1036012800,
				"bits_per_second":	8287662754.95687,
				"packets":	1348976,
				"omitted":	true,
				"sender":	true
			}
		}, {
			"streams":	[{
					"socket":	5,
					"start":	1,
					"end":	1.000052,
					"seconds":	2.0000519752502441,
					"bytes":	1035966720,
					"bits_per_second":	4143759193.5394821,
					"packets":	2697834,
					"omitted":	false,
					"sender":	true
				}],
			"sum":	{
				"start":	1,
				"end":	1.000052,
				"seconds":	2.0000519752502441,
				"bytes":	1035966720,
				"bits_per_second":	4143759193.5394821,
				"packets":	2697834,
				"omitted":	false,
				"sender":	true
			}
		}, {
			"streams":	[{
					"socket":	5,
					"start":	1.000052,
					"end":	2.000052,
					"seconds":	1,
					"bytes":	1035963648,
					"bits_per_second":	8287709184,
					"packets":	1348912,
					"omitted":	false,
					"sender":	true
				}],
			"sum":	{
				"start":	1.000052,
				"end":	2.000052,
				"seconds":	1,
				"bytes":	1035963648,
				"bits_per_second":	8287709184,
				"packets":	1348912,
				"omitted":	false,
				"sender":	true
			}
		}, {
			"streams":	[{
					"socket":	5,
					"start":	2.000052,
					"end":	3,
					"seconds":	0.999948024749756,
					"bytes":	1035964416,
					"bits_per_second":	8288146106.4679441,
					"packets":	1348917,
					"omitted":	false,
					"sender":	true
				}],
			"sum":	{
				"start":	2.000052,
				"end":	3,
				"seconds":	0.999948024749756,
				"bytes":	1035964416,
				"bits_per_second":	8288146106.4679441,
				"packets":	1348917,
				"omitted":	false,
				"sender":	true
			}
		}, {
			"streams":	[{
					"socket":	5,
					"start":	3,
					"end":	4.000052,
					"seconds":	1.0000519752502441,
					"bytes":	1036002816,
					"bits_per_second":	8287591778.3434,
					"packets":	1348963,
					"omitted":	false,
					"sender":	true
				}],
			"sum":	{
				"start":	3,
				"end":	4.000052,
				"seconds":	1.0000519752502441,
				"bytes":	1036002816,
				"bits_per_second":	8287591778.3434,
				"packets":	1348963,
				"omitted":	false,
				"sender":	true
			}
		}, {
			"streams":	[{
					"socket":	5,
					"start":	4.000052,
					"end":	5.000076,
					"seconds":	1.0000239610672,
					"bytes":	1035942144,
					"bits_per_second":	8287338578.5234137,
					"packets":	1348883,
					"omitted":	false,
					"sender":	true
				}],
			"sum":	{
				"start":	4.000052,
				"end":	5.000076,
				"seconds":	1.0000239610672,
				"bytes":	1035942144,
				"bits_per_second":	8287338578.5234137,
				"packets":	1348883,
				"omitted":	false,
				"sender":	true
			}
		}],
	"end":	{
		"streams":	[{
				"udp":	{
					"socket":	5,
					"start":	0,
					"end":	5.000076,
					"seconds":	5.000076,
					"bytes":	5179845888,
					"bits_per_second":	8287627448.8627777,
					"jitter_ms":	0.000672350606373353,
					"lost_packets":	0,
					"packets":	6744590,
					"lost_percent":	0,
					"out_of_order":	0,
					"sender":	true
				}
			}],
		"sum":	{
			"start":	0,
			"end":	5.000184,
			"seconds":	5.000184,
			"bytes":	5179845888,
			"bits_per_second":	8287627448.8627777,
			"jitter_ms":	0.000672350606373353,
			"lost_packets":	0,
			"packets":	6744590,
			"lost_percent":	0,
			"sender":	true
		},
		"sum_sent":	{
			"start":	0,
			"end":	5.000076,
			"seconds":	5.000076,
			"bytes":	5179845888,
			"bits_per_second":	8287627448.8627777,
			"jitter_ms":	0,
			"lost_packets":	0,
			"packets":	6744590,
			"lost_percent":	0,
			"sender":	true
		},
		"sum_received":	{
			"start":	0,
			"end":	5.000184,
			"seconds":	5.000184,
			"bytes":	5179995648,
			"bits_per_second":	8287688049.8797646,
			"jitter_ms":	0.000672350606373353,
			"lost_packets":	0,
			"packets":	6744786,
			"lost_percent":	0,
			"sender":	false
		},
		"cpu_utilization_percent":	{
			"host_total":	101.33796635228325,
			"host_user":	19.160999789300011,
			"host_system":	82.176952278238261,
			"remote_total":	172.53384440466462,
			"remote_user":	23.331957657763063,
			"remote_system":	149.20187246158929
		}
	}
}
