{
	"start":	{
		"connected":	[{
				"socket":	5,
				"local_host":	"192.168.1.100",
				"local_port":	43651,
				"remote_host":	"192.168.1.110",
				"remote_port":	5201
			}],
		"version":	"iperf 3.16",
		"system_info":	"Linux design-lab 6.14.0-37-generic #37~24.04.1-Ubuntu SMP PREEMPT_DYNAMIC Thu Nov 20 10:25:38 UTC 2 x86_64",
		"timestamp":	{
			"time":	"Fri, 26 Jun 2026 02:38:23 GMT",
			"timesecs":	1782441503
		},
		"connecting_to":	{
			"host":	"192.168.1.110",
			"port":	5201
		},
		"cookie":	"4qf6xsjqj3whabj72jjfzfmkzyfnjdmhlt7h",
		"target_bitrate":	8597014925,
		"fq_rate":	0,
		"sock_bufsize":	0,
		"sndbuf_actual":	134217728,
		"rcvbuf_actual":	134217728,
		"test_start":	{
			"protocol":	"UDP",
			"num_streams":	1,
			"blksize":	1408,
			"omit":	2,
			"duration":	5,
			"bytes":	0,
			"blocks":	0,
			"reverse":	0,
			"tos":	0,
			"target_bitrate":	8597014925,
			"bidir":	0,
			"fqrate":	0
		}
	},
	"intervals":	[{
			"streams":	[{
					"socket":	5,
					"start":	0,
					"end":	1.000053,
					"seconds":	1.00005304813385,
					"bytes":	1074641920,
					"bits_per_second":	8596679322.20465,
					"packets":	763240,
					"omitted":	true,
					"sender":	true
				}],
			"sum":	{
				"start":	0,
				"end":	1.000053,
				"seconds":	1.00005304813385,
				"bytes":	1074641920,
				"bits_per_second":	8596679322.20465,
				"packets":	763240,
				"omitted":	true,
				"sender":	true
			}
		}, {
			"streams":	[{
					"socket":	5,
					"start":	0.999999,
					"end":	1.000001,
					"seconds":	2,
					"bytes":	1074660224,
					"bits_per_second":	4298640896,
					"packets":	1526488,
					"omitted":	false,
					"sender":	true
				}],
			"sum":	{
				"start":	0.999999,
				"end":	1.000001,
				"seconds":	2,
				"bytes":	1074660224,
				"bits_per_second":	4298640896,
				"packets":	1526488,
				"omitted":	false,
				"sender":	true
			}
		}, {
			"streams":	[{
					"socket":	5,
					"start":	1.000001,
					"end":	2,
					"seconds":	0.99999898672103882,
					"bytes":	1074617984,
					"bits_per_second":	8596952583.1111832,
					"packets":	763223,
					"omitted":	false,
					"sender":	true
				}],
			"sum":	{
				"start":	1.000001,
				"end":	2,
				"seconds":	0.99999898672103882,
				"bytes":	1074617984,
				"bits_per_second":	8596952583.1111832,
				"packets":	763223,
				"omitted":	false,
				"sender":	true
			}
		}, {
			"streams":	[{
					"socket":	5,
					"start":	2,
					"end":	3.000001,
					"seconds":	1.0000009536743164,
					"bytes":	1074619392,
					"bits_per_second":	8596946937.3125057,
					"packets":	763228,
					"omitted":	false,
					"sender":	true
				}],
			"sum":	{
				"start":	2,
				"end":	3.000001,
				"seconds":	1.0000009536743164,
				"bytes":	1074619392,
				"bits_per_second":	8596946937.3125057,
				"packets":	763228,
				"omitted":	false,
				"sender":	true
			}
		}, {
			"streams":	[{
					"socket":	5,
					"start":	3.000001,
					"end":	4.000001,
					"seconds":	1,
					"bytes":	1074637696,
					"bits_per_second":	8597101568,
					"packets":	763237,
					"omitted":	false,
					"sender":	true
				}],
			"sum":	{
				"start":	3.000001,
				"end":	4.000001,
				"seconds":	1,
				"bytes":	1074637696,
				"bits_per_second":	8597101568,
				"packets":	763237,
				"omitted":	false,
				"sender":	true
			}
		}, {
			"streams":	[{
					"socket":	5,
					"start":	4.000001,
					"end":	5.000081,
					"seconds":	1.0000799894332886,
					"bytes":	1074595456,
					"bits_per_second":	8596076052.7480354,
					"packets":	763206,
					"omitted":	false,
					"sender":	true
				}],
			"sum":	{
				"start":	4.000001,
				"end":	5.000081,
				"seconds":	1.0000799894332886,
				"bytes":	1074595456,
				"bits_per_second":	8596076052.7480354,
				"packets":	763206,
				"omitted":	false,
				"sender":	true
			}
		}],
	"end":	{
		"streams":	[{
				"udp":	{
					"socket":	5,
					"start":	0,
					"end":	5.000081,
					"seconds":	5.000081,
					"bytes":	5373136384,
					"bits_per_second":	8596878944.96109,
					"jitter_ms":	0.0016719382343059169,
					"lost_packets":	0,
					"packets":	3816148,
					"lost_percent":	0,
					"out_of_order":	0,
					"sender":	true
				}
			}],
		"sum":	{
			"start":	0,
			"end":	5.000158,
			"seconds":	5.000158,
			"bytes":	5373136384,
			"bits_per_second":	8596878944.96109,
			"jitter_ms":	0.0016719382343059169,
			"lost_packets":	0,
			"packets":	3816148,
			"lost_percent":	0,
			"sender":	true
		},
		"sum_sent":	{
			"start":	0,
			"end":	5.000081,
			"seconds":	5.000081,
			"bytes":	5373136384,
			"bits_per_second":	8596878944.96109,
			"jitter_ms":	0,
			"lost_packets":	0,
			"packets":	3816148,
			"lost_percent":	0,
			"sender":	true
		},
		"sum_received":	{
			"start":	0,
			"end":	5.000158,
			"seconds":	5.000158,
			"bytes":	5373284224,
			"bits_per_second":	8596983093.73424,
			"jitter_ms":	0.0016719382343059169,
			"lost_packets":	0,
			"packets":	3816253,
			"lost_percent":	0,
			"sender":	false
		},
		"cpu_utilization_percent":	{
			"host_total":	101.29167990382395,
			"host_user":	19.0728199830412,
			"host_system":	82.218859920782762,
			"remote_total":	98.780977512210725,
			"remote_user":	13.606556042192514,
			"remote_system":	85.174407184710034
		}
	}
}
