{
	"start":	{
		"connected":	[{
				"socket":	5,
				"local_host":	"192.168.1.110",
				"local_port":	5201,
				"remote_host":	"192.168.1.100",
				"remote_port":	43755
			}],
		"version":	"iperf 3.16",
		"system_info":	"Linux design-lab 6.14.0-37-generic #37~24.04.1-Ubuntu SMP PREEMPT_DYNAMIC Thu Nov 20 10:25:38 UTC 2 x86_64",
		"target_bitrate":	8074766355,
		"timestamp":	{
			"time":	"Fri, 26 Jun 2026 02:34:45 GMT",
			"timesecs":	1782441285
		},
		"accepted_connection":	{
			"host":	"192.168.1.100",
			"port":	42816
		},
		"cookie":	"vxlputmqfjthqtspoigtfiec35bebgp25r7b",
		"target_bitrate":	8074766355,
		"fq_rate":	0,
		"sock_bufsize":	0,
		"sndbuf_actual":	134217728,
		"rcvbuf_actual":	134217728,
		"test_start":	{
			"protocol":	"UDP",
			"num_streams":	1,
			"blksize":	576,
			"omit":	2,
			"duration":	5,
			"bytes":	0,
			"blocks":	0,
			"reverse":	0,
			"tos":	0,
			"target_bitrate":	8074766355,
			"bidir":	0,
			"fqrate":	0
		}
	},
	"intervals":	[{
			"streams":	[{
					"socket":	5,
					"start":	0,
					"end":	1.000001,
					"seconds":	1.0000009536743164,
					"bytes":	766870272,
					"bits_per_second":	6134956325.24972,
					"jitter_ms":	0.000478156917439807,
					"lost_packets":	227842,
					"packets":	1559214,
					"lost_percent":	14.612618922097928,
					"omitted":	true,
					"sender":	false
				}],
			"sum":	{
				"start":	0,
				"end":	1.000001,
				"seconds":	1.0000009536743164,
				"bytes":	766870272,
				"bits_per_second":	6134956325.24972,
				"jitter_ms":	0.000478156917439807,
				"lost_packets":	227842,
				"packets":	1559214,
				"lost_percent":	14.612618922097928,
				"omitted":	true,
				"sender":	false
			}
		}, {
			"streams":	[{
					"socket":	5,
					"start":	1.000001,
					"end":	2.000001,
					"seconds":	1,
					"bytes":	779353344,
					"bits_per_second":	6234826752,
					"jitter_ms":	0.00043358444164877619,
					"lost_packets":	258058,
					"packets":	1611105,
					"lost_percent":	16.017453859307743,
					"omitted":	true,
					"sender":	false
				}],
			"sum":	{
				"start":	1.000001,
				"end":	2.000001,
				"seconds":	1,
				"bytes":	779353344,
				"bits_per_second":	6234826752,
				"jitter_ms":	0.00043358444164877619,
				"lost_packets":	258058,
				"packets":	1611105,
				"lost_percent":	16.017453859307743,
				"omitted":	true,
				"sender":	false
			}
		}, {
			"streams":	[{
					"socket":	5,
					"start":	1.4e-05,
					"end":	0.999999,
					"seconds":	1.000012993812561,
					"bytes":	696632256,
					"bits_per_second":	5572985633.66927,
					"jitter_ms":	0.00074372574385582263,
					"lost_packets":	383613,
					"packets":	1593067,
					"lost_percent":	24.08015482085813,
					"omitted":	false,
					"sender":	false
				}],
			"sum":	{
				"start":	1.4e-05,
				"end":	0.999999,
				"seconds":	1.000012993812561,
				"bytes":	696632256,
				"bits_per_second":	5572985633.66927,
				"jitter_ms":	0.00074372574385582263,
				"lost_packets":	383613,
				"packets":	1593067,
				"lost_percent":	24.08015482085813,
				"omitted":	false,
				"sender":	false
			}
		}, {
			"streams":	[{
					"socket":	5,
					"start":	0.999999,
					"end":	1.999999,
					"seconds":	1,
					"bytes":	606591360,
					"bits_per_second":	4852730880,
					"jitter_ms":	0.000812492745547005,
					"lost_packets":	564264,
					"packets":	1617375,
					"lost_percent":	34.887642012520288,
					"omitted":	false,
					"sender":	false
				}],
			"sum":	{
				"start":	0.999999,
				"end":	1.999999,
				"seconds":	1,
				"bytes":	606591360,
				"bits_per_second":	4852730880,
				"jitter_ms":	0.000812492745547005,
				"lost_packets":	564264,
				"packets":	1617375,
				"lost_percent":	34.887642012520288,
				"omitted":	false,
				"sender":	false
			}
		}, {
			"streams":	[{
					"socket":	5,
					"start":	1.999999,
					"end":	2.999999,
					"seconds":	1,
					"bytes":	690803712,
					"bits_per_second":	5526429696,
					"jitter_ms":	0.000558086050801554,
					"lost_packets":	427439,
					"packets":	1626754,
					"lost_percent":	26.275577007955722,
					"omitted":	false,
					"sender":	false
				}],
			"sum":	{
				"start":	1.999999,
				"end":	2.999999,
				"seconds":	1,
				"bytes":	690803712,
				"bits_per_second":	5526429696,
				"jitter_ms":	0.000558086050801554,
				"lost_packets":	427439,
				"packets":	1626754,
				"lost_percent":	26.275577007955722,
				"omitted":	false,
				"sender":	false
			}
		}, {
			"streams":	[{
					"socket":	5,
					"start":	2.999999,
					"end":	4,
					"seconds":	1.0000009536743164,
					"bytes":	696427776,
					"bits_per_second":	5571416894.6828,
					"jitter_ms":	0.00084224869229719025,
					"lost_packets":	383369,
					"packets":	1592447,
					"lost_percent":	24.074207807230007,
					"omitted":	false,
					"sender":	false
				}],
			"sum":	{
				"start":	2.999999,
				"end":	4,
				"seconds":	1.0000009536743164,
				"bytes":	696427776,
				"bits_per_second":	5571416894.6828,
				"jitter_ms":	0.00084224869229719025,
				"lost_packets":	383369,
				"packets":	1592447,
				"lost_percent":	24.074207807230007,
				"omitted":	false,
				"sender":	false
			}
		}, {
			"streams":	[{
					"socket":	5,
					"start":	4,
					"end":	4.999999,
					"seconds":	0.99999898672103882,
					"bytes":	682015104,
					"bits_per_second":	5456126360.57805,
					"jitter_ms":	0.00020788206640253581,
					"lost_packets":	444142,
					"packets":	1628198,
					"lost_percent":	27.278132020798452,
					"omitted":	false,
					"sender":	false
				}],
			"sum":	{
				"start":	4,
				"end":	4.999999,
				"seconds":	0.99999898672103882,
				"bytes":	682015104,
				"bits_per_second":	5456126360.57805,
				"jitter_ms":	0.00020788206640253581,
				"lost_packets":	444142,
				"packets":	1628198,
				"lost_percent":	27.278132020798452,
				"omitted":	false,
				"sender":	false
			}
		}, {
			"streams":	[{
					"socket":	5,
					"start":	4.999999,
					"end":	5.000223,
					"seconds":	0.00022400000307243317,
					"bytes":	203904,
					"bits_per_second":	7282285614.4002857,
					"jitter_ms":	0.00048395022363321939,
					"lost_packets":	0,
					"packets":	355,
					"lost_percent":	0,
					"omitted":	false,
					"sender":	false
				}],
			"sum":	{
				"start":	4.999999,
				"end":	5.000223,
				"seconds":	0.00022400000307243317,
				"bytes":	203904,
				"bits_per_second":	7282285614.4002857,
				"jitter_ms":	0.00048395022363321939,
				"lost_packets":	0,
				"packets":	355,
				"lost_percent":	0,
				"omitted":	false,
				"sender":	false
			}
		}],
	"end":	{
		"streams":	[{
				"udp":	{
					"socket":	5,
					"start":	0,
					"end":	5.000223,
					"seconds":	5.000223,
					"bytes":	0,
					"bits_per_second":	0,
					"jitter_ms":	0.00048395022363321939,
					"lost_packets":	2202827,
					"packets":	8058173,
					"lost_percent":	0,
					"out_of_order":	0,
					"sender":	false
				}
			}],
		"sum":	{
			"start":	0,
			"end":	5.000223,
			"seconds":	5.000223,
			"bytes":	0,
			"bits_per_second":	0,
			"jitter_ms":	0.00048395022363321939,
			"lost_packets":	2202827,
			"packets":	8058173,
			"lost_percent":	27.336556313695425,
			"sender":	false
		},
		"sum_sent":	{
			"start":	0,
			"end":	5.000223,
			"seconds":	5.000223,
			"bytes":	0,
			"bits_per_second":	0,
			"jitter_ms":	0,
			"lost_packets":	0,
			"packets":	0,
			"lost_percent":	0,
			"sender":	true
		},
		"sum_received":	{
			"start":	0,
			"end":	5.000223,
			"seconds":	5.000223,
			"bytes":	3372679296,
			"bits_per_second":	5396046209.9390364,
			"jitter_ms":	0.00048395022363321939,
			"lost_packets":	2202827,
			"packets":	8058173,
			"lost_percent":	27.336556313695425,
			"sender":	false
		},
		"cpu_utilization_percent":	{
			"host_total":	199.9655583286347,
			"host_user":	26.124214866316748,
			"host_system":	173.841314891873,
			"remote_total":	0,
			"remote_user":	0,
			"remote_system":	0
		}
	}
}
