{
	"start":	{
		"connected":	[{
				"socket":	5,
				"local_host":	"192.168.1.110",
				"local_port":	5201,
				"remote_host":	"192.168.1.100",
				"remote_port":	44301
			}],
		"version":	"iperf 3.16",
		"system_info":	"Linux design-lab 6.14.0-37-generic #37~24.04.1-Ubuntu SMP PREEMPT_DYNAMIC Thu Nov 20 10:25:38 UTC 2 x86_64",
		"target_bitrate":	7972318339,
		"timestamp":	{
			"time":	"Fri, 26 Jun 2026 02:34:28 GMT",
			"timesecs":	1782441268
		},
		"accepted_connection":	{
			"host":	"192.168.1.100",
			"port":	56488
		},
		"cookie":	"2mlygrbzqe3sqjif2ojzgnqfbmvqoanmevjj",
		"target_bitrate":	7972318339,
		"fq_rate":	0,
		"sock_bufsize":	0,
		"sndbuf_actual":	134217728,
		"rcvbuf_actual":	134217728,
		"test_start":	{
			"protocol":	"UDP",
			"num_streams":	1,
			"blksize":	512,
			"omit":	2,
			"duration":	5,
			"bytes":	0,
			"blocks":	0,
			"reverse":	0,
			"tos":	0,
			"target_bitrate":	7972318339,
			"bidir":	0,
			"fqrate":	0
		}
	},
	"intervals":	[{
			"streams":	[{
					"socket":	5,
					"start":	0,
					"end":	1.000007,
					"seconds":	1.0000070333480835,
					"bytes":	809815552,
					"bits_per_second":	6478478850.6031923,
					"jitter_ms":	0.00057621704721489764,
					"lost_packets":	0,
					"packets":	1581671,
					"lost_percent":	0,
					"omitted":	true,
					"sender":	false
				}],
			"sum":	{
				"start":	0,
				"end":	1.000007,
				"seconds":	1.0000070333480835,
				"bytes":	809815552,
				"bits_per_second":	6478478850.6031923,
				"jitter_ms":	0.00057621704721489764,
				"lost_packets":	0,
				"packets":	1581671,
				"lost_percent":	0,
				"omitted":	true,
				"sender":	false
			}
		}, {
			"streams":	[{
					"socket":	5,
					"start":	1.000007,
					"end":	2.000001,
					"seconds":	0.99999397993087769,
					"bytes":	583722496,
					"bits_per_second":	4669808080.5674334,
					"jitter_ms":	0.00041512028264455869,
					"lost_packets":	408125,
					"packets":	1548209,
					"lost_percent":	26.361104992930542,
					"omitted":	true,
					"sender":	false
				}],
			"sum":	{
				"start":	1.000007,
				"end":	2.000001,
				"seconds":	0.99999397993087769,
				"bytes":	583722496,
				"bits_per_second":	4669808080.5674334,
				"jitter_ms":	0.00041512028264455869,
				"lost_packets":	408125,
				"packets":	1548209,
				"lost_percent":	26.361104992930542,
				"omitted":	true,
				"sender":	false
			}
		}, {
			"streams":	[{
					"socket":	5,
					"start":	2.8e-05,
					"end":	1,
					"seconds":	1.0000280141830444,
					"bytes":	655047680,
					"bits_per_second":	5240234639.1076241,
					"jitter_ms":	0.00044664773513820557,
					"lost_packets":	334682,
					"packets":	1614117,
					"lost_percent":	20.734680323669227,
					"omitted":	false,
					"sender":	false
				}],
			"sum":	{
				"start":	2.8e-05,
				"end":	1,
				"seconds":	1.0000280141830444,
				"bytes":	655047680,
				"bits_per_second":	5240234639.1076241,
				"jitter_ms":	0.00044664773513820557,
				"lost_packets":	334682,
				"packets":	1614117,
				"lost_percent":	20.734680323669227,
				"omitted":	false,
				"sender":	false
			}
		}, {
			"streams":	[{
					"socket":	5,
					"start":	1,
					"end":	2,
					"seconds":	1,
					"bytes":	588173312,
					"bits_per_second":	4705386496,
					"jitter_ms":	0.000558691348989126,
					"lost_packets":	442047,
					"packets":	1590825,
					"lost_percent":	27.78728018480977,
					"omitted":	false,
					"sender":	false
				}],
			"sum":	{
				"start":	1,
				"end":	2,
				"seconds":	1,
				"bytes":	588173312,
				"bits_per_second":	4705386496,
				"jitter_ms":	0.000558691348989126,
				"lost_packets":	442047,
				"packets":	1590825,
				"lost_percent":	27.78728018480977,
				"omitted":	false,
				"sender":	false
			}
		}, {
			"streams":	[{
					"socket":	5,
					"start":	2,
					"end":	3,
					"seconds":	1,
					"bytes":	538312704,
					"bits_per_second":	4306501632,
					"jitter_ms":	0.0009268657182193653,
					"lost_packets":	554367,
					"packets":	1605791,
					"lost_percent":	34.522985868023923,
					"omitted":	false,
					"sender":	false
				}],
			"sum":	{
				"start":	2,
				"end":	3,
				"seconds":	1,
				"bytes":	538312704,
				"bits_per_second":	4306501632,
				"jitter_ms":	0.0009268657182193653,
				"lost_packets":	554367,
				"packets":	1605791,
				"lost_percent":	34.522985868023923,
				"omitted":	false,
				"sender":	false
			}
		}, {
			"streams":	[{
					"socket":	5,
					"start":	3,
					"end":	4,
					"seconds":	1,
					"bytes":	538184704,
					"bits_per_second":	4305477632,
					"jitter_ms":	0.000646342581378903,
					"lost_packets":	554734,
					"packets":	1605878,
					"lost_percent":	34.5439690935426,
					"omitted":	false,
					"sender":	false
				}],
			"sum":	{
				"start":	3,
				"end":	4,
				"seconds":	1,
				"bytes":	538184704,
				"bits_per_second":	4305477632,
				"jitter_ms":	0.000646342581378903,
				"lost_packets":	554734,
				"packets":	1605878,
				"lost_percent":	34.5439690935426,
				"omitted":	false,
				"sender":	false
			}
		}, {
			"streams":	[{
					"socket":	5,
					"start":	4,
					"end":	5,
					"seconds":	1,
					"bytes":	589319680,
					"bits_per_second":	4714557440,
					"jitter_ms":	0.00055595302561731435,
					"lost_packets":	474528,
					"packets":	1625544,
					"lost_percent":	29.191950510106157,
					"omitted":	false,
					"sender":	false
				}],
			"sum":	{
				"start":	4,
				"end":	5,
				"seconds":	1,
				"bytes":	589319680,
				"bits_per_second":	4714557440,
				"jitter_ms":	0.00055595302561731435,
				"lost_packets":	474528,
				"packets":	1625544,
				"lost_percent":	29.191950510106157,
				"omitted":	false,
				"sender":	false
			}
		}, {
			"streams":	[{
					"socket":	5,
					"start":	5,
					"end":	5.000252,
					"seconds":	0.00025199999799951911,
					"bytes":	203776,
					"bits_per_second":	6469079416.43361,
					"jitter_ms":	0.00052161844466681233,
					"lost_packets":	2923,
					"packets":	3321,
					"lost_percent":	88.015657934357122,
					"omitted":	false,
					"sender":	false
				}],
			"sum":	{
				"start":	5,
				"end":	5.000252,
				"seconds":	0.00025199999799951911,
				"bytes":	203776,
				"bits_per_second":	6469079416.43361,
				"jitter_ms":	0.00052161844466681233,
				"lost_packets":	2923,
				"packets":	3321,
				"lost_percent":	88.015657934357122,
				"omitted":	false,
				"sender":	false
			}
		}],
	"end":	{
		"streams":	[{
				"udp":	{
					"socket":	5,
					"start":	0,
					"end":	5.000252,
					"seconds":	5.000252,
					"bytes":	0,
					"bits_per_second":	0,
					"jitter_ms":	0.00052161844466681233,
					"lost_packets":	2363281,
					"packets":	8045431,
					"lost_percent":	0,
					"out_of_order":	0,
					"sender":	false
				}
			}],
		"sum":	{
			"start":	0,
			"end":	5.000252,
			"seconds":	5.000252,
			"bytes":	0,
			"bits_per_second":	0,
			"jitter_ms":	0.00052161844466681233,
			"lost_packets":	2363281,
			"packets":	8045431,
			"lost_percent":	29.374200089466928,
			"sender":	false
		},
		"sum_sent":	{
			"start":	0,
			"end":	5.000252,
			"seconds":	5.000252,
			"bytes":	0,
			"bits_per_second":	0,
			"jitter_ms":	0,
			"lost_packets":	0,
			"packets":	0,
			"lost_percent":	0,
			"sender":	true
		},
		"sum_received":	{
			"start":	0,
			"end":	5.000252,
			"seconds":	5.000252,
			"bytes":	2909260800,
			"bits_per_second":	4654582689.0324726,
			"jitter_ms":	0.00052161844466681233,
			"lost_packets":	2363281,
			"packets":	8045431,
			"lost_percent":	29.374200089466928,
			"sender":	false
		},
		"cpu_utilization_percent":	{
			"host_total":	198.73379495243623,
			"host_user":	24.210461055316582,
			"host_system":	174.52331961199309,
			"remote_total":	0,
			"remote_user":	0,
			"remote_system":	0
		}
	}
}
