{
	"start":	{
		"connected":	[{
				"socket":	5,
				"local_host":	"192.168.1.110",
				"local_port":	5201,
				"remote_host":	"192.168.1.100",
				"remote_port":	40331
			}],
		"version":	"iperf 3.16",
		"system_info":	"Linux design-lab 6.14.0-37-generic #37~24.04.1-Ubuntu SMP PREEMPT_DYNAMIC Thu Nov 20 10:25:38 UTC 2 x86_64",
		"target_bitrate":	8382536383,
		"timestamp":	{
			"time":	"Fri, 26 Jun 2026 02:36:09 GMT",
			"timesecs":	1782441369
		},
		"accepted_connection":	{
			"host":	"192.168.1.100",
			"port":	55160
		},
		"cookie":	"6oevaphemalbgfsd7fbpiejuuszcpthwdjla",
		"target_bitrate":	8382536383,
		"fq_rate":	0,
		"sock_bufsize":	0,
		"sndbuf_actual":	134217728,
		"rcvbuf_actual":	134217728,
		"test_start":	{
			"protocol":	"UDP",
			"num_streams":	1,
			"blksize":	896,
			"omit":	2,
			"duration":	5,
			"bytes":	0,
			"blocks":	0,
			"reverse":	0,
			"tos":	0,
			"target_bitrate":	8382536383,
			"bidir":	0,
			"fqrate":	0
		}
	},
	"intervals":	[{
			"streams":	[{
					"socket":	5,
					"start":	0,
					"end":	1.000002,
					"seconds":	1.0000020265579224,
					"bytes":	1047620224,
					"bits_per_second":	8380944807.5299034,
					"jitter_ms":	0.00062040777275085854,
					"lost_packets":	0,
					"packets":	1169219,
					"lost_percent":	0,
					"omitted":	true,
					"sender":	false
				}],
			"sum":	{
				"start":	0,
				"end":	1.000002,
				"seconds":	1.0000020265579224,
				"bytes":	1047620224,
				"bits_per_second":	8380944807.5299034,
				"jitter_ms":	0.00062040777275085854,
				"lost_packets":	0,
				"packets":	1169219,
				"lost_percent":	0,
				"omitted":	true,
				"sender":	false
			}
		}, {
			"streams":	[{
					"socket":	5,
					"start":	1,
					"end":	1,
					"seconds":	2,
					"bytes":	1047802112,
					"bits_per_second":	4191208448,
					"jitter_ms":	0.00059296357568234517,
					"lost_packets":	0,
					"packets":	2338951,
					"lost_percent":	0,
					"omitted":	false,
					"sender":	false
				}],
			"sum":	{
				"start":	1,
				"end":	1,
				"seconds":	2,
				"bytes":	1047802112,
				"bits_per_second":	4191208448,
				"jitter_ms":	0.00059296357568234517,
				"lost_packets":	0,
				"packets":	2338951,
				"lost_percent":	0,
				"omitted":	false,
				"sender":	false
			}
		}, {
			"streams":	[{
					"socket":	5,
					"start":	1,
					"end":	2,
					"seconds":	1,
					"bytes":	1047786880,
					"bits_per_second":	8382295040,
					"jitter_ms":	0.00030442821778518456,
					"lost_packets":	0,
					"packets":	1169406,
					"lost_percent":	0,
					"omitted":	false,
					"sender":	false
				}],
			"sum":	{
				"start":	1,
				"end":	2,
				"seconds":	1,
				"bytes":	1047786880,
				"bits_per_second":	8382295040,
				"jitter_ms":	0.00030442821778518456,
				"lost_packets":	0,
				"packets":	1169406,
				"lost_percent":	0,
				"omitted":	false,
				"sender":	false
			}
		}, {
			"streams":	[{
					"socket":	5,
					"start":	2,
					"end":	3.000031,
					"seconds":	1.0000309944152832,
					"bytes":	1047854080,
					"bits_per_second":	8382572827.0566568,
					"jitter_ms":	0.0028773637915866651,
					"lost_packets":	0,
					"packets":	1169482,
					"lost_percent":	0,
					"omitted":	false,
					"sender":	false
				}],
			"sum":	{
				"start":	2,
				"end":	3.000031,
				"seconds":	1.0000309944152832,
				"bytes":	1047854080,
				"bits_per_second":	8382572827.0566568,
				"jitter_ms":	0.0028773637915866651,
				"lost_packets":	0,
				"packets":	1169482,
				"lost_percent":	0,
				"omitted":	false,
				"sender":	false
			}
		}, {
			"streams":	[{
					"socket":	5,
					"start":	3.000031,
					"end":	4,
					"seconds":	0.9999690055847168,
					"bytes":	1039606400,
					"bits_per_second":	8317108983.9298038,
					"jitter_ms":	0.0007593898247767062,
					"lost_packets":	0,
					"packets":	1160282,
					"lost_percent":	0,
					"omitted":	false,
					"sender":	false
				}],
			"sum":	{
				"start":	3.000031,
				"end":	4,
				"seconds":	0.9999690055847168,
				"bytes":	1039606400,
				"bits_per_second":	8317108983.9298038,
				"jitter_ms":	0.0007593898247767062,
				"lost_packets":	0,
				"packets":	1160282,
				"lost_percent":	0,
				"omitted":	false,
				"sender":	false
			}
		}, {
			"streams":	[{
					"socket":	5,
					"start":	4,
					"end":	5,
					"seconds":	1,
					"bytes":	1032518144,
					"bits_per_second":	8260145152,
					"jitter_ms":	0.00071929008834211675,
					"lost_packets":	0,
					"packets":	1152366,
					"lost_percent":	0,
					"omitted":	false,
					"sender":	false
				}],
			"sum":	{
				"start":	4,
				"end":	5,
				"seconds":	1,
				"bytes":	1032518144,
				"bits_per_second":	8260145152,
				"jitter_ms":	0.00071929008834211675,
				"lost_packets":	0,
				"packets":	1152366,
				"lost_percent":	0,
				"omitted":	false,
				"sender":	false
			}
		}, {
			"streams":	[{
					"socket":	5,
					"start":	5,
					"end":	5.000274,
					"seconds":	0.00027399999089539051,
					"bytes":	340480,
					"bits_per_second":	9941022228.1354942,
					"jitter_ms":	0.00053587794642056261,
					"lost_packets":	0,
					"packets":	380,
					"lost_percent":	0,
					"omitted":	false,
					"sender":	false
				}],
			"sum":	{
				"start":	5,
				"end":	5.000274,
				"seconds":	0.00027399999089539051,
				"bytes":	340480,
				"bits_per_second":	9941022228.1354942,
				"jitter_ms":	0.00053587794642056261,
				"lost_packets":	0,
				"packets":	380,
				"lost_percent":	0,
				"omitted":	false,
				"sender":	false
			}
		}],
	"end":	{
		"streams":	[{
				"udp":	{
					"socket":	5,
					"start":	0,
					"end":	5.000274,
					"seconds":	5.000274,
					"bytes":	0,
					"bits_per_second":	0,
					"jitter_ms":	0.00053587794642056261,
					"lost_packets":	0,
					"packets":	5821339,
					"lost_percent":	0,
					"out_of_order":	0,
					"sender":	false
				}
			}],
		"sum":	{
			"start":	0,
			"end":	5.000274,
			"seconds":	5.000274,
			"bytes":	0,
			"bits_per_second":	0,
			"jitter_ms":	0.00053587794642056261,
			"lost_packets":	0,
			"packets":	5821339,
			"lost_percent":	0,
			"sender":	false
		},
		"sum_sent":	{
			"start":	0,
			"end":	5.000274,
			"seconds":	5.000274,
			"bytes":	0,
			"bits_per_second":	0,
			"jitter_ms":	0,
			"lost_packets":	0,
			"packets":	0,
			"lost_percent":	0,
			"sender":	true
		},
		"sum_received":	{
			"start":	0,
			"end":	5.000274,
			"seconds":	5.000274,
			"bytes":	5215919744,
			"bits_per_second":	8345014283.6172571,
			"jitter_ms":	0.00053587794642056261,
			"lost_packets":	0,
			"packets":	5821339,
			"lost_percent":	0,
			"sender":	false
		},
		"cpu_utilization_percent":	{
			"host_total":	175.60244350121275,
			"host_user":	24.790369189359915,
			"host_system":	150.81206002671607,
			"remote_total":	0,
			"remote_user":	0,
			"remote_system":	0
		}
	}
}
