{
	"start":	{
		"connected":	[{
				"socket":	5,
				"local_host":	"192.168.1.110",
				"local_port":	5201,
				"remote_host":	"192.168.1.100",
				"remote_port":	60377
			}],
		"version":	"iperf 3.16",
		"system_info":	"Linux design-lab 6.14.0-37-generic #37~24.04.1-Ubuntu SMP PREEMPT_DYNAMIC Thu Nov 20 10:25:38 UTC 2 x86_64",
		"target_bitrate":	8421052632,
		"timestamp":	{
			"time":	"Fri, 26 Jun 2026 02:36:25 GMT",
			"timesecs":	1782441385
		},
		"accepted_connection":	{
			"host":	"192.168.1.100",
			"port":	37024
		},
		"cookie":	"mv7f6ana62h5bcqtc67wcvzu64adxcwmvlma",
		"target_bitrate":	8421052632,
		"fq_rate":	0,
		"sock_bufsize":	0,
		"sndbuf_actual":	134217728,
		"rcvbuf_actual":	134217728,
		"test_start":	{
			"protocol":	"UDP",
			"num_streams":	1,
			"blksize":	960,
			"omit":	2,
			"duration":	5,
			"bytes":	0,
			"blocks":	0,
			"reverse":	0,
			"tos":	0,
			"target_bitrate":	8421052632,
			"bidir":	0,
			"fqrate":	0
		}
	},
	"intervals":	[{
			"streams":	[{
					"socket":	5,
					"start":	0,
					"end":	1.000001,
					"seconds":	1.0000009536743164,
					"bytes":	1052520000,
					"bits_per_second":	8420151969.917326,
					"jitter_ms":	0.0022420400510059961,
					"lost_packets":	0,
					"packets":	1096375,
					"lost_percent":	0,
					"omitted":	true,
					"sender":	false
				}],
			"sum":	{
				"start":	0,
				"end":	1.000001,
				"seconds":	1.0000009536743164,
				"bytes":	1052520000,
				"bits_per_second":	8420151969.917326,
				"jitter_ms":	0.0022420400510059961,
				"lost_packets":	0,
				"packets":	1096375,
				"lost_percent":	0,
				"omitted":	true,
				"sender":	false
			}
		}, {
			"streams":	[{
					"socket":	5,
					"start":	1,
					"end":	1,
					"seconds":	2,
					"bytes":	1052632320,
					"bits_per_second":	4210529280,
					"jitter_ms":	0.00054970929738430664,
					"lost_packets":	0,
					"packets":	2192967,
					"lost_percent":	0,
					"omitted":	false,
					"sender":	false
				}],
			"sum":	{
				"start":	1,
				"end":	1,
				"seconds":	2,
				"bytes":	1052632320,
				"bits_per_second":	4210529280,
				"jitter_ms":	0.00054970929738430664,
				"lost_packets":	0,
				"packets":	2192967,
				"lost_percent":	0,
				"omitted":	false,
				"sender":	false
			}
		}, {
			"streams":	[{
					"socket":	5,
					"start":	1,
					"end":	2.000006,
					"seconds":	1.0000059604644775,
					"bytes":	1052645760,
					"bits_per_second":	8421115886.2379,
					"jitter_ms":	0.0025931998692730615,
					"lost_packets":	0,
					"packets":	1096506,
					"lost_percent":	0,
					"omitted":	false,
					"sender":	false
				}],
			"sum":	{
				"start":	1,
				"end":	2.000006,
				"seconds":	1.0000059604644775,
				"bytes":	1052645760,
				"bits_per_second":	8421115886.2379,
				"jitter_ms":	0.0025931998692730615,
				"lost_packets":	0,
				"packets":	1096506,
				"lost_percent":	0,
				"omitted":	false,
				"sender":	false
			}
		}, {
			"streams":	[{
					"socket":	5,
					"start":	2.000006,
					"end":	3.000001,
					"seconds":	0.999994993209839,
					"bytes":	1052625600,
					"bits_per_second":	8421046962.4150782,
					"jitter_ms":	0.00048428883135982374,
					"lost_packets":	0,
					"packets":	1096485,
					"lost_percent":	0,
					"omitted":	false,
					"sender":	false
				}],
			"sum":	{
				"start":	2.000006,
				"end":	3.000001,
				"seconds":	0.999994993209839,
				"bytes":	1052625600,
				"bits_per_second":	8421046962.4150782,
				"jitter_ms":	0.00048428883135982374,
				"lost_packets":	0,
				"packets":	1096485,
				"lost_percent":	0,
				"omitted":	false,
				"sender":	false
			}
		}, {
			"streams":	[{
					"socket":	5,
					"start":	3.000001,
					"end":	4,
					"seconds":	0.99999898672103882,
					"bytes":	1052625600,
					"bits_per_second":	8421013332.8356419,
					"jitter_ms":	0.00030239813209222973,
					"lost_packets":	0,
					"packets":	1096489,
					"lost_percent":	0,
					"omitted":	false,
					"sender":	false
				}],
			"sum":	{
				"start":	3.000001,
				"end":	4,
				"seconds":	0.99999898672103882,
				"bytes":	1052625600,
				"bits_per_second":	8421013332.8356419,
				"jitter_ms":	0.00030239813209222973,
				"lost_packets":	0,
				"packets":	1096489,
				"lost_percent":	0,
				"omitted":	false,
				"sender":	false
			}
		}, {
			"streams":	[{
					"socket":	5,
					"start":	4,
					"end":	5,
					"seconds":	1,
					"bytes":	1052613120,
					"bits_per_second":	8420904960,
					"jitter_ms":	0.00079531732949510668,
					"lost_packets":	0,
					"packets":	1096473,
					"lost_percent":	0,
					"omitted":	false,
					"sender":	false
				}],
			"sum":	{
				"start":	4,
				"end":	5,
				"seconds":	1,
				"bytes":	1052613120,
				"bits_per_second":	8420904960,
				"jitter_ms":	0.00079531732949510668,
				"lost_packets":	0,
				"packets":	1096473,
				"lost_percent":	0,
				"omitted":	false,
				"sender":	false
			}
		}, {
			"streams":	[{
					"socket":	5,
					"start":	5,
					"end":	5.000247,
					"seconds":	0.00024699998903088272,
					"bytes":	153600,
					"bits_per_second":	4974899006.35729,
					"jitter_ms":	0.00059434973010367845,
					"lost_packets":	0,
					"packets":	162,
					"lost_percent":	0,
					"omitted":	false,
					"sender":	false
				}],
			"sum":	{
				"start":	5,
				"end":	5.000247,
				"seconds":	0.00024699998903088272,
				"bytes":	153600,
				"bits_per_second":	4974899006.35729,
				"jitter_ms":	0.00059434973010367845,
				"lost_packets":	0,
				"packets":	162,
				"lost_percent":	0,
				"omitted":	false,
				"sender":	false
			}
		}],
	"end":	{
		"streams":	[{
				"udp":	{
					"socket":	5,
					"start":	0,
					"end":	5.000247,
					"seconds":	5.000247,
					"bytes":	0,
					"bits_per_second":	0,
					"jitter_ms":	0.00059434973010367845,
					"lost_packets":	0,
					"packets":	5482608,
					"lost_percent":	0,
					"out_of_order":	0,
					"sender":	false
				}
			}],
		"sum":	{
			"start":	0,
			"end":	5.000247,
			"seconds":	5.000247,
			"bytes":	0,
			"bits_per_second":	0,
			"jitter_ms":	0.00059434973010367845,
			"lost_packets":	0,
			"packets":	5482608,
			"lost_percent":	0,
			"sender":	false
		},
		"sum_sent":	{
			"start":	0,
			"end":	5.000247,
			"seconds":	5.000247,
			"bytes":	0,
			"bits_per_second":	0,
			"jitter_ms":	0,
			"lost_packets":	0,
			"packets":	0,
			"lost_percent":	0,
			"sender":	true
		},
		"sum_received":	{
			"start":	0,
			"end":	5.000247,
			"seconds":	5.000247,
			"bytes":	5263303680,
			"bits_per_second":	8420869897.0270872,
			"jitter_ms":	0.00059434973010367845,
			"lost_packets":	0,
			"packets":	5482608,
			"lost_percent":	0,
			"sender":	false
		},
		"cpu_utilization_percent":	{
			"host_total":	142.81293426983243,
			"host_user":	19.393547893105623,
			"host_system":	123.41937209153492,
			"remote_total":	0,
			"remote_user":	0,
			"remote_system":	0
		}
	}
}
