{
	"start":	{
		"connected":	[{
				"socket":	5,
				"local_host":	"192.168.1.110",
				"local_port":	5201,
				"remote_host":	"192.168.1.100",
				"remote_port":	58195
			}],
		"version":	"iperf 3.16",
		"system_info":	"Linux design-lab 6.14.0-37-generic #37~24.04.1-Ubuntu SMP PREEMPT_DYNAMIC Thu Nov 20 10:25:38 UTC 2 x86_64",
		"target_bitrate":	8578723404,
		"timestamp":	{
			"time":	"Fri, 26 Jun 2026 02:38:06 GMT",
			"timesecs":	1782441486
		},
		"accepted_connection":	{
			"host":	"192.168.1.100",
			"port":	42810
		},
		"cookie":	"5d57yp3lur5g4zyiydcbmxkjjigozot7rm5p",
		"target_bitrate":	8578723404,
		"fq_rate":	0,
		"sock_bufsize":	0,
		"sndbuf_actual":	134217728,
		"rcvbuf_actual":	134217728,
		"test_start":	{
			"protocol":	"UDP",
			"num_streams":	1,
			"blksize":	1344,
			"omit":	2,
			"duration":	5,
			"bytes":	0,
			"blocks":	0,
			"reverse":	0,
			"tos":	0,
			"target_bitrate":	8578723404,
			"bidir":	0,
			"fqrate":	0
		}
	},
	"intervals":	[{
			"streams":	[{
					"socket":	5,
					"start":	0,
					"end":	1.000001,
					"seconds":	1.0000009536743164,
					"bytes":	1072220352,
					"bits_per_second":	8577754635.61571,
					"jitter_ms":	0.00081727930999913755,
					"lost_packets":	0,
					"packets":	797783,
					"lost_percent":	0,
					"omitted":	true,
					"sender":	false
				}],
			"sum":	{
				"start":	0,
				"end":	1.000001,
				"seconds":	1.0000009536743164,
				"bytes":	1072220352,
				"bits_per_second":	8577754635.61571,
				"jitter_ms":	0.00081727930999913755,
				"lost_packets":	0,
				"packets":	797783,
				"lost_percent":	0,
				"omitted":	true,
				"sender":	false
			}
		}, {
			"streams":	[{
					"socket":	5,
					"start":	1,
					"end":	1,
					"seconds":	2,
					"bytes":	1072368192,
					"bits_per_second":	4289472768,
					"jitter_ms":	0.00134489896638452,
					"lost_packets":	0,
					"packets":	1595735,
					"lost_percent":	0,
					"omitted":	false,
					"sender":	false
				}],
			"sum":	{
				"start":	1,
				"end":	1,
				"seconds":	2,
				"bytes":	1072368192,
				"bits_per_second":	4289472768,
				"jitter_ms":	0.00134489896638452,
				"lost_packets":	0,
				"packets":	1595735,
				"lost_percent":	0,
				"omitted":	false,
				"sender":	false
			}
		}, {
			"streams":	[{
					"socket":	5,
					"start":	1,
					"end":	2,
					"seconds":	1,
					"bytes":	1072317120,
					"bits_per_second":	8578536960,
					"jitter_ms":	0.00168771193016129,
					"lost_packets":	0,
					"packets":	797856,
					"lost_percent":	0,
					"omitted":	false,
					"sender":	false
				}],
			"sum":	{
				"start":	1,
				"end":	2,
				"seconds":	1,
				"bytes":	1072317120,
				"bits_per_second":	8578536960,
				"jitter_ms":	0.00168771193016129,
				"lost_packets":	0,
				"packets":	797856,
				"lost_percent":	0,
				"omitted":	false,
				"sender":	false
			}
		}, {
			"streams":	[{
					"socket":	5,
					"start":	2,
					"end":	3,
					"seconds":	1,
					"bytes":	1072331904,
					"bits_per_second":	8578655232,
					"jitter_ms":	0.0017880656381849089,
					"lost_packets":	0,
					"packets":	797866,
					"lost_percent":	0,
					"omitted":	false,
					"sender":	false
				}],
			"sum":	{
				"start":	2,
				"end":	3,
				"seconds":	1,
				"bytes":	1072331904,
				"bits_per_second":	8578655232,
				"jitter_ms":	0.0017880656381849089,
				"lost_packets":	0,
				"packets":	797866,
				"lost_percent":	0,
				"omitted":	false,
				"sender":	false
			}
		}, {
			"streams":	[{
					"socket":	5,
					"start":	3,
					"end":	4.000008,
					"seconds":	1.0000079870224,
					"bytes":	1072337280,
					"bits_per_second":	8578629722.2922478,
					"jitter_ms":	0.0027239053928336215,
					"lost_packets":	0,
					"packets":	797872,
					"lost_percent":	0,
					"omitted":	false,
					"sender":	false
				}],
			"sum":	{
				"start":	3,
				"end":	4.000008,
				"seconds":	1.0000079870224,
				"bytes":	1072337280,
				"bits_per_second":	8578629722.2922478,
				"jitter_ms":	0.0027239053928336215,
				"lost_packets":	0,
				"packets":	797872,
				"lost_percent":	0,
				"omitted":	false,
				"sender":	false
			}
		}, {
			"streams":	[{
					"socket":	5,
					"start":	4.000008,
					"end":	5,
					"seconds":	0.9999920129776,
					"bytes":	1072335936,
					"bits_per_second":	8578756006.71639,
					"jitter_ms":	0.001806790052976555,
					"lost_packets":	0,
					"packets":	797869,
					"lost_percent":	0,
					"omitted":	false,
					"sender":	false
				}],
			"sum":	{
				"start":	4.000008,
				"end":	5,
				"seconds":	0.9999920129776,
				"bytes":	1072335936,
				"bits_per_second":	8578756006.71639,
				"jitter_ms":	0.001806790052976555,
				"lost_packets":	0,
				"packets":	797869,
				"lost_percent":	0,
				"omitted":	false,
				"sender":	false
			}
		}, {
			"streams":	[{
					"socket":	5,
					"start":	5,
					"end":	5.000175,
					"seconds":	0.00017499999376013875,
					"bytes":	190848,
					"bits_per_second":	8724480311.0831242,
					"jitter_ms":	0.00203999654308428,
					"lost_packets":	0,
					"packets":	142,
					"lost_percent":	0,
					"omitted":	false,
					"sender":	false
				}],
			"sum":	{
				"start":	5,
				"end":	5.000175,
				"seconds":	0.00017499999376013875,
				"bytes":	190848,
				"bits_per_second":	8724480311.0831242,
				"jitter_ms":	0.00203999654308428,
				"lost_packets":	0,
				"packets":	142,
				"lost_percent":	0,
				"omitted":	false,
				"sender":	false
			}
		}],
	"end":	{
		"streams":	[{
				"udp":	{
					"socket":	5,
					"start":	0,
					"end":	5.000175,
					"seconds":	5.000175,
					"bytes":	0,
					"bits_per_second":	0,
					"jitter_ms":	0.00203999654308428,
					"lost_packets":	0,
					"packets":	3989498,
					"lost_percent":	0,
					"out_of_order":	0,
					"sender":	false
				}
			}],
		"sum":	{
			"start":	0,
			"end":	5.000175,
			"seconds":	5.000175,
			"bytes":	0,
			"bits_per_second":	0,
			"jitter_ms":	0.00203999654308428,
			"lost_packets":	0,
			"packets":	3989498,
			"lost_percent":	0,
			"sender":	false
		},
		"sum_sent":	{
			"start":	0,
			"end":	5.000175,
			"seconds":	5.000175,
			"bytes":	0,
			"bits_per_second":	0,
			"jitter_ms":	0,
			"lost_packets":	0,
			"packets":	0,
			"lost_percent":	0,
			"sender":	true
		},
		"sum_received":	{
			"start":	0,
			"end":	5.000175,
			"seconds":	5.000175,
			"bytes":	5361885312,
			"bits_per_second":	8578716244.1314564,
			"jitter_ms":	0.00203999654308428,
			"lost_packets":	0,
			"packets":	3989498,
			"lost_percent":	0,
			"sender":	false
		},
		"cpu_utilization_percent":	{
			"host_total":	103.94672708416068,
			"host_user":	14.283989840261249,
			"host_system":	89.6627229585525,
			"remote_total":	0,
			"remote_user":	0,
			"remote_system":	0
		}
	}
}
