{
	"start":	{
		"connected":	[{
				"socket":	5,
				"local_host":	"192.168.1.100",
				"local_port":	43755,
				"remote_host":	"192.168.1.110",
				"remote_port":	5201
			}],
		"version":	"iperf 3.16",
		"system_info":	"Linux design-lab 6.14.0-37-generic #37~24.04.1-Ubuntu SMP PREEMPT_DYNAMIC Thu Nov 20 10:25:38 UTC 2 x86_64",
		"timestamp":	{
			"time":	"Fri, 26 Jun 2026 02:34:45 GMT",
			"timesecs":	1782441285
		},
		"connecting_to":	{
			"host":	"192.168.1.110",
			"port":	5201
		},
		"cookie":	"vxlputmqfjthqtspoigtfiec35bebgp25r7b",
		"target_bitrate":	8074766355,
		"fq_rate":	0,
		"sock_bufsize":	0,
		"sndbuf_actual":	134217728,
		"rcvbuf_actual":	134217728,
		"test_start":	{
			"protocol":	"UDP",
			"num_streams":	1,
			"blksize":	576,
			"omit":	2,
			"duration":	5,
			"bytes":	0,
			"blocks":	0,
			"reverse":	0,
			"tos":	0,
			"target_bitrate":	8074766355,
			"bidir":	0,
			"fqrate":	0
		}
	},
	"intervals":	[{
			"streams":	[{
					"socket":	5,
					"start":	0,
					"end":	1.000029,
					"seconds":	1.0000289678573608,
					"bytes":	928162944,
					"bits_per_second":	7425088463.09651,
					"packets":	1611396,
					"omitted":	true,
					"sender":	true
				}],
			"sum":	{
				"start":	0,
				"end":	1.000029,
				"seconds":	1.0000289678573608,
				"bytes":	928162944,
				"bits_per_second":	7425088463.09651,
				"packets":	1611396,
				"omitted":	true,
				"sender":	true
			}
		}, {
			"streams":	[{
					"socket":	5,
					"start":	1,
					"end":	1.000052,
					"seconds":	2.0000519752502441,
					"bytes":	928987200,
					"bits_per_second":	3715852233.8251386,
					"packets":	3226364,
					"omitted":	false,
					"sender":	true
				}],
			"sum":	{
				"start":	1,
				"end":	1.000052,
				"seconds":	2.0000519752502441,
				"bytes":	928987200,
				"bits_per_second":	3715852233.8251386,
				"packets":	3226364,
				"omitted":	false,
				"sender":	true
			}
		}, {
			"streams":	[{
					"socket":	5,
					"start":	1.000052,
					"end":	2.000052,
					"seconds":	1,
					"bytes":	928514304,
					"bits_per_second":	7428114432,
					"packets":	1612005,
					"omitted":	false,
					"sender":	true
				}],
			"sum":	{
				"start":	1.000052,
				"end":	2.000052,
				"seconds":	1,
				"bytes":	928514304,
				"bits_per_second":	7428114432,
				"packets":	1612005,
				"omitted":	false,
				"sender":	true
			}
		}, {
			"streams":	[{
					"socket":	5,
					"start":	2.000052,
					"end":	3.000051,
					"seconds":	0.99999898672103882,
					"bytes":	928389312,
					"bits_per_second":	7427122021.7464867,
					"packets":	1611805,
					"omitted":	false,
					"sender":	true
				}],
			"sum":	{
				"start":	2.000052,
				"end":	3.000051,
				"seconds":	0.99999898672103882,
				"bytes":	928389312,
				"bits_per_second":	7427122021.7464867,
				"packets":	1611805,
				"omitted":	false,
				"sender":	true
			}
		}, {
			"streams":	[{
					"socket":	5,
					"start":	3.000051,
					"end":	4.000052,
					"seconds":	1.0000009536743164,
					"bytes":	927682560,
					"bits_per_second":	7421453402.3505,
					"packets":	1610562,
					"omitted":	false,
					"sender":	true
				}],
			"sum":	{
				"start":	3.000051,
				"end":	4.000052,
				"seconds":	1.0000009536743164,
				"bytes":	927682560,
				"bits_per_second":	7421453402.3505,
				"packets":	1610562,
				"omitted":	false,
				"sender":	true
			}
		}, {
			"streams":	[{
					"socket":	5,
					"start":	4.000052,
					"end":	5.000124,
					"seconds":	1.0000720024108887,
					"bytes":	927609408,
					"bits_per_second":	7420340981.5597115,
					"packets":	1610434,
					"omitted":	false,
					"sender":	true
				}],
			"sum":	{
				"start":	4.000052,
				"end":	5.000124,
				"seconds":	1.0000720024108887,
				"bytes":	927609408,
				"bits_per_second":	7420340981.5597115,
				"packets":	1610434,
				"omitted":	false,
				"sender":	true
			}
		}],
	"end":	{
		"streams":	[{
				"udp":	{
					"socket":	5,
					"start":	0,
					"end":	5.000124,
					"seconds":	5.000124,
					"bytes":	4641196032,
					"bits_per_second":	7425729493.108572,
					"jitter_ms":	0.00048395022363321939,
					"lost_packets":	2202827,
					"packets":	8057631,
					"lost_percent":	27.3383951188631,
					"out_of_order":	0,
					"sender":	true
				}
			}],
		"sum":	{
			"start":	0,
			"end":	5.000223,
			"seconds":	5.000223,
			"bytes":	4641196032,
			"bits_per_second":	7425729493.108572,
			"jitter_ms":	0.00048395022363321939,
			"lost_packets":	2202827,
			"packets":	8057631,
			"lost_percent":	27.3383951188631,
			"sender":	true
		},
		"sum_sent":	{
			"start":	0,
			"end":	5.000124,
			"seconds":	5.000124,
			"bytes":	4641196032,
			"bits_per_second":	7425729493.108572,
			"jitter_ms":	0,
			"lost_packets":	0,
			"packets":	8057631,
			"lost_percent":	0,
			"sender":	true
		},
		"sum_received":	{
			"start":	0,
			"end":	5.000223,
			"seconds":	5.000223,
			"bytes":	3372679296,
			"bits_per_second":	5396046209.9390364,
			"jitter_ms":	0.00048395022363321939,
			"lost_packets":	2202827,
			"packets":	8058173,
			"lost_percent":	27.3383951188631,
			"sender":	false
		},
		"cpu_utilization_percent":	{
			"host_total":	101.468192821924,
			"host_user":	11.060521153384375,
			"host_system":	90.407657383868127,
			"remote_total":	199.9655583286347,
			"remote_user":	26.124214866316748,
			"remote_system":	173.841314891873
		}
	}
}
