{
	"start":	{
		"connected":	[{
				"socket":	5,
				"local_host":	"192.168.1.100",
				"local_port":	58195,
				"remote_host":	"192.168.1.110",
				"remote_port":	5201
			}],
		"version":	"iperf 3.16",
		"system_info":	"Linux design-lab 6.14.0-37-generic #37~24.04.1-Ubuntu SMP PREEMPT_DYNAMIC Thu Nov 20 10:25:38 UTC 2 x86_64",
		"timestamp":	{
			"time":	"Fri, 26 Jun 2026 02:38:06 GMT",
			"timesecs":	1782441486
		},
		"connecting_to":	{
			"host":	"192.168.1.110",
			"port":	5201
		},
		"cookie":	"5d57yp3lur5g4zyiydcbmxkjjigozot7rm5p",
		"target_bitrate":	8578723404,
		"fq_rate":	0,
		"sock_bufsize":	0,
		"sndbuf_actual":	134217728,
		"rcvbuf_actual":	134217728,
		"test_start":	{
			"protocol":	"UDP",
			"num_streams":	1,
			"blksize":	1344,
			"omit":	2,
			"duration":	5,
			"bytes":	0,
			"blocks":	0,
			"reverse":	0,
			"tos":	0,
			"target_bitrate":	8578723404,
			"bidir":	0,
			"fqrate":	0
		}
	},
	"intervals":	[{
			"streams":	[{
					"socket":	5,
					"start":	0,
					"end":	1.000052,
					"seconds":	1.0000519752502441,
					"bytes":	1072380288,
					"bits_per_second":	8578596429.3038435,
					"packets":	797902,
					"omitted":	true,
					"sender":	true
				}],
			"sum":	{
				"start":	0,
				"end":	1.000052,
				"seconds":	1.0000519752502441,
				"bytes":	1072380288,
				"bits_per_second":	8578596429.3038435,
				"packets":	797902,
				"omitted":	true,
				"sender":	true
			}
		}, {
			"streams":	[{
					"socket":	5,
					"start":	1.000052,
					"end":	2.000051,
					"seconds":	0.99999898672103882,
					"bytes":	1072341312,
					"bits_per_second":	8578739188.6559334,
					"packets":	797874,
					"omitted":	true,
					"sender":	true
				}],
			"sum":	{
				"start":	1.000052,
				"end":	2.000051,
				"seconds":	0.99999898672103882,
				"bytes":	1072341312,
				"bits_per_second":	8578739188.6559334,
				"packets":	797874,
				"omitted":	true,
				"sender":	true
			}
		}, {
			"streams":	[{
					"socket":	5,
					"start":	3e-06,
					"end":	0.999998,
					"seconds":	1.0000009536743164,
					"bytes":	1072303680,
					"bits_per_second":	8578421258.97997,
					"packets":	797849,
					"omitted":	false,
					"sender":	true
				}],
			"sum":	{
				"start":	3e-06,
				"end":	0.999998,
				"seconds":	1.0000009536743164,
				"bytes":	1072303680,
				"bits_per_second":	8578421258.97997,
				"packets":	797849,
				"omitted":	false,
				"sender":	true
			}
		}, {
			"streams":	[{
					"socket":	5,
					"start":	0.999998,
					"end":	1.999999,
					"seconds":	1.0000009536743164,
					"bytes":	1072280832,
					"bits_per_second":	8578238475.1542864,
					"packets":	797831,
					"omitted":	false,
					"sender":	true
				}],
			"sum":	{
				"start":	0.999998,
				"end":	1.999999,
				"seconds":	1.0000009536743164,
				"bytes":	1072280832,
				"bits_per_second":	8578238475.1542864,
				"packets":	797831,
				"omitted":	false,
				"sender":	true
			}
		}, {
			"streams":	[{
					"socket":	5,
					"start":	1.999999,
					"end":	2.999999,
					"seconds":	1,
					"bytes":	1072427328,
					"bits_per_second":	8579418624,
					"packets":	797937,
					"omitted":	false,
					"sender":	true
				}],
			"sum":	{
				"start":	1.999999,
				"end":	2.999999,
				"seconds":	1,
				"bytes":	1072427328,
				"bits_per_second":	8579418624,
				"packets":	797937,
				"omitted":	false,
				"sender":	true
			}
		}, {
			"streams":	[{
					"socket":	5,
					"start":	2.999999,
					"end":	3.999999,
					"seconds":	1,
					"bytes":	1072270080,
					"bits_per_second":	8578160640,
					"packets":	797821,
					"omitted":	false,
					"sender":	true
				}],
			"sum":	{
				"start":	2.999999,
				"end":	3.999999,
				"seconds":	1,
				"bytes":	1072270080,
				"bits_per_second":	8578160640,
				"packets":	797821,
				"omitted":	false,
				"sender":	true
			}
		}, {
			"streams":	[{
					"socket":	5,
					"start":	3.999999,
					"end":	5.000074,
					"seconds":	1.0000749826431274,
					"bytes":	1072421952,
					"bits_per_second":	8578732359.9729662,
					"packets":	797934,
					"omitted":	false,
					"sender":	true
				}],
			"sum":	{
				"start":	3.999999,
				"end":	5.000074,
				"seconds":	1.0000749826431274,
				"bytes":	1072421952,
				"bits_per_second":	8578732359.9729662,
				"packets":	797934,
				"omitted":	false,
				"sender":	true
			}
		}],
	"end":	{
		"streams":	[{
				"udp":	{
					"socket":	5,
					"start":	0,
					"end":	5.000074,
					"seconds":	5.000074,
					"bytes":	5361711936,
					"bits_per_second":	8578612134.1404152,
					"jitter_ms":	0.00203999654308428,
					"lost_packets":	0,
					"packets":	3989368,
					"lost_percent":	0,
					"out_of_order":	0,
					"sender":	true
				}
			}],
		"sum":	{
			"start":	0,
			"end":	5.000175,
			"seconds":	5.000175,
			"bytes":	5361711936,
			"bits_per_second":	8578612134.1404152,
			"jitter_ms":	0.00203999654308428,
			"lost_packets":	0,
			"packets":	3989368,
			"lost_percent":	0,
			"sender":	true
		},
		"sum_sent":	{
			"start":	0,
			"end":	5.000074,
			"seconds":	5.000074,
			"bytes":	5361711936,
			"bits_per_second":	8578612134.1404152,
			"jitter_ms":	0,
			"lost_packets":	0,
			"packets":	3989368,
			"lost_percent":	0,
			"sender":	true
		},
		"sum_received":	{
			"start":	0,
			"end":	5.000175,
			"seconds":	5.000175,
			"bytes":	5361885312,
			"bits_per_second":	8578716244.1314564,
			"jitter_ms":	0.00203999654308428,
			"lost_packets":	0,
			"packets":	3989498,
			"lost_percent":	0,
			"sender":	false
		},
		"cpu_utilization_percent":	{
			"host_total":	101.25378885761951,
			"host_user":	17.864766334674247,
			"host_system":	83.3890225229453,
			"remote_total":	103.94672708416068,
			"remote_user":	14.283989840261249,
			"remote_system":	89.6627229585525
		}
	}
}
