{
	"start":	{
		"connected":	[{
				"socket":	5,
				"local_host":	"192.168.1.110",
				"local_port":	5201,
				"remote_host":	"192.168.1.100",
				"remote_port":	35962
			}],
		"version":	"iperf 3.16",
		"system_info":	"Linux design-lab 6.14.0-37-generic #37~24.04.1-Ubuntu SMP PREEMPT_DYNAMIC Thu Nov 20 10:25:38 UTC 2 x86_64",
		"target_bitrate":	8158640227,
		"timestamp":	{
			"time":	"Fri, 26 Jun 2026 02:35:01 GMT",
			"timesecs":	1782441301
		},
		"accepted_connection":	{
			"host":	"192.168.1.100",
			"port":	48006
		},
		"cookie":	"n2y3r27mnhrltdo6uvbpxearnlsemktsmwm4",
		"target_bitrate":	8158640227,
		"fq_rate":	0,
		"sock_bufsize":	0,
		"sndbuf_actual":	134217728,
		"rcvbuf_actual":	134217728,
		"test_start":	{
			"protocol":	"UDP",
			"num_streams":	1,
			"blksize":	640,
			"omit":	2,
			"duration":	5,
			"bytes":	0,
			"blocks":	0,
			"reverse":	0,
			"tos":	0,
			"target_bitrate":	8158640227,
			"bidir":	0,
			"fqrate":	0
		}
	},
	"intervals":	[{
			"streams":	[{
					"socket":	5,
					"start":	0,
					"end":	1.000001,
					"seconds":	1.0000009536743164,
					"bytes":	847372160,
					"bits_per_second":	6778970815.0696421,
					"jitter_ms":	0.00049237719235641249,
					"lost_packets":	215316,
					"packets":	1539335,
					"lost_percent":	13.987598540928389,
					"omitted":	true,
					"sender":	false
				}],
			"sum":	{
				"start":	0,
				"end":	1.000001,
				"seconds":	1.0000009536743164,
				"bytes":	847372160,
				"bits_per_second":	6778970815.0696421,
				"jitter_ms":	0.00049237719235641249,
				"lost_packets":	215316,
				"packets":	1539335,
				"lost_percent":	13.987598540928389,
				"omitted":	true,
				"sender":	false
			}
		}, {
			"streams":	[{
					"socket":	5,
					"start":	1.000001,
					"end":	2.000001,
					"seconds":	1,
					"bytes":	855854080,
					"bits_per_second":	6846832640,
					"jitter_ms":	0.000537629029434644,
					"lost_packets":	256871,
					"packets":	1594145,
					"lost_percent":	16.113402482208333,
					"omitted":	true,
					"sender":	false
				}],
			"sum":	{
				"start":	1.000001,
				"end":	2.000001,
				"seconds":	1,
				"bytes":	855854080,
				"bits_per_second":	6846832640,
				"jitter_ms":	0.000537629029434644,
				"lost_packets":	256871,
				"packets":	1594145,
				"lost_percent":	16.113402482208333,
				"omitted":	true,
				"sender":	false
			}
		}, {
			"streams":	[{
					"socket":	5,
					"start":	1.4e-05,
					"end":	0.999999,
					"seconds":	1.000012993812561,
					"bytes":	855581440,
					"bits_per_second":	6844562583.0367336,
					"jitter_ms":	0.00036068900779557948,
					"lost_packets":	256914,
					"packets":	1593780,
					"lost_percent":	16.119790686292966,
					"omitted":	false,
					"sender":	false
				}],
			"sum":	{
				"start":	1.4e-05,
				"end":	0.999999,
				"seconds":	1.000012993812561,
				"bytes":	855581440,
				"bits_per_second":	6844562583.0367336,
				"jitter_ms":	0.00036068900779557948,
				"lost_packets":	256914,
				"packets":	1593780,
				"lost_percent":	16.119790686292966,
				"omitted":	false,
				"sender":	false
			}
		}, {
			"streams":	[{
					"socket":	5,
					"start":	0.999999,
					"end":	1.999999,
					"seconds":	1,
					"bytes":	854665600,
					"bits_per_second":	6837324800,
					"jitter_ms":	0.00029806121819104961,
					"lost_packets":	256214,
					"packets":	1591632,
					"lost_percent":	16.097565266342972,
					"omitted":	false,
					"sender":	false
				}],
			"sum":	{
				"start":	0.999999,
				"end":	1.999999,
				"seconds":	1,
				"bytes":	854665600,
				"bits_per_second":	6837324800,
				"jitter_ms":	0.00029806121819104961,
				"lost_packets":	256214,
				"packets":	1591632,
				"lost_percent":	16.097565266342972,
				"omitted":	false,
				"sender":	false
			}
		}, {
			"streams":	[{
					"socket":	5,
					"start":	1.999999,
					"end":	3,
					"seconds":	1.0000009536743164,
					"bytes":	854222080,
					"bits_per_second":	6833770122.80895,
					"jitter_ms":	0.000306394292419007,
					"lost_packets":	259918,
					"packets":	1594647,
					"lost_percent":	16.299406702549216,
					"omitted":	false,
					"sender":	false
				}],
			"sum":	{
				"start":	1.999999,
				"end":	3,
				"seconds":	1.0000009536743164,
				"bytes":	854222080,
				"bits_per_second":	6833770122.80895,
				"jitter_ms":	0.000306394292419007,
				"lost_packets":	259918,
				"packets":	1594647,
				"lost_percent":	16.299406702549216,
				"omitted":	false,
				"sender":	false
			}
		}, {
			"streams":	[{
					"socket":	5,
					"start":	3,
					"end":	3.999999,
					"seconds":	0.99999898672103882,
					"bytes":	853668480,
					"bits_per_second":	6829354760.0414972,
					"jitter_ms":	0.0005622176063786663,
					"lost_packets":	260690,
					"packets":	1594550,
					"lost_percent":	16.348813144774386,
					"omitted":	false,
					"sender":	false
				}],
			"sum":	{
				"start":	3,
				"end":	3.999999,
				"seconds":	0.99999898672103882,
				"bytes":	853668480,
				"bits_per_second":	6829354760.0414972,
				"jitter_ms":	0.0005622176063786663,
				"lost_packets":	260690,
				"packets":	1594550,
				"lost_percent":	16.348813144774386,
				"omitted":	false,
				"sender":	false
			}
		}, {
			"streams":	[{
					"socket":	5,
					"start":	3.999999,
					"end":	4.999999,
					"seconds":	1,
					"bytes":	853113600,
					"bits_per_second":	6824908800,
					"jitter_ms":	0.00039253980427234872,
					"lost_packets":	258888,
					"packets":	1591879,
					"lost_percent":	16.263045118378972,
					"omitted":	false,
					"sender":	false
				}],
			"sum":	{
				"start":	3.999999,
				"end":	4.999999,
				"seconds":	1,
				"bytes":	853113600,
				"bits_per_second":	6824908800,
				"jitter_ms":	0.00039253980427234872,
				"lost_packets":	258888,
				"packets":	1591879,
				"lost_percent":	16.263045118378972,
				"omitted":	false,
				"sender":	false
			}
		}, {
			"streams":	[{
					"socket":	5,
					"start":	4.999999,
					"end":	5.000229,
					"seconds":	0.00023000000510364771,
					"bytes":	227840,
					"bits_per_second":	7924869389.3663416,
					"jitter_ms":	0.00063092155423608953,
					"lost_packets":	0,
					"packets":	357,
					"lost_percent":	0,
					"omitted":	false,
					"sender":	false
				}],
			"sum":	{
				"start":	4.999999,
				"end":	5.000229,
				"seconds":	0.00023000000510364771,
				"bytes":	227840,
				"bits_per_second":	7924869389.3663416,
				"jitter_ms":	0.00063092155423608953,
				"lost_packets":	0,
				"packets":	357,
				"lost_percent":	0,
				"omitted":	false,
				"sender":	false
			}
		}],
	"end":	{
		"streams":	[{
				"udp":	{
					"socket":	5,
					"start":	0,
					"end":	5.000229,
					"seconds":	5.000229,
					"bytes":	0,
					"bits_per_second":	0,
					"jitter_ms":	0.00063092155423608953,
					"lost_packets":	1292624,
					"packets":	7966825,
					"lost_percent":	0,
					"out_of_order":	0,
					"sender":	false
				}
			}],
		"sum":	{
			"start":	0,
			"end":	5.000229,
			"seconds":	5.000229,
			"bytes":	0,
			"bits_per_second":	0,
			"jitter_ms":	0.00063092155423608953,
			"lost_packets":	1292624,
			"packets":	7966825,
			"lost_percent":	16.225083392694078,
			"sender":	false
		},
		"sum_sent":	{
			"start":	0,
			"end":	5.000229,
			"seconds":	5.000229,
			"bytes":	0,
			"bits_per_second":	0,
			"jitter_ms":	0,
			"lost_packets":	0,
			"packets":	0,
			"lost_percent":	0,
			"sender":	true
		},
		"sum_received":	{
			"start":	0,
			"end":	5.000229,
			"seconds":	5.000229,
			"bytes":	4271488640,
			"bits_per_second":	6834068823.6478767,
			"jitter_ms":	0.00063092155423608953,
			"lost_packets":	1292624,
			"packets":	7966825,
			"lost_percent":	16.225083392694078,
			"sender":	false
		},
		"cpu_utilization_percent":	{
			"host_total":	199.96482983253031,
			"host_user":	27.341991022893318,
			"host_system":	172.622838809637,
			"remote_total":	0,
			"remote_user":	0,
			"remote_system":	0
		}
	}
}
