{
	"start":	{
		"connected":	[{
				"socket":	5,
				"local_host":	"192.168.1.100",
				"local_port":	56971,
				"remote_host":	"192.168.1.110",
				"remote_port":	5201
			}],
		"version":	"iperf 3.16",
		"system_info":	"Linux design-lab 6.14.0-37-generic #37~24.04.1-Ubuntu SMP PREEMPT_DYNAMIC Thu Nov 20 10:25:38 UTC 2 x86_64",
		"timestamp":	{
			"time":	"Fri, 26 Jun 2026 02:33:21 GMT",
			"timesecs":	1782441201
		},
		"connecting_to":	{
			"host":	"192.168.1.110",
			"port":	5201
		},
		"cookie":	"onienobrhgolm6tzxjfao5wmkbo75vehre6s",
		"target_bitrate":	7155279503,
		"fq_rate":	0,
		"sock_bufsize":	0,
		"sndbuf_actual":	134217728,
		"rcvbuf_actual":	134217728,
		"test_start":	{
			"protocol":	"UDP",
			"num_streams":	1,
			"blksize":	256,
			"omit":	2,
			"duration":	5,
			"bytes":	0,
			"blocks":	0,
			"reverse":	0,
			"tos":	0,
			"target_bitrate":	7155279503,
			"bidir":	0,
			"fqrate":	0
		}
	},
	"intervals":	[{
			"streams":	[{
					"socket":	5,
					"start":	0,
					"end":	1.000053,
					"seconds":	1.00005304813385,
					"bytes":	405575680,
					"bits_per_second":	3244433328.8665028,
					"packets":	1584281,
					"omitted":	true,
					"sender":	true
				}],
			"sum":	{
				"start":	0,
				"end":	1.000053,
				"seconds":	1.00005304813385,
				"bytes":	405575680,
				"bits_per_second":	3244433328.8665028,
				"packets":	1584281,
				"omitted":	true,
				"sender":	true
			}
		}, {
			"streams":	[{
					"socket":	5,
					"start":	1,
					"end":	1,
					"seconds":	2,
					"bytes":	405295360,
					"bits_per_second":	1621181440,
					"packets":	3168036,
					"omitted":	false,
					"sender":	true
				}],
			"sum":	{
				"start":	1,
				"end":	1,
				"seconds":	2,
				"bytes":	405295360,
				"bits_per_second":	1621181440,
				"packets":	3168036,
				"omitted":	false,
				"sender":	true
			}
		}, {
			"streams":	[{
					"socket":	5,
					"start":	1,
					"end":	1.999999,
					"seconds":	0.99999898672103882,
					"bytes":	403720448,
					"bits_per_second":	3229766856.6548052,
					"packets":	1577035,
					"omitted":	false,
					"sender":	true
				}],
			"sum":	{
				"start":	1,
				"end":	1.999999,
				"seconds":	0.99999898672103882,
				"bytes":	403720448,
				"bits_per_second":	3229766856.6548052,
				"packets":	1577035,
				"omitted":	false,
				"sender":	true
			}
		}, {
			"streams":	[{
					"socket":	5,
					"start":	1.999999,
					"end":	3.000002,
					"seconds":	1.0000029802322388,
					"bytes":	402381312,
					"bits_per_second":	3219040902.5105243,
					"packets":	1571812,
					"omitted":	false,
					"sender":	true
				}],
			"sum":	{
				"start":	1.999999,
				"end":	3.000002,
				"seconds":	1.0000029802322388,
				"bytes":	402381312,
				"bits_per_second":	3219040902.5105243,
				"packets":	1571812,
				"omitted":	false,
				"sender":	true
			}
		}, {
			"streams":	[{
					"socket":	5,
					"start":	3.000002,
					"end":	3.999999,
					"seconds":	0.99999701976776123,
					"bytes":	402028032,
					"bits_per_second":	3216233841.1237807,
					"packets":	1570424,
					"omitted":	false,
					"sender":	true
				}],
			"sum":	{
				"start":	3.000002,
				"end":	3.999999,
				"seconds":	0.99999701976776123,
				"bytes":	402028032,
				"bits_per_second":	3216233841.1237807,
				"packets":	1570424,
				"omitted":	false,
				"sender":	true
			}
		}, {
			"streams":	[{
					"socket":	5,
					"start":	3.999999,
					"end":	5.00008,
					"seconds":	1.000080943107605,
					"bytes":	401558272,
					"bits_per_second":	3212206170.0503283,
					"packets":	1568587,
					"omitted":	false,
					"sender":	true
				}],
			"sum":	{
				"start":	3.999999,
				"end":	5.00008,
				"seconds":	1.000080943107605,
				"bytes":	401558272,
				"bits_per_second":	3212206170.0503283,
				"packets":	1568587,
				"omitted":	false,
				"sender":	true
			}
		}],
	"end":	{
		"streams":	[{
				"udp":	{
					"socket":	5,
					"start":	0,
					"end":	5.00008,
					"seconds":	5.00008,
					"bytes":	2014987264,
					"bits_per_second":	3223928039.5513673,
					"jitter_ms":	0.00048967241718023645,
					"lost_packets":	0,
					"packets":	7871043,
					"lost_percent":	0,
					"out_of_order":	0,
					"sender":	true
				}
			}],
		"sum":	{
			"start":	0,
			"end":	5.000199,
			"seconds":	5.000199,
			"bytes":	2014987264,
			"bits_per_second":	3223928039.5513673,
			"jitter_ms":	0.00048967241718023645,
			"lost_packets":	0,
			"packets":	7871043,
			"lost_percent":	0,
			"sender":	true
		},
		"sum_sent":	{
			"start":	0,
			"end":	5.00008,
			"seconds":	5.00008,
			"bytes":	2014987264,
			"bits_per_second":	3223928039.5513673,
			"jitter_ms":	0,
			"lost_packets":	0,
			"packets":	7871043,
			"lost_percent":	0,
			"sender":	true
		},
		"sum_received":	{
			"start":	0,
			"end":	5.000199,
			"seconds":	5.000199,
			"bytes":	2015032320,
			"bits_per_second":	3223923399.8486857,
			"jitter_ms":	0.00048967241718023645,
			"lost_packets":	0,
			"packets":	7871220,
			"lost_percent":	0,
			"sender":	false
		},
		"cpu_utilization_percent":	{
			"host_total":	101.39794599945576,
			"host_user":	13.112120088822419,
			"host_system":	88.2858401953579,
			"remote_total":	194.90665134521717,
			"remote_user":	26.469184915648221,
			"remote_system":	168.43745214427915
		}
	}
}
