{
	"start":	{
		"connected":	[{
				"socket":	5,
				"local_host":	"192.168.1.110",
				"local_port":	5201,
				"remote_host":	"192.168.1.100",
				"remote_port":	37565
			}],
		"version":	"iperf 3.16",
		"system_info":	"Linux design-lab 6.14.0-37-generic #37~24.04.1-Ubuntu SMP PREEMPT_DYNAMIC Thu Nov 20 10:25:38 UTC 2 x86_64",
		"target_bitrate":	8558692422,
		"timestamp":	{
			"time":	"Fri, 26 Jun 2026 02:37:50 GMT",
			"timesecs":	1782441470
		},
		"accepted_connection":	{
			"host":	"192.168.1.100",
			"port":	44820
		},
		"cookie":	"564ti4742xxz4dqhapmwdlz6fllwqc4l35an",
		"target_bitrate":	8558692422,
		"fq_rate":	0,
		"sock_bufsize":	0,
		"sndbuf_actual":	134217728,
		"rcvbuf_actual":	134217728,
		"test_start":	{
			"protocol":	"UDP",
			"num_streams":	1,
			"blksize":	1280,
			"omit":	2,
			"duration":	5,
			"bytes":	0,
			"blocks":	0,
			"reverse":	0,
			"tos":	0,
			"target_bitrate":	8558692422,
			"bidir":	0,
			"fqrate":	0
		}
	},
	"intervals":	[{
			"streams":	[{
					"socket":	5,
					"start":	0,
					"end":	1.000018,
					"seconds":	1.0000180006027222,
					"bytes":	1069678080,
					"bits_per_second":	8557270603.9714718,
					"jitter_ms":	0.0026135644511387883,
					"lost_packets":	0,
					"packets":	835686,
					"lost_percent":	0,
					"omitted":	true,
					"sender":	false
				}],
			"sum":	{
				"start":	0,
				"end":	1.000018,
				"seconds":	1.0000180006027222,
				"bytes":	1069678080,
				"bits_per_second":	8557270603.9714718,
				"jitter_ms":	0.0026135644511387883,
				"lost_packets":	0,
				"packets":	835686,
				"lost_percent":	0,
				"omitted":	true,
				"sender":	false
			}
		}, {
			"streams":	[{
					"socket":	5,
					"start":	0.99999,
					"end":	1.000016,
					"seconds":	2.0000059604644775,
					"bytes":	1069863680,
					"bits_per_second":	4279441966.2690883,
					"jitter_ms":	0.00054001476596121677,
					"lost_packets":	0,
					"packets":	1671612,
					"lost_percent":	0,
					"omitted":	false,
					"sender":	false
				}],
			"sum":	{
				"start":	0.99999,
				"end":	1.000016,
				"seconds":	2.0000059604644775,
				"bytes":	1069863680,
				"bits_per_second":	4279441966.2690883,
				"jitter_ms":	0.00054001476596121677,
				"lost_packets":	0,
				"packets":	1671612,
				"lost_percent":	0,
				"omitted":	false,
				"sender":	false
			}
		}, {
			"streams":	[{
					"socket":	5,
					"start":	1.000016,
					"end":	2.000022,
					"seconds":	1.0000059604644775,
					"bytes":	1069858560,
					"bits_per_second":	8558817465.4725275,
					"jitter_ms":	0.00060017578878580056,
					"lost_packets":	0,
					"packets":	835828,
					"lost_percent":	0,
					"omitted":	false,
					"sender":	false
				}],
			"sum":	{
				"start":	1.000016,
				"end":	2.000022,
				"seconds":	1.0000059604644775,
				"bytes":	1069858560,
				"bits_per_second":	8558817465.4725275,
				"jitter_ms":	0.00060017578878580056,
				"lost_packets":	0,
				"packets":	835828,
				"lost_percent":	0,
				"omitted":	false,
				"sender":	false
			}
		}, {
			"streams":	[{
					"socket":	5,
					"start":	2.000022,
					"end":	2.999999,
					"seconds":	0.9999769926071167,
					"bytes":	1069813760,
					"bits_per_second":	8558706993.5343733,
					"jitter_ms":	0.00085435365307969468,
					"lost_packets":	0,
					"packets":	835792,
					"lost_percent":	0,
					"omitted":	false,
					"sender":	false
				}],
			"sum":	{
				"start":	2.000022,
				"end":	2.999999,
				"seconds":	0.9999769926071167,
				"bytes":	1069813760,
				"bits_per_second":	8558706993.5343733,
				"jitter_ms":	0.00085435365307969468,
				"lost_packets":	0,
				"packets":	835792,
				"lost_percent":	0,
				"omitted":	false,
				"sender":	false
			}
		}, {
			"streams":	[{
					"socket":	5,
					"start":	2.999999,
					"end":	4.000013,
					"seconds":	1.0000139474868774,
					"bytes":	1069832960,
					"bits_per_second":	8558544309.81555,
					"jitter_ms":	0.00051184812839618157,
					"lost_packets":	0,
					"packets":	835809,
					"lost_percent":	0,
					"omitted":	false,
					"sender":	false
				}],
			"sum":	{
				"start":	2.999999,
				"end":	4.000013,
				"seconds":	1.0000139474868774,
				"bytes":	1069832960,
				"bits_per_second":	8558544309.81555,
				"jitter_ms":	0.00051184812839618157,
				"lost_packets":	0,
				"packets":	835809,
				"lost_percent":	0,
				"omitted":	false,
				"sender":	false
			}
		}, {
			"streams":	[{
					"socket":	5,
					"start":	4.000013,
					"end":	4.999999,
					"seconds":	0.99998599290847778,
					"bytes":	1069844480,
					"bits_per_second":	8558875724.9556065,
					"jitter_ms":	0.00074082138159689982,
					"lost_packets":	0,
					"packets":	835816,
					"lost_percent":	0,
					"omitted":	false,
					"sender":	false
				}],
			"sum":	{
				"start":	4.000013,
				"end":	4.999999,
				"seconds":	0.99998599290847778,
				"bytes":	1069844480,
				"bits_per_second":	8558875724.9556065,
				"jitter_ms":	0.00074082138159689982,
				"lost_packets":	0,
				"packets":	835816,
				"lost_percent":	0,
				"omitted":	false,
				"sender":	false
			}
		}, {
			"streams":	[{
					"socket":	5,
					"start":	4.999999,
					"end":	5.000215,
					"seconds":	0.00021600000036414713,
					"bytes":	157440,
					"bits_per_second":	5831111101.2806368,
					"jitter_ms":	0.00079638904340870859,
					"lost_packets":	0,
					"packets":	124,
					"lost_percent":	0,
					"omitted":	false,
					"sender":	false
				}],
			"sum":	{
				"start":	4.999999,
				"end":	5.000215,
				"seconds":	0.00021600000036414713,
				"bytes":	157440,
				"bits_per_second":	5831111101.2806368,
				"jitter_ms":	0.00079638904340870859,
				"lost_packets":	0,
				"packets":	124,
				"lost_percent":	0,
				"omitted":	false,
				"sender":	false
			}
		}],
	"end":	{
		"streams":	[{
				"udp":	{
					"socket":	5,
					"start":	0,
					"end":	5.000215,
					"seconds":	5.000215,
					"bytes":	0,
					"bits_per_second":	0,
					"jitter_ms":	0.00079638904340870859,
					"lost_packets":	0,
					"packets":	4179200,
					"lost_percent":	0,
					"out_of_order":	0,
					"sender":	false
				}
			}],
		"sum":	{
			"start":	0,
			"end":	5.000215,
			"seconds":	5.000215,
			"bytes":	0,
			"bits_per_second":	0,
			"jitter_ms":	0.00079638904340870859,
			"lost_packets":	0,
			"packets":	4179200,
			"lost_percent":	0,
			"sender":	false
		},
		"sum_sent":	{
			"start":	0,
			"end":	5.000215,
			"seconds":	5.000215,
			"bytes":	0,
			"bits_per_second":	0,
			"jitter_ms":	0,
			"lost_packets":	0,
			"packets":	0,
			"lost_percent":	0,
			"sender":	true
		},
		"sum_received":	{
			"start":	0,
			"end":	5.000215,
			"seconds":	5.000215,
			"bytes":	5349376000,
			"bits_per_second":	8558633578.756114,
			"jitter_ms":	0.00079638904340870859,
			"lost_packets":	0,
			"packets":	4179200,
			"lost_percent":	0,
			"sender":	false
		},
		"cpu_utilization_percent":	{
			"host_total":	107.73453157967667,
			"host_user":	15.575473948713114,
			"host_system":	92.159043345718644,
			"remote_total":	0,
			"remote_user":	0,
			"remote_system":	0
		}
	}
}
