{
	"start":	{
		"connected":	[{
				"socket":	5,
				"local_host":	"192.168.1.100",
				"local_port":	40331,
				"remote_host":	"192.168.1.110",
				"remote_port":	5201
			}],
		"version":	"iperf 3.16",
		"system_info":	"Linux design-lab 6.14.0-37-generic #37~24.04.1-Ubuntu SMP PREEMPT_DYNAMIC Thu Nov 20 10:25:38 UTC 2 x86_64",
		"timestamp":	{
			"time":	"Fri, 26 Jun 2026 02:36:09 GMT",
			"timesecs":	1782441369
		},
		"connecting_to":	{
			"host":	"192.168.1.110",
			"port":	5201
		},
		"cookie":	"6oevaphemalbgfsd7fbpiejuuszcpthwdjla",
		"target_bitrate":	8382536383,
		"fq_rate":	0,
		"sock_bufsize":	0,
		"sndbuf_actual":	134217728,
		"rcvbuf_actual":	134217728,
		"test_start":	{
			"protocol":	"UDP",
			"num_streams":	1,
			"blksize":	896,
			"omit":	2,
			"duration":	5,
			"bytes":	0,
			"blocks":	0,
			"reverse":	0,
			"tos":	0,
			"target_bitrate":	8382536383,
			"bidir":	0,
			"fqrate":	0
		}
	},
	"intervals":	[{
			"streams":	[{
					"socket":	5,
					"start":	0,
					"end":	1.000052,
					"seconds":	1.0000519752502441,
					"bytes":	1047768064,
					"bits_per_second":	8381708870.5839777,
					"packets":	1169384,
					"omitted":	true,
					"sender":	true
				}],
			"sum":	{
				"start":	0,
				"end":	1.000052,
				"seconds":	1.0000519752502441,
				"bytes":	1047768064,
				"bits_per_second":	8381708870.5839777,
				"packets":	1169384,
				"omitted":	true,
				"sender":	true
			}
		}, {
			"streams":	[{
					"socket":	5,
					"start":	1.000001,
					"end":	1.000001,
					"seconds":	2.0000019073486328,
					"bytes":	1047822720,
					"bits_per_second":	4191286882.877347,
					"packets":	2338992,
					"omitted":	false,
					"sender":	true
				}],
			"sum":	{
				"start":	1.000001,
				"end":	1.000001,
				"seconds":	2.0000019073486328,
				"bytes":	1047822720,
				"bits_per_second":	4191286882.877347,
				"packets":	2338992,
				"omitted":	false,
				"sender":	true
			}
		}, {
			"streams":	[{
					"socket":	5,
					"start":	1.000001,
					"end":	2.000002,
					"seconds":	1.0000009536743164,
					"bytes":	1047786880,
					"bits_per_second":	8382287046.0281315,
					"packets":	1169406,
					"omitted":	false,
					"sender":	true
				}],
			"sum":	{
				"start":	1.000001,
				"end":	2.000002,
				"seconds":	1.0000009536743164,
				"bytes":	1047786880,
				"bits_per_second":	8382287046.0281315,
				"packets":	1169406,
				"omitted":	false,
				"sender":	true
			}
		}, {
			"streams":	[{
					"socket":	5,
					"start":	2.000002,
					"end":	3,
					"seconds":	0.99999797344207764,
					"bytes":	1047806592,
					"bits_per_second":	8382469723.5604277,
					"packets":	1169431,
					"omitted":	false,
					"sender":	true
				}],
			"sum":	{
				"start":	2.000002,
				"end":	3,
				"seconds":	0.99999797344207764,
				"bytes":	1047806592,
				"bits_per_second":	8382469723.5604277,
				"packets":	1169431,
				"omitted":	false,
				"sender":	true
			}
		}, {
			"streams":	[{
					"socket":	5,
					"start":	3,
					"end":	4.000001,
					"seconds":	1.0000009536743164,
					"bytes":	1047804800,
					"bits_per_second":	8382430405.8914127,
					"packets":	1169426,
					"omitted":	false,
					"sender":	true
				}],
			"sum":	{
				"start":	3,
				"end":	4.000001,
				"seconds":	1.0000009536743164,
				"bytes":	1047804800,
				"bits_per_second":	8382430405.8914127,
				"packets":	1169426,
				"omitted":	false,
				"sender":	true
			}
		}, {
			"streams":	[{
					"socket":	5,
					"start":	4.000001,
					"end":	5.000138,
					"seconds":	1.0001369714736938,
					"bytes":	1047785088,
					"bits_per_second":	8381132727.8990364,
					"packets":	1169404,
					"omitted":	false,
					"sender":	true
				}],
			"sum":	{
				"start":	4.000001,
				"end":	5.000138,
				"seconds":	1.0001369714736938,
				"bytes":	1047785088,
				"bits_per_second":	8381132727.8990364,
				"packets":	1169404,
				"omitted":	false,
				"sender":	true
			}
		}],
	"end":	{
		"streams":	[{
				"udp":	{
					"socket":	5,
					"start":	0,
					"end":	5.000138,
					"seconds":	5.000138,
					"bytes":	5239013248,
					"bits_per_second":	8382189848.3601856,
					"jitter_ms":	0.00053587794642056261,
					"lost_packets":	0,
					"packets":	5847113,
					"lost_percent":	0,
					"out_of_order":	0,
					"sender":	true
				}
			}],
		"sum":	{
			"start":	0,
			"end":	5.000274,
			"seconds":	5.000274,
			"bytes":	5239013248,
			"bits_per_second":	8382189848.3601856,
			"jitter_ms":	0.00053587794642056261,
			"lost_packets":	0,
			"packets":	5847113,
			"lost_percent":	0,
			"sender":	true
		},
		"sum_sent":	{
			"start":	0,
			"end":	5.000138,
			"seconds":	5.000138,
			"bytes":	5239013248,
			"bits_per_second":	8382189848.3601856,
			"jitter_ms":	0,
			"lost_packets":	0,
			"packets":	5847113,
			"lost_percent":	0,
			"sender":	true
		},
		"sum_received":	{
			"start":	0,
			"end":	5.000274,
			"seconds":	5.000274,
			"bytes":	5215919744,
			"bits_per_second":	8345014283.6172571,
			"jitter_ms":	0.00053587794642056261,
			"lost_packets":	0,
			"packets":	5821339,
			"lost_percent":	0,
			"sender":	false
		},
		"cpu_utilization_percent":	{
			"host_total":	101.31579266891228,
			"host_user":	16.532065741494513,
			"host_system":	84.7837126428687,
			"remote_total":	175.60244350121275,
			"remote_user":	24.790369189359915,
			"remote_system":	150.81206002671607
		}
	}
}
