{
	"start":	{
		"connected":	[{
				"socket":	5,
				"local_host":	"192.168.1.110",
				"local_port":	5201,
				"remote_host":	"192.168.1.100",
				"remote_port":	33260
			}],
		"version":	"iperf 3.16",
		"system_info":	"Linux design-lab 6.14.0-37-generic #37~24.04.1-Ubuntu SMP PREEMPT_DYNAMIC Thu Nov 20 10:25:38 UTC 2 x86_64",
		"target_bitrate":	8613784135,
		"timestamp":	{
			"time":	"Fri, 26 Jun 2026 02:38:40 GMT",
			"timesecs":	1782441520
		},
		"accepted_connection":	{
			"host":	"192.168.1.100",
			"port":	42320
		},
		"cookie":	"2ghnzo27fmeiotbq5nattenrioj4bszickm6",
		"target_bitrate":	8613784135,
		"fq_rate":	0,
		"sock_bufsize":	0,
		"sndbuf_actual":	134217728,
		"rcvbuf_actual":	134217728,
		"test_start":	{
			"protocol":	"UDP",
			"num_streams":	1,
			"blksize":	1472,
			"omit":	2,
			"duration":	5,
			"bytes":	0,
			"blocks":	0,
			"reverse":	0,
			"tos":	0,
			"target_bitrate":	8613784135,
			"bidir":	0,
			"fqrate":	0
		}
	},
	"intervals":	[{
			"streams":	[{
					"socket":	5,
					"start":	0,
					"end":	1.000001,
					"seconds":	1.0000009536743164,
					"bytes":	1076463296,
					"bits_per_second":	8611698155.24465,
					"jitter_ms":	0.00435864556579878,
					"lost_packets":	0,
					"packets":	731293,
					"lost_percent":	0,
					"omitted":	true,
					"sender":	false
				}],
			"sum":	{
				"start":	0,
				"end":	1.000001,
				"seconds":	1.0000009536743164,
				"bytes":	1076463296,
				"bits_per_second":	8611698155.24465,
				"jitter_ms":	0.00435864556579878,
				"lost_packets":	0,
				"packets":	731293,
				"lost_percent":	0,
				"omitted":	true,
				"sender":	false
			}
		}, {
			"streams":	[{
					"socket":	5,
					"start":	1.000001,
					"end":	2.000002,
					"seconds":	1.0000009536743164,
					"bytes":	1076787136,
					"bits_per_second":	8614288872.77395,
					"jitter_ms":	0.000554834852675413,
					"lost_packets":	0,
					"packets":	731513,
					"lost_percent":	0,
					"omitted":	true,
					"sender":	false
				}],
			"sum":	{
				"start":	1.000001,
				"end":	2.000002,
				"seconds":	1.0000009536743164,
				"bytes":	1076787136,
				"bits_per_second":	8614288872.77395,
				"jitter_ms":	0.000554834852675413,
				"lost_packets":	0,
				"packets":	731513,
				"lost_percent":	0,
				"omitted":	true,
				"sender":	false
			}
		}, {
			"streams":	[{
					"socket":	5,
					"start":	1.4e-05,
					"end":	0.999997,
					"seconds":	1.0000109672546387,
					"bytes":	1076701760,
					"bits_per_second":	8613519613.3370647,
					"jitter_ms":	0.00042514242384868742,
					"lost_packets":	0,
					"packets":	731466,
					"lost_percent":	0,
					"omitted":	false,
					"sender":	false
				}],
			"sum":	{
				"start":	1.4e-05,
				"end":	0.999997,
				"seconds":	1.0000109672546387,
				"bytes":	1076701760,
				"bits_per_second":	8613519613.3370647,
				"jitter_ms":	0.00042514242384868742,
				"lost_packets":	0,
				"packets":	731466,
				"lost_percent":	0,
				"omitted":	false,
				"sender":	false
			}
		}, {
			"streams":	[{
					"socket":	5,
					"start":	0.999997,
					"end":	2.000027,
					"seconds":	1.0000300407409668,
					"bytes":	1076723840,
					"bits_per_second":	8613531963.117487,
					"jitter_ms":	0.000710873564003068,
					"lost_packets":	0,
					"packets":	731470,
					"lost_percent":	0,
					"omitted":	false,
					"sender":	false
				}],
			"sum":	{
				"start":	0.999997,
				"end":	2.000027,
				"seconds":	1.0000300407409668,
				"bytes":	1076723840,
				"bits_per_second":	8613531963.117487,
				"jitter_ms":	0.000710873564003068,
				"lost_packets":	0,
				"packets":	731470,
				"lost_percent":	0,
				"omitted":	false,
				"sender":	false
			}
		}, {
			"streams":	[{
					"socket":	5,
					"start":	2.000027,
					"end":	2.999987,
					"seconds":	0.99996000528335571,
					"bytes":	1076684096,
					"bits_per_second":	8613817275.1811466,
					"jitter_ms":	0.001794500024088081,
					"lost_packets":	0,
					"packets":	731445,
					"lost_percent":	0,
					"omitted":	false,
					"sender":	false
				}],
			"sum":	{
				"start":	2.000027,
				"end":	2.999987,
				"seconds":	0.99996000528335571,
				"bytes":	1076684096,
				"bits_per_second":	8613817275.1811466,
				"jitter_ms":	0.001794500024088081,
				"lost_packets":	0,
				"packets":	731445,
				"lost_percent":	0,
				"omitted":	false,
				"sender":	false
			}
		}, {
			"streams":	[{
					"socket":	5,
					"start":	2.999987,
					"end":	4.000002,
					"seconds":	1.0000150203704834,
					"bytes":	1076728256,
					"bits_per_second":	8613696667.08483,
					"jitter_ms":	0.003087784804858541,
					"lost_packets":	0,
					"packets":	731475,
					"lost_percent":	0,
					"omitted":	false,
					"sender":	false
				}],
			"sum":	{
				"start":	2.999987,
				"end":	4.000002,
				"seconds":	1.0000150203704834,
				"bytes":	1076728256,
				"bits_per_second":	8613696667.08483,
				"jitter_ms":	0.003087784804858541,
				"lost_packets":	0,
				"packets":	731475,
				"lost_percent":	0,
				"omitted":	false,
				"sender":	false
			}
		}, {
			"streams":	[{
					"socket":	5,
					"start":	4.000002,
					"end":	4.999986,
					"seconds":	0.9999840259552002,
					"bytes":	1076726784,
					"bits_per_second":	8613951871.6531,
					"jitter_ms":	0.000532734811995602,
					"lost_packets":	0,
					"packets":	731473,
					"lost_percent":	0,
					"omitted":	false,
					"sender":	false
				}],
			"sum":	{
				"start":	4.000002,
				"end":	4.999986,
				"seconds":	0.9999840259552002,
				"bytes":	1076726784,
				"bits_per_second":	8613951871.6531,
				"jitter_ms":	0.000532734811995602,
				"lost_packets":	0,
				"packets":	731473,
				"lost_percent":	0,
				"omitted":	false,
				"sender":	false
			}
		}, {
			"streams":	[{
					"socket":	5,
					"start":	4.999986,
					"end":	5.000173,
					"seconds":	0.00018699999782256782,
					"bytes":	195776,
					"bits_per_second":	8375443947.7912359,
					"jitter_ms":	0.00069198924328452052,
					"lost_packets":	0,
					"packets":	133,
					"lost_percent":	0,
					"omitted":	false,
					"sender":	false
				}],
			"sum":	{
				"start":	4.999986,
				"end":	5.000173,
				"seconds":	0.00018699999782256782,
				"bytes":	195776,
				"bits_per_second":	8375443947.7912359,
				"jitter_ms":	0.00069198924328452052,
				"lost_packets":	0,
				"packets":	133,
				"lost_percent":	0,
				"omitted":	false,
				"sender":	false
			}
		}],
	"end":	{
		"streams":	[{
				"udp":	{
					"socket":	5,
					"start":	0,
					"end":	5.000173,
					"seconds":	5.000173,
					"bytes":	0,
					"bits_per_second":	0,
					"jitter_ms":	0.00069198924328452052,
					"lost_packets":	0,
					"packets":	3657451,
					"lost_percent":	0,
					"out_of_order":	0,
					"sender":	false
				}
			}],
		"sum":	{
			"start":	0,
			"end":	5.000173,
			"seconds":	5.000173,
			"bytes":	0,
			"bits_per_second":	0,
			"jitter_ms":	0.00069198924328452052,
			"lost_packets":	0,
			"packets":	3657451,
			"lost_percent":	0,
			"sender":	false
		},
		"sum_sent":	{
			"start":	0,
			"end":	5.000173,
			"seconds":	5.000173,
			"bytes":	0,
			"bits_per_second":	0,
			"jitter_ms":	0,
			"lost_packets":	0,
			"packets":	0,
			"lost_percent":	0,
			"sender":	true
		},
		"sum_received":	{
			"start":	0,
			"end":	5.000173,
			"seconds":	5.000173,
			"bytes":	5383767872,
			"bits_per_second":	8613730560.12262,
			"jitter_ms":	0.00069198924328452052,
			"lost_packets":	0,
			"packets":	3657451,
			"lost_percent":	0,
			"sender":	false
		},
		"cpu_utilization_percent":	{
			"host_total":	99.996257247119544,
			"host_user":	13.475524610385852,
			"host_system":	86.520718351417358,
			"remote_total":	0,
			"remote_user":	0,
			"remote_system":	0
		}
	}
}
