{
	"start":	{
		"connected":	[{
				"socket":	5,
				"local_host":	"192.168.1.100",
				"local_port":	47321,
				"remote_host":	"192.168.1.110",
				"remote_port":	5201
			}],
		"version":	"iperf 3.16",
		"system_info":	"Linux design-lab 6.14.0-37-generic #37~24.04.1-Ubuntu SMP PREEMPT_DYNAMIC Thu Nov 20 10:25:38 UTC 2 x86_64",
		"timestamp":	{
			"time":	"Fri, 26 Jun 2026 02:36:42 GMT",
			"timesecs":	1782441402
		},
		"connecting_to":	{
			"host":	"192.168.1.110",
			"port":	5201
		},
		"cookie":	"uil6jrxon6o7vgbbxh34lgglxjl5gchykc7c",
		"target_bitrate":	8455045872,
		"fq_rate":	0,
		"sock_bufsize":	0,
		"sndbuf_actual":	134217728,
		"rcvbuf_actual":	134217728,
		"test_start":	{
			"protocol":	"UDP",
			"num_streams":	1,
			"blksize":	1024,
			"omit":	2,
			"duration":	5,
			"bytes":	0,
			"blocks":	0,
			"reverse":	0,
			"tos":	0,
			"target_bitrate":	8455045872,
			"bidir":	0,
			"fqrate":	0
		}
	},
	"intervals":	[{
			"streams":	[{
					"socket":	5,
					"start":	0,
					"end":	1.000051,
					"seconds":	1.0000510215759277,
					"bytes":	1056885760,
					"bits_per_second":	8454654710.19276,
					"packets":	1032115,
					"omitted":	true,
					"sender":	true
				}],
			"sum":	{
				"start":	0,
				"end":	1.000051,
				"seconds":	1.0000510215759277,
				"bytes":	1056885760,
				"bits_per_second":	8454654710.19276,
				"packets":	1032115,
				"omitted":	true,
				"sender":	true
			}
		}, {
			"streams":	[{
					"socket":	5,
					"start":	1.000051,
					"end":	2.000052,
					"seconds":	1.0000009536743164,
					"bytes":	1056861184,
					"bits_per_second":	8454881408.796752,
					"packets":	1032091,
					"omitted":	true,
					"sender":	true
				}],
			"sum":	{
				"start":	1.000051,
				"end":	2.000052,
				"seconds":	1.0000009536743164,
				"bytes":	1056861184,
				"bits_per_second":	8454881408.796752,
				"packets":	1032091,
				"omitted":	true,
				"sender":	true
			}
		}, {
			"streams":	[{
					"socket":	5,
					"start":	3e-06,
					"end":	0.999998,
					"seconds":	1.0000009536743164,
					"bytes":	1056859136,
					"bits_per_second":	8454865024.812377,
					"packets":	1032090,
					"omitted":	false,
					"sender":	true
				}],
			"sum":	{
				"start":	3e-06,
				"end":	0.999998,
				"seconds":	1.0000009536743164,
				"bytes":	1056859136,
				"bits_per_second":	8454865024.812377,
				"packets":	1032090,
				"omitted":	false,
				"sender":	true
			}
		}, {
			"streams":	[{
					"socket":	5,
					"start":	0.999998,
					"end":	1.999997,
					"seconds":	0.99999898672103882,
					"bytes":	1056921600,
					"bits_per_second":	8455381367.6600485,
					"packets":	1032153,
					"omitted":	false,
					"sender":	true
				}],
			"sum":	{
				"start":	0.999998,
				"end":	1.999997,
				"seconds":	0.99999898672103882,
				"bytes":	1056921600,
				"bits_per_second":	8455381367.6600485,
				"packets":	1032153,
				"omitted":	false,
				"sender":	true
			}
		}, {
			"streams":	[{
					"socket":	5,
					"start":	1.999997,
					"end":	2.999998,
					"seconds":	1.0000009536743164,
					"bytes":	1056896000,
					"bits_per_second":	8455159936.531127,
					"packets":	1032125,
					"omitted":	false,
					"sender":	true
				}],
			"sum":	{
				"start":	1.999997,
				"end":	2.999998,
				"seconds":	1.0000009536743164,
				"bytes":	1056896000,
				"bits_per_second":	8455159936.531127,
				"packets":	1032125,
				"omitted":	false,
				"sender":	true
			}
		}, {
			"streams":	[{
					"socket":	5,
					"start":	2.999998,
					"end":	3.999998,
					"seconds":	1,
					"bytes":	1056863232,
					"bits_per_second":	8454905856,
					"packets":	1032093,
					"omitted":	false,
					"sender":	true
				}],
			"sum":	{
				"start":	2.999998,
				"end":	3.999998,
				"seconds":	1,
				"bytes":	1056863232,
				"bits_per_second":	8454905856,
				"packets":	1032093,
				"omitted":	false,
				"sender":	true
			}
		}, {
			"streams":	[{
					"socket":	5,
					"start":	3.999998,
					"end":	5.000071,
					"seconds":	1.0000729560852051,
					"bytes":	1056858112,
					"bits_per_second":	8454248107.15475,
					"packets":	1032091,
					"omitted":	false,
					"sender":	true
				}],
			"sum":	{
				"start":	3.999998,
				"end":	5.000071,
				"seconds":	1.0000729560852051,
				"bytes":	1056858112,
				"bits_per_second":	8454248107.15475,
				"packets":	1032091,
				"omitted":	false,
				"sender":	true
			}
		}],
	"end":	{
		"streams":	[{
				"udp":	{
					"socket":	5,
					"start":	0,
					"end":	5.000071,
					"seconds":	5.000071,
					"bytes":	5284406272,
					"bits_per_second":	8454929975.1943521,
					"jitter_ms":	0.0011282577749065325,
					"lost_packets":	0,
					"packets":	5160553,
					"lost_percent":	0,
					"out_of_order":	0,
					"sender":	true
				}
			}],
		"sum":	{
			"start":	0,
			"end":	5.000177,
			"seconds":	5.000177,
			"bytes":	5284406272,
			"bits_per_second":	8454929975.1943521,
			"jitter_ms":	0.0011282577749065325,
			"lost_packets":	0,
			"packets":	5160553,
			"lost_percent":	0,
			"sender":	true
		},
		"sum_sent":	{
			"start":	0,
			"end":	5.000071,
			"seconds":	5.000071,
			"bytes":	5284406272,
			"bits_per_second":	8454929975.1943521,
			"jitter_ms":	0,
			"lost_packets":	0,
			"packets":	5160553,
			"lost_percent":	0,
			"sender":	true
		},
		"sum_received":	{
			"start":	0,
			"end":	5.000177,
			"seconds":	5.000177,
			"bytes":	5284475904,
			"bits_per_second":	8454862144.2800922,
			"jitter_ms":	0.0011282577749065325,
			"lost_packets":	0,
			"packets":	5160621,
			"lost_percent":	0,
			"sender":	false
		},
		"cpu_utilization_percent":	{
			"host_total":	101.3371665975761,
			"host_user":	28.200876112103266,
			"host_system":	73.136290485472841,
			"remote_total":	133.58399781491769,
			"remote_user":	18.389376065863317,
			"remote_system":	115.19462174905439
		}
	}
}
