{
	"start":	{
		"connected":	[{
				"socket":	5,
				"local_host":	"192.168.1.100",
				"local_port":	58090,
				"remote_host":	"192.168.1.110",
				"remote_port":	5201
			}],
		"version":	"iperf 3.16",
		"system_info":	"Linux design-lab 6.14.0-37-generic #37~24.04.1-Ubuntu SMP PREEMPT_DYNAMIC Thu Nov 20 10:25:38 UTC 2 x86_64",
		"timestamp":	{
			"time":	"Fri, 26 Jun 2026 02:36:59 GMT",
			"timesecs":	1782441419
		},
		"connecting_to":	{
			"host":	"192.168.1.110",
			"port":	5201
		},
		"cookie":	"rkbd4oewbxgxkpmz66hrfyxnrl546gywubwg",
		"target_bitrate":	8485268631,
		"fq_rate":	0,
		"sock_bufsize":	0,
		"sndbuf_actual":	134217728,
		"rcvbuf_actual":	134217728,
		"test_start":	{
			"protocol":	"UDP",
			"num_streams":	1,
			"blksize":	1088,
			"omit":	2,
			"duration":	5,
			"bytes":	0,
			"blocks":	0,
			"reverse":	0,
			"tos":	0,
			"target_bitrate":	8485268631,
			"bidir":	0,
			"fqrate":	0
		}
	},
	"intervals":	[{
			"streams":	[{
					"socket":	5,
					"start":	0,
					"end":	1.000053,
					"seconds":	1.00005304813385,
					"bytes":	1060609600,
					"bits_per_second":	8484426716.9958754,
					"packets":	974825,
					"omitted":	true,
					"sender":	true
				}],
			"sum":	{
				"start":	0,
				"end":	1.000053,
				"seconds":	1.00005304813385,
				"bytes":	1060609600,
				"bits_per_second":	8484426716.9958754,
				"packets":	974825,
				"omitted":	true,
				"sender":	true
			}
		}, {
			"streams":	[{
					"socket":	5,
					"start":	0.999999,
					"end":	1,
					"seconds":	1.9999990463256836,
					"bytes":	1060685760,
					"bits_per_second":	4242745063.0984988,
					"packets":	1949802,
					"omitted":	false,
					"sender":	true
				}],
			"sum":	{
				"start":	0.999999,
				"end":	1,
				"seconds":	1.9999990463256836,
				"bytes":	1060685760,
				"bits_per_second":	4242745063.0984988,
				"packets":	1949802,
				"omitted":	false,
				"sender":	true
			}
		}, {
			"streams":	[{
					"socket":	5,
					"start":	1,
					"end":	2.000001,
					"seconds":	1.0000009536743164,
					"bytes":	1060644416,
					"bits_per_second":	8485147235.93301,
					"packets":	974857,
					"omitted":	false,
					"sender":	true
				}],
			"sum":	{
				"start":	1,
				"end":	2.000001,
				"seconds":	1.0000009536743164,
				"bytes":	1060644416,
				"bits_per_second":	8485147235.93301,
				"packets":	974857,
				"omitted":	false,
				"sender":	true
			}
		}, {
			"streams":	[{
					"socket":	5,
					"start":	2.000001,
					"end":	3.000001,
					"seconds":	1,
					"bytes":	1060656384,
					"bits_per_second":	8485251072,
					"packets":	974871,
					"omitted":	false,
					"sender":	true
				}],
			"sum":	{
				"start":	2.000001,
				"end":	3.000001,
				"seconds":	1,
				"bytes":	1060656384,
				"bits_per_second":	8485251072,
				"packets":	974871,
				"omitted":	false,
				"sender":	true
			}
		}, {
			"streams":	[{
					"socket":	5,
					"start":	3.000001,
					"end":	4.000001,
					"seconds":	1,
					"bytes":	1060668352,
					"bits_per_second":	8485346816,
					"packets":	974880,
					"omitted":	false,
					"sender":	true
				}],
			"sum":	{
				"start":	3.000001,
				"end":	4.000001,
				"seconds":	1,
				"bytes":	1060668352,
				"bits_per_second":	8485346816,
				"packets":	974880,
				"omitted":	false,
				"sender":	true
			}
		}, {
			"streams":	[{
					"socket":	5,
					"start":	4.000001,
					"end":	5.000087,
					"seconds":	1.0000859498977661,
					"bytes":	1060673792,
					"bits_per_second":	8484661080.2475729,
					"packets":	974883,
					"omitted":	false,
					"sender":	true
				}],
			"sum":	{
				"start":	4.000001,
				"end":	5.000087,
				"seconds":	1.0000859498977661,
				"bytes":	1060673792,
				"bits_per_second":	8484661080.2475729,
				"packets":	974883,
				"omitted":	false,
				"sender":	true
			}
		}],
	"end":	{
		"streams":	[{
				"udp":	{
					"socket":	5,
					"start":	0,
					"end":	5.000087,
					"seconds":	5.000087,
					"bytes":	5303333056,
					"bits_per_second":	8485185247.3766966,
					"jitter_ms":	0.0019750237865677274,
					"lost_packets":	0,
					"packets":	4874387,
					"lost_percent":	0,
					"out_of_order":	0,
					"sender":	true
				}
			}],
		"sum":	{
			"start":	0,
			"end":	5.00019,
			"seconds":	5.00019,
			"bytes":	5303333056,
			"bits_per_second":	8485185247.3766966,
			"jitter_ms":	0.0019750237865677274,
			"lost_packets":	0,
			"packets":	4874387,
			"lost_percent":	0,
			"sender":	true
		},
		"sum_sent":	{
			"start":	0,
			"end":	5.000087,
			"seconds":	5.000087,
			"bytes":	5303333056,
			"bits_per_second":	8485185247.3766966,
			"jitter_ms":	0,
			"lost_packets":	0,
			"packets":	4874387,
			"lost_percent":	0,
			"sender":	true
		},
		"sum_received":	{
			"start":	0,
			"end":	5.00019,
			"seconds":	5.00019,
			"bytes":	5303475584,
			"bits_per_second":	8485238495.3371773,
			"jitter_ms":	0.0019750237865677274,
			"lost_packets":	0,
			"packets":	4874518,
			"lost_percent":	0,
			"sender":	false
		},
		"cpu_utilization_percent":	{
			"host_total":	101.2726995343458,
			"host_user":	36.38276493848845,
			"host_system":	64.889920311110359,
			"remote_total":	127.66619372806849,
			"remote_user":	18.117200584440109,
			"remote_system":	109.54897885833041
		}
	}
}
