{
	"start":	{
		"connected":	[{
				"socket":	5,
				"local_host":	"192.168.1.100",
				"local_port":	58865,
				"remote_host":	"192.168.1.110",
				"remote_port":	5201
			}],
		"version":	"iperf 3.16",
		"system_info":	"Linux design-lab 6.14.0-37-generic #37~24.04.1-Ubuntu SMP PREEMPT_DYNAMIC Thu Nov 20 10:25:38 UTC 2 x86_64",
		"timestamp":	{
			"time":	"Fri, 26 Jun 2026 02:37:33 GMT",
			"timesecs":	1782441453
		},
		"connecting_to":	{
			"host":	"192.168.1.110",
			"port":	5201
		},
		"cookie":	"uhnfahl7nd2tfhs2xmdehubsfe6bntordpxk",
		"target_bitrate":	8536661466,
		"fq_rate":	0,
		"sock_bufsize":	0,
		"sndbuf_actual":	134217728,
		"rcvbuf_actual":	134217728,
		"test_start":	{
			"protocol":	"UDP",
			"num_streams":	1,
			"blksize":	1216,
			"omit":	2,
			"duration":	5,
			"bytes":	0,
			"blocks":	0,
			"reverse":	0,
			"tos":	0,
			"target_bitrate":	8536661466,
			"bidir":	0,
			"fqrate":	0
		}
	},
	"intervals":	[{
			"streams":	[{
					"socket":	5,
					"start":	0,
					"end":	1.000053,
					"seconds":	1.00005304813385,
					"bytes":	1067038784,
					"bits_per_second":	8535857460.6909,
					"packets":	877499,
					"omitted":	true,
					"sender":	true
				}],
			"sum":	{
				"start":	0,
				"end":	1.000053,
				"seconds":	1.00005304813385,
				"bytes":	1067038784,
				"bits_per_second":	8535857460.6909,
				"packets":	877499,
				"omitted":	true,
				"sender":	true
			}
		}, {
			"streams":	[{
					"socket":	5,
					"start":	1,
					"end":	1.000051,
					"seconds":	2.0000510215759277,
					"bytes":	1067172544,
					"bits_per_second":	4268581281.1280308,
					"packets":	1755162,
					"omitted":	false,
					"sender":	true
				}],
			"sum":	{
				"start":	1,
				"end":	1.000051,
				"seconds":	2.0000510215759277,
				"bytes":	1067172544,
				"bits_per_second":	4268581281.1280308,
				"packets":	1755162,
				"omitted":	false,
				"sender":	true
			}
		}, {
			"streams":	[{
					"socket":	5,
					"start":	1.000051,
					"end":	2.00005,
					"seconds":	0.99999898672103882,
					"bytes":	1067080128,
					"bits_per_second":	8536649674.007514,
					"packets":	877534,
					"omitted":	false,
					"sender":	true
				}],
			"sum":	{
				"start":	1.000051,
				"end":	2.00005,
				"seconds":	0.99999898672103882,
				"bytes":	1067080128,
				"bits_per_second":	8536649674.007514,
				"packets":	877534,
				"omitted":	false,
				"sender":	true
			}
		}, {
			"streams":	[{
					"socket":	5,
					"start":	2.00005,
					"end":	3,
					"seconds":	0.99994999170303345,
					"bytes":	1066982848,
					"bits_per_second":	8536289669.3087749,
					"packets":	877456,
					"omitted":	false,
					"sender":	true
				}],
			"sum":	{
				"start":	2.00005,
				"end":	3,
				"seconds":	0.99994999170303345,
				"bytes":	1066982848,
				"bits_per_second":	8536289669.3087749,
				"packets":	877456,
				"omitted":	false,
				"sender":	true
			}
		}, {
			"streams":	[{
					"socket":	5,
					"start":	3,
					"end":	4.000053,
					"seconds":	1.00005304813385,
					"bytes":	1067182272,
					"bits_per_second":	8537005303.7999649,
					"packets":	877618,
					"omitted":	false,
					"sender":	true
				}],
			"sum":	{
				"start":	3,
				"end":	4.000053,
				"seconds":	1.00005304813385,
				"bytes":	1067182272,
				"bits_per_second":	8537005303.7999649,
				"packets":	877618,
				"omitted":	false,
				"sender":	true
			}
		}, {
			"streams":	[{
					"socket":	5,
					"start":	4.000053,
					"end":	5.00008,
					"seconds":	1.0000269412994385,
					"bytes":	1066980416,
					"bits_per_second":	8535613367.484376,
					"packets":	877450,
					"omitted":	false,
					"sender":	true
				}],
			"sum":	{
				"start":	4.000053,
				"end":	5.00008,
				"seconds":	1.0000269412994385,
				"bytes":	1066980416,
				"bits_per_second":	8535613367.484376,
				"packets":	877450,
				"omitted":	false,
				"sender":	true
			}
		}],
	"end":	{
		"streams":	[{
				"udp":	{
					"socket":	5,
					"start":	0,
					"end":	5.00008,
					"seconds":	5.00008,
					"bytes":	5335404288,
					"bits_per_second":	8536510276.6355743,
					"jitter_ms":	0.0013114129594711,
					"lost_packets":	0,
					"packets":	4387668,
					"lost_percent":	0,
					"out_of_order":	0,
					"sender":	true
				}
			}],
		"sum":	{
			"start":	0,
			"end":	5.000193,
			"seconds":	5.000193,
			"bytes":	5335404288,
			"bits_per_second":	8536510276.6355743,
			"jitter_ms":	0.0013114129594711,
			"lost_packets":	0,
			"packets":	4387668,
			"lost_percent":	0,
			"sender":	true
		},
		"sum_sent":	{
			"start":	0,
			"end":	5.00008,
			"seconds":	5.00008,
			"bytes":	5335404288,
			"bits_per_second":	8536510276.6355743,
			"jitter_ms":	0,
			"lost_packets":	0,
			"packets":	4387668,
			"lost_percent":	0,
			"sender":	true
		},
		"sum_received":	{
			"start":	0,
			"end":	5.000193,
			"seconds":	5.000193,
			"bytes":	5335584256,
			"bits_per_second":	8536605296.63555,
			"jitter_ms":	0.0013114129594711,
			"lost_packets":	0,
			"packets":	4387816,
			"lost_percent":	0,
			"sender":	false
		},
		"cpu_utilization_percent":	{
			"host_total":	101.26813563520274,
			"host_user":	13.725951226717243,
			"host_system":	87.542170123818067,
			"remote_total":	132.18124276985151,
			"remote_user":	18.481166686332763,
			"remote_system":	113.70007608351872
		}
	}
}
