{
	"start":	{
		"connected":	[{
				"socket":	5,
				"local_host":	"192.168.1.100",
				"local_port":	5201,
				"remote_host":	"192.168.1.110",
				"remote_port":	48693
			}],
		"version":	"iperf 3.16",
		"system_info":	"Linux design-lab 6.14.0-37-generic #37~24.04.1-Ubuntu SMP PREEMPT_DYNAMIC Thu Nov 20 10:25:38 UTC 2 x86_64",
		"target_bitrate":	7461139896,
		"timestamp":	{
			"time":	"Fri, 26 Jun 2026 02:33:29 GMT",
			"timesecs":	1782441209
		},
		"accepted_connection":	{
			"host":	"192.168.1.110",
			"port":	40572
		},
		"cookie":	"3cyupynihdjlhvcmnpihxz2tv5tl2pjse4w7",
		"target_bitrate":	7461139896,
		"fq_rate":	0,
		"sock_bufsize":	0,
		"sndbuf_actual":	134217728,
		"rcvbuf_actual":	134217728,
		"test_start":	{
			"protocol":	"UDP",
			"num_streams":	1,
			"blksize":	320,
			"omit":	2,
			"duration":	5,
			"bytes":	0,
			"blocks":	0,
			"reverse":	0,
			"tos":	0,
			"target_bitrate":	7461139896,
			"bidir":	0,
			"fqrate":	0
		}
	},
	"intervals":	[{
			"streams":	[{
					"socket":	5,
					"start":	0,
					"end":	1.000001,
					"seconds":	1.0000009536743164,
					"bytes":	456311360,
					"bits_per_second":	3650487398.6239257,
					"jitter_ms":	0.00047105246622690578,
					"lost_packets":	13654,
					"packets":	1439628,
					"lost_percent":	0.948439457971087,
					"omitted":	true,
					"sender":	false
				}],
			"sum":	{
				"start":	0,
				"end":	1.000001,
				"seconds":	1.0000009536743164,
				"bytes":	456311360,
				"bits_per_second":	3650487398.6239257,
				"jitter_ms":	0.00047105246622690578,
				"lost_packets":	13654,
				"packets":	1439628,
				"lost_percent":	0.948439457971087,
				"omitted":	true,
				"sender":	false
			}
		}, {
			"streams":	[{
					"socket":	5,
					"start":	1,
					"end":	1,
					"seconds":	2,
					"bytes":	458299840,
					"bits_per_second":	1833199360,
					"jitter_ms":	0.00048155807869565762,
					"lost_packets":	22591,
					"packets":	2883758,
					"lost_percent":	0.783387510325069,
					"omitted":	false,
					"sender":	false
				}],
			"sum":	{
				"start":	1,
				"end":	1,
				"seconds":	2,
				"bytes":	458299840,
				"bits_per_second":	1833199360,
				"jitter_ms":	0.00048155807869565762,
				"lost_packets":	22591,
				"packets":	2883758,
				"lost_percent":	0.783387510325069,
				"omitted":	false,
				"sender":	false
			}
		}, {
			"streams":	[{
					"socket":	5,
					"start":	1,
					"end":	2,
					"seconds":	1,
					"bytes":	459008960,
					"bits_per_second":	3672071680,
					"jitter_ms":	0.002034154138961105,
					"lost_packets":	7053,
					"packets":	1441457,
					"lost_percent":	0.48929659365489225,
					"omitted":	false,
					"sender":	false
				}],
			"sum":	{
				"start":	1,
				"end":	2,
				"seconds":	1,
				"bytes":	459008960,
				"bits_per_second":	3672071680,
				"jitter_ms":	0.002034154138961105,
				"lost_packets":	7053,
				"packets":	1441457,
				"lost_percent":	0.48929659365489225,
				"omitted":	false,
				"sender":	false
			}
		}, {
			"streams":	[{
					"socket":	5,
					"start":	2,
					"end":	3,
					"seconds":	1,
					"bytes":	457547200,
					"bits_per_second":	3660377600,
					"jitter_ms":	0.0005337669478534217,
					"lost_packets":	11123,
					"packets":	1440960,
					"lost_percent":	0.771915944925605,
					"omitted":	false,
					"sender":	false
				}],
			"sum":	{
				"start":	2,
				"end":	3,
				"seconds":	1,
				"bytes":	457547200,
				"bits_per_second":	3660377600,
				"jitter_ms":	0.0005337669478534217,
				"lost_packets":	11123,
				"packets":	1440960,
				"lost_percent":	0.771915944925605,
				"omitted":	false,
				"sender":	false
			}
		}, {
			"streams":	[{
					"socket":	5,
					"start":	3,
					"end":	4,
					"seconds":	1,
					"bytes":	457376640,
					"bits_per_second":	3659013120,
					"jitter_ms":	0.00043322477895044761,
					"lost_packets":	7763,
					"packets":	1437081,
					"lost_percent":	0.54019223690244322,
					"omitted":	false,
					"sender":	false
				}],
			"sum":	{
				"start":	3,
				"end":	4,
				"seconds":	1,
				"bytes":	457376640,
				"bits_per_second":	3659013120,
				"jitter_ms":	0.00043322477895044761,
				"lost_packets":	7763,
				"packets":	1437081,
				"lost_percent":	0.54019223690244322,
				"omitted":	false,
				"sender":	false
			}
		}, {
			"streams":	[{
					"socket":	5,
					"start":	4,
					"end":	5,
					"seconds":	1,
					"bytes":	458584000,
					"bits_per_second":	3668672000,
					"jitter_ms":	0.00028142120776227517,
					"lost_packets":	6898,
					"packets":	1439975,
					"lost_percent":	0.47903609437663847,
					"omitted":	false,
					"sender":	false
				}],
			"sum":	{
				"start":	4,
				"end":	5,
				"seconds":	1,
				"bytes":	458584000,
				"bits_per_second":	3668672000,
				"jitter_ms":	0.00028142120776227517,
				"lost_packets":	6898,
				"packets":	1439975,
				"lost_percent":	0.47903609437663847,
				"omitted":	false,
				"sender":	false
			}
		}, {
			"streams":	[{
					"socket":	5,
					"start":	5,
					"end":	5.000243,
					"seconds":	0.00024300000222865492,
					"bytes":	112640,
					"bits_per_second":	3708312723.191155,
					"jitter_ms":	0.00056032217906584845,
					"lost_packets":	3,
					"packets":	356,
					"lost_percent":	0.842696629213483,
					"omitted":	false,
					"sender":	false
				}],
			"sum":	{
				"start":	5,
				"end":	5.000243,
				"seconds":	0.00024300000222865492,
				"bytes":	112640,
				"bits_per_second":	3708312723.191155,
				"jitter_ms":	0.00056032217906584845,
				"lost_packets":	3,
				"packets":	356,
				"lost_percent":	0.842696629213483,
				"omitted":	false,
				"sender":	false
			}
		}],
	"end":	{
		"streams":	[{
				"udp":	{
					"socket":	5,
					"start":	0,
					"end":	5.000243,
					"seconds":	5.000243,
					"bytes":	0,
					"bits_per_second":	0,
					"jitter_ms":	0.00056032217906584845,
					"lost_packets":	41418,
					"packets":	7200595,
					"lost_percent":	0,
					"out_of_order":	0,
					"sender":	false
				}
			}],
		"sum":	{
			"start":	0,
			"end":	5.000243,
			"seconds":	5.000243,
			"bytes":	0,
			"bits_per_second":	0,
			"jitter_ms":	0.00056032217906584845,
			"lost_packets":	41418,
			"packets":	7200595,
			"lost_percent":	0.57520246590733126,
			"sender":	false
		},
		"sum_sent":	{
			"start":	0,
			"end":	5.000243,
			"seconds":	5.000243,
			"bytes":	0,
			"bits_per_second":	0,
			"jitter_ms":	0,
			"lost_packets":	0,
			"packets":	0,
			"lost_percent":	0,
			"sender":	true
		},
		"sum_received":	{
			"start":	0,
			"end":	5.000243,
			"seconds":	5.000243,
			"bytes":	2290936640,
			"bits_per_second":	3665320489.4242139,
			"jitter_ms":	0.00056032217906584845,
			"lost_packets":	41418,
			"packets":	7200595,
			"lost_percent":	0.57520246590733126,
			"sender":	false
		},
		"cpu_utilization_percent":	{
			"host_total":	199.97944358542725,
			"host_user":	26.024663697629,
			"host_system":	173.9547656025901,
			"remote_total":	0,
			"remote_user":	0,
			"remote_system":	0
		}
	}
}
