{
	"start":	{
		"connected":	[{
				"socket":	5,
				"local_host":	"192.168.1.100",
				"local_port":	5201,
				"remote_host":	"192.168.1.110",
				"remote_port":	32968
			}],
		"version":	"iperf 3.16",
		"system_info":	"Linux design-lab 6.14.0-37-generic #37~24.04.1-Ubuntu SMP PREEMPT_DYNAMIC Thu Nov 20 10:25:38 UTC 2 x86_64",
		"target_bitrate":	8485268631,
		"timestamp":	{
			"time":	"Fri, 26 Jun 2026 02:36:51 GMT",
			"timesecs":	1782441411
		},
		"accepted_connection":	{
			"host":	"192.168.1.110",
			"port":	50650
		},
		"cookie":	"cor4qtzpqd3qfqzphxaotmzqqmclv24me4de",
		"target_bitrate":	8485268631,
		"fq_rate":	0,
		"sock_bufsize":	0,
		"sndbuf_actual":	134217728,
		"rcvbuf_actual":	134217728,
		"test_start":	{
			"protocol":	"UDP",
			"num_streams":	1,
			"blksize":	1088,
			"omit":	2,
			"duration":	5,
			"bytes":	0,
			"blocks":	0,
			"reverse":	0,
			"tos":	0,
			"target_bitrate":	8485268631,
			"bidir":	0,
			"fqrate":	0
		}
	},
	"intervals":	[{
			"streams":	[{
					"socket":	5,
					"start":	0,
					"end":	1,
					"seconds":	1,
					"bytes":	697745280,
					"bits_per_second":	5581962240,
					"jitter_ms":	0.00078103193078216235,
					"lost_packets":	0,
					"packets":	641310,
					"lost_percent":	0,
					"omitted":	true,
					"sender":	false
				}],
			"sum":	{
				"start":	0,
				"end":	1,
				"seconds":	1,
				"bytes":	697745280,
				"bits_per_second":	5581962240,
				"jitter_ms":	0.00078103193078216235,
				"lost_packets":	0,
				"packets":	641310,
				"lost_percent":	0,
				"omitted":	true,
				"sender":	false
			}
		}, {
			"streams":	[{
					"socket":	5,
					"start":	1,
					"end":	2.000006,
					"seconds":	1.0000059604644775,
					"bytes":	735368320,
					"bits_per_second":	5882911495.11501,
					"jitter_ms":	0.00063900250096053917,
					"lost_packets":	0,
					"packets":	675893,
					"lost_percent":	0,
					"omitted":	true,
					"sender":	false
				}],
			"sum":	{
				"start":	1,
				"end":	2.000006,
				"seconds":	1.0000059604644775,
				"bytes":	735368320,
				"bits_per_second":	5882911495.11501,
				"jitter_ms":	0.00063900250096053917,
				"lost_packets":	0,
				"packets":	675893,
				"lost_percent":	0,
				"omitted":	true,
				"sender":	false
			}
		}, {
			"streams":	[{
					"socket":	5,
					"start":	1.7e-05,
					"end":	0.999983,
					"seconds":	1,
					"bytes":	721848832,
					"bits_per_second":	5774790656,
					"jitter_ms":	0.0012024937817630345,
					"lost_packets":	0,
					"packets":	663479,
					"lost_percent":	0,
					"omitted":	false,
					"sender":	false
				}],
			"sum":	{
				"start":	1.7e-05,
				"end":	0.999983,
				"seconds":	1,
				"bytes":	721848832,
				"bits_per_second":	5774790656,
				"jitter_ms":	0.0012024937817630345,
				"lost_packets":	0,
				"packets":	663479,
				"lost_percent":	0,
				"omitted":	false,
				"sender":	false
			}
		}, {
			"streams":	[{
					"socket":	5,
					"start":	0.999983,
					"end":	1.999982,
					"seconds":	0.99999898672103882,
					"bytes":	950288576,
					"bits_per_second":	7602316311.2671747,
					"jitter_ms":	0.0006781392051725052,
					"lost_packets":	183653,
					"packets":	1057080,
					"lost_percent":	17.373614106784729,
					"omitted":	false,
					"sender":	false
				}],
			"sum":	{
				"start":	0.999983,
				"end":	1.999982,
				"seconds":	0.99999898672103882,
				"bytes":	950288576,
				"bits_per_second":	7602316311.2671747,
				"jitter_ms":	0.0006781392051725052,
				"lost_packets":	183653,
				"packets":	1057080,
				"lost_percent":	17.373614106784729,
				"omitted":	false,
				"sender":	false
			}
		}, {
			"streams":	[{
					"socket":	5,
					"start":	1.999982,
					"end":	2.999984,
					"seconds":	1.0000020265579224,
					"bytes":	1175526336,
					"bits_per_second":	9404191629.86095,
					"jitter_ms":	0.00082946799691242963,
					"lost_packets":	369908,
					"packets":	1450372,
					"lost_percent":	25.5043533658951,
					"omitted":	false,
					"sender":	false
				}],
			"sum":	{
				"start":	1.999982,
				"end":	2.999984,
				"seconds":	1.0000020265579224,
				"bytes":	1175526336,
				"bits_per_second":	9404191629.86095,
				"jitter_ms":	0.00082946799691242963,
				"lost_packets":	369908,
				"packets":	1450372,
				"lost_percent":	25.5043533658951,
				"omitted":	false,
				"sender":	false
			}
		}, {
			"streams":	[{
					"socket":	5,
					"start":	2.999984,
					"end":	3.999983,
					"seconds":	0.99999898672103882,
					"bytes":	653075264,
					"bits_per_second":	5224607405.9847651,
					"jitter_ms":	0.0028422619569902826,
					"lost_packets":	740654,
					"packets":	1340918,
					"lost_percent":	55.234846575256654,
					"omitted":	false,
					"sender":	false
				}],
			"sum":	{
				"start":	2.999984,
				"end":	3.999983,
				"seconds":	0.99999898672103882,
				"bytes":	653075264,
				"bits_per_second":	5224607405.9847651,
				"jitter_ms":	0.0028422619569902826,
				"lost_packets":	740654,
				"packets":	1340918,
				"lost_percent":	55.234846575256654,
				"omitted":	false,
				"sender":	false
			}
		}, {
			"streams":	[{
					"socket":	5,
					"start":	3.999983,
					"end":	4.999983,
					"seconds":	1,
					"bytes":	670510464,
					"bits_per_second":	5364083712,
					"jitter_ms":	0.000906485016429017,
					"lost_packets":	325394,
					"packets":	941675,
					"lost_percent":	34.554809249475667,
					"omitted":	false,
					"sender":	false
				}],
			"sum":	{
				"start":	3.999983,
				"end":	4.999983,
				"seconds":	1,
				"bytes":	670510464,
				"bits_per_second":	5364083712,
				"jitter_ms":	0.000906485016429017,
				"lost_packets":	325394,
				"packets":	941675,
				"lost_percent":	34.554809249475667,
				"omitted":	false,
				"sender":	false
			}
		}, {
			"streams":	[{
					"socket":	5,
					"start":	4.999983,
					"end":	5.000256,
					"seconds":	0.0002730000123847276,
					"bytes":	242624,
					"bits_per_second":	7109860483.3198338,
					"jitter_ms":	0.002901205856839781,
					"lost_packets":	0,
					"packets":	223,
					"lost_percent":	0,
					"omitted":	false,
					"sender":	false
				}],
			"sum":	{
				"start":	4.999983,
				"end":	5.000256,
				"seconds":	0.0002730000123847276,
				"bytes":	242624,
				"bits_per_second":	7109860483.3198338,
				"jitter_ms":	0.002901205856839781,
				"lost_packets":	0,
				"packets":	223,
				"lost_percent":	0,
				"omitted":	false,
				"sender":	false
			}
		}],
	"end":	{
		"streams":	[{
				"udp":	{
					"socket":	5,
					"start":	0,
					"end":	5.000256,
					"seconds":	5.000256,
					"bytes":	0,
					"bits_per_second":	0,
					"jitter_ms":	0.002901205856839781,
					"lost_packets":	1619609,
					"packets":	5453732,
					"lost_percent":	0,
					"out_of_order":	0,
					"sender":	false
				}
			}],
		"sum":	{
			"start":	0,
			"end":	5.000256,
			"seconds":	5.000256,
			"bytes":	0,
			"bits_per_second":	0,
			"jitter_ms":	0.002901205856839781,
			"lost_packets":	1619609,
			"packets":	5453732,
			"lost_percent":	29.6972605181186,
			"sender":	false
		},
		"sum_sent":	{
			"start":	0,
			"end":	5.000256,
			"seconds":	5.000256,
			"bytes":	0,
			"bits_per_second":	0,
			"jitter_ms":	0,
			"lost_packets":	0,
			"packets":	0,
			"lost_percent":	0,
			"sender":	true
		},
		"sum_received":	{
			"start":	0,
			"end":	5.000256,
			"seconds":	5.000256,
			"bytes":	4171525824,
			"bits_per_second":	6674099604.50025,
			"jitter_ms":	0.002901205856839781,
			"lost_packets":	1619609,
			"packets":	5453732,
			"lost_percent":	29.6972605181186,
			"sender":	false
		},
		"cpu_utilization_percent":	{
			"host_total":	139.51387094318071,
			"host_user":	17.833869811797555,
			"host_system":	121.6799868462423,
			"remote_total":	0,
			"remote_user":	0,
			"remote_system":	0
		}
	}
}
