{
	"start":	{
		"connected":	[{
				"socket":	5,
				"local_host":	"192.168.1.100",
				"local_port":	5201,
				"remote_host":	"192.168.1.110",
				"remote_port":	46052
			}],
		"version":	"iperf 3.16",
		"system_info":	"Linux design-lab 6.14.0-37-generic #37~24.04.1-Ubuntu SMP PREEMPT_DYNAMIC Thu Nov 20 10:25:38 UTC 2 x86_64",
		"target_bitrate":	8558692422,
		"timestamp":	{
			"time":	"Fri, 26 Jun 2026 02:37:41 GMT",
			"timesecs":	1782441461
		},
		"accepted_connection":	{
			"host":	"192.168.1.110",
			"port":	44950
		},
		"cookie":	"duihzby33gyvg3lwtcoeucfspi3vn7o5pepe",
		"target_bitrate":	8558692422,
		"fq_rate":	0,
		"sock_bufsize":	0,
		"sndbuf_actual":	134217728,
		"rcvbuf_actual":	134217728,
		"test_start":	{
			"protocol":	"UDP",
			"num_streams":	1,
			"blksize":	1280,
			"omit":	2,
			"duration":	5,
			"bytes":	0,
			"blocks":	0,
			"reverse":	0,
			"tos":	0,
			"target_bitrate":	8558692422,
			"bidir":	0,
			"fqrate":	0
		}
	},
	"intervals":	[{
			"streams":	[{
					"socket":	5,
					"start":	0,
					"end":	1.000007,
					"seconds":	1.0000070333480835,
					"bytes":	1069694720,
					"bits_per_second":	8557497572.14085,
					"jitter_ms":	0.0058152279146672951,
					"lost_packets":	0,
					"packets":	835699,
					"lost_percent":	0,
					"omitted":	true,
					"sender":	false
				}],
			"sum":	{
				"start":	0,
				"end":	1.000007,
				"seconds":	1.0000070333480835,
				"bytes":	1069694720,
				"bits_per_second":	8557497572.14085,
				"jitter_ms":	0.0058152279146672951,
				"lost_packets":	0,
				"packets":	835699,
				"lost_percent":	0,
				"omitted":	true,
				"sender":	false
			}
		}, {
			"streams":	[{
					"socket":	5,
					"start":	0.999995,
					"end":	1.000005,
					"seconds":	2,
					"bytes":	1069809920,
					"bits_per_second":	4279239680,
					"jitter_ms":	0.00089627729046530449,
					"lost_packets":	0,
					"packets":	1671623,
					"lost_percent":	0,
					"omitted":	false,
					"sender":	false
				}],
			"sum":	{
				"start":	0.999995,
				"end":	1.000005,
				"seconds":	2,
				"bytes":	1069809920,
				"bits_per_second":	4279239680,
				"jitter_ms":	0.00089627729046530449,
				"lost_packets":	0,
				"packets":	1671623,
				"lost_percent":	0,
				"omitted":	false,
				"sender":	false
			}
		}, {
			"streams":	[{
					"socket":	5,
					"start":	1.000005,
					"end":	1.999999,
					"seconds":	0.99999397993087769,
					"bytes":	1069871360,
					"bits_per_second":	8559022405.9065027,
					"jitter_ms":	0.00058925990011616755,
					"lost_packets":	0,
					"packets":	835839,
					"lost_percent":	0,
					"omitted":	false,
					"sender":	false
				}],
			"sum":	{
				"start":	1.000005,
				"end":	1.999999,
				"seconds":	0.99999397993087769,
				"bytes":	1069871360,
				"bits_per_second":	8559022405.9065027,
				"jitter_ms":	0.00058925990011616755,
				"lost_packets":	0,
				"packets":	835839,
				"lost_percent":	0,
				"omitted":	false,
				"sender":	false
			}
		}, {
			"streams":	[{
					"socket":	5,
					"start":	1.999999,
					"end":	2.999999,
					"seconds":	1,
					"bytes":	1069824000,
					"bits_per_second":	8558592000,
					"jitter_ms":	0.00067086830434536231,
					"lost_packets":	0,
					"packets":	835804,
					"lost_percent":	0,
					"omitted":	false,
					"sender":	false
				}],
			"sum":	{
				"start":	1.999999,
				"end":	2.999999,
				"seconds":	1,
				"bytes":	1069824000,
				"bits_per_second":	8558592000,
				"jitter_ms":	0.00067086830434536231,
				"lost_packets":	0,
				"packets":	835804,
				"lost_percent":	0,
				"omitted":	false,
				"sender":	false
			}
		}, {
			"streams":	[{
					"socket":	5,
					"start":	2.999999,
					"end":	4.000002,
					"seconds":	1.0000029802322388,
					"bytes":	1069784320,
					"bits_per_second":	8558249054.43026,
					"jitter_ms":	0.00619989457855045,
					"lost_packets":	0,
					"packets":	835777,
					"lost_percent":	0,
					"omitted":	false,
					"sender":	false
				}],
			"sum":	{
				"start":	2.999999,
				"end":	4.000002,
				"seconds":	1.0000029802322388,
				"bytes":	1069784320,
				"bits_per_second":	8558249054.43026,
				"jitter_ms":	0.00619989457855045,
				"lost_packets":	0,
				"packets":	835777,
				"lost_percent":	0,
				"omitted":	false,
				"sender":	false
			}
		}, {
			"streams":	[{
					"socket":	5,
					"start":	4.000002,
					"end":	5.000001,
					"seconds":	0.99999898672103882,
					"bytes":	1069827840,
					"bits_per_second":	8558631392.281126,
					"jitter_ms":	0.000989280642025408,
					"lost_packets":	0,
					"packets":	835804,
					"lost_percent":	0,
					"omitted":	false,
					"sender":	false
				}],
			"sum":	{
				"start":	4.000002,
				"end":	5.000001,
				"seconds":	0.99999898672103882,
				"bytes":	1069827840,
				"bits_per_second":	8558631392.281126,
				"jitter_ms":	0.000989280642025408,
				"lost_packets":	0,
				"packets":	835804,
				"lost_percent":	0,
				"omitted":	false,
				"sender":	false
			}
		}, {
			"streams":	[{
					"socket":	5,
					"start":	5.000001,
					"end":	5.000256,
					"seconds":	0.00025499999173916876,
					"bytes":	149760,
					"bits_per_second":	4698353093.3815765,
					"jitter_ms":	0.000725026895721788,
					"lost_packets":	0,
					"packets":	119,
					"lost_percent":	0,
					"omitted":	false,
					"sender":	false
				}],
			"sum":	{
				"start":	5.000001,
				"end":	5.000256,
				"seconds":	0.00025499999173916876,
				"bytes":	149760,
				"bits_per_second":	4698353093.3815765,
				"jitter_ms":	0.000725026895721788,
				"lost_packets":	0,
				"packets":	119,
				"lost_percent":	0,
				"omitted":	false,
				"sender":	false
			}
		}],
	"end":	{
		"streams":	[{
				"udp":	{
					"socket":	5,
					"start":	0,
					"end":	5.000256,
					"seconds":	5.000256,
					"bytes":	0,
					"bits_per_second":	0,
					"jitter_ms":	0.000725026895721788,
					"lost_packets":	0,
					"packets":	4179132,
					"lost_percent":	0,
					"out_of_order":	0,
					"sender":	false
				}
			}],
		"sum":	{
			"start":	0,
			"end":	5.000256,
			"seconds":	5.000256,
			"bytes":	0,
			"bits_per_second":	0,
			"jitter_ms":	0.000725026895721788,
			"lost_packets":	0,
			"packets":	4179132,
			"lost_percent":	0,
			"sender":	false
		},
		"sum_sent":	{
			"start":	0,
			"end":	5.000256,
			"seconds":	5.000256,
			"bytes":	0,
			"bits_per_second":	0,
			"jitter_ms":	0,
			"lost_packets":	0,
			"packets":	0,
			"lost_percent":	0,
			"sender":	true
		},
		"sum_received":	{
			"start":	0,
			"end":	5.000256,
			"seconds":	5.000256,
			"bytes":	5349288960,
			"bits_per_second":	8558424144.6837921,
			"jitter_ms":	0.000725026895721788,
			"lost_packets":	0,
			"packets":	4179132,
			"lost_percent":	0,
			"sender":	false
		},
		"cpu_utilization_percent":	{
			"host_total":	130.48083492886909,
			"host_user":	17.373823633147392,
			"host_system":	113.10699701054003,
			"remote_total":	0,
			"remote_user":	0,
			"remote_system":	0
		}
	}
}
