{
	"start":	{
		"connected":	[{
				"socket":	5,
				"local_host":	"192.168.1.100",
				"local_port":	5201,
				"remote_host":	"192.168.1.110",
				"remote_port":	48054
			}],
		"version":	"iperf 3.16",
		"system_info":	"Linux design-lab 6.14.0-37-generic #37~24.04.1-Ubuntu SMP PREEMPT_DYNAMIC Thu Nov 20 10:25:38 UTC 2 x86_64",
		"target_bitrate":	8421052632,
		"timestamp":	{
			"time":	"Fri, 26 Jun 2026 02:36:17 GMT",
			"timesecs":	1782441377
		},
		"accepted_connection":	{
			"host":	"192.168.1.110",
			"port":	47866
		},
		"cookie":	"fgzswtraigtjddgqfiy35o4pf6nlkrq6mofi",
		"target_bitrate":	8421052632,
		"fq_rate":	0,
		"sock_bufsize":	0,
		"sndbuf_actual":	134217728,
		"rcvbuf_actual":	134217728,
		"test_start":	{
			"protocol":	"UDP",
			"num_streams":	1,
			"blksize":	960,
			"omit":	2,
			"duration":	5,
			"bytes":	0,
			"blocks":	0,
			"reverse":	0,
			"tos":	0,
			"target_bitrate":	8421052632,
			"bidir":	0,
			"fqrate":	0
		}
	},
	"intervals":	[{
			"streams":	[{
					"socket":	5,
					"start":	0,
					"end":	1,
					"seconds":	1,
					"bytes":	1032294720,
					"bits_per_second":	8258357760,
					"jitter_ms":	0.000615564688003541,
					"lost_packets":	21057,
					"packets":	1096364,
					"lost_percent":	1.9206212535252891,
					"omitted":	true,
					"sender":	false
				}],
			"sum":	{
				"start":	0,
				"end":	1,
				"seconds":	1,
				"bytes":	1032294720,
				"bits_per_second":	8258357760,
				"jitter_ms":	0.000615564688003541,
				"lost_packets":	21057,
				"packets":	1096364,
				"lost_percent":	1.9206212535252891,
				"omitted":	true,
				"sender":	false
			}
		}, {
			"streams":	[{
					"socket":	5,
					"start":	1,
					"end":	2,
					"seconds":	1,
					"bytes":	1052632320,
					"bits_per_second":	8421058560,
					"jitter_ms":	0.00064476431401136,
					"lost_packets":	0,
					"packets":	1096496,
					"lost_percent":	0,
					"omitted":	true,
					"sender":	false
				}],
			"sum":	{
				"start":	1,
				"end":	2,
				"seconds":	1,
				"bytes":	1052632320,
				"bits_per_second":	8421058560,
				"jitter_ms":	0.00064476431401136,
				"lost_packets":	0,
				"packets":	1096496,
				"lost_percent":	0,
				"omitted":	true,
				"sender":	false
			}
		}, {
			"streams":	[{
					"socket":	5,
					"start":	2.2e-05,
					"end":	0.999999,
					"seconds":	1.0000209808349609,
					"bytes":	1052609280,
					"bits_per_second":	8420697566.7340965,
					"jitter_ms":	0.002076136927056819,
					"lost_packets":	0,
					"packets":	1096499,
					"lost_percent":	0,
					"omitted":	false,
					"sender":	false
				}],
			"sum":	{
				"start":	2.2e-05,
				"end":	0.999999,
				"seconds":	1.0000209808349609,
				"bytes":	1052609280,
				"bits_per_second":	8420697566.7340965,
				"jitter_ms":	0.002076136927056819,
				"lost_packets":	0,
				"packets":	1096499,
				"lost_percent":	0,
				"omitted":	false,
				"sender":	false
			}
		}, {
			"streams":	[{
					"socket":	5,
					"start":	0.999999,
					"end":	2,
					"seconds":	1.0000009536743164,
					"bytes":	1052643840,
					"bits_per_second":	8421142688.9725027,
					"jitter_ms":	0.00054677024494847722,
					"lost_packets":	0,
					"packets":	1096505,
					"lost_percent":	0,
					"omitted":	false,
					"sender":	false
				}],
			"sum":	{
				"start":	0.999999,
				"end":	2,
				"seconds":	1.0000009536743164,
				"bytes":	1052643840,
				"bits_per_second":	8421142688.9725027,
				"jitter_ms":	0.00054677024494847722,
				"lost_packets":	0,
				"packets":	1096505,
				"lost_percent":	0,
				"omitted":	false,
				"sender":	false
			}
		}, {
			"streams":	[{
					"socket":	5,
					"start":	2,
					"end":	3.000008,
					"seconds":	1.0000079870224,
					"bytes":	1052541120,
					"bits_per_second":	8420261707.18113,
					"jitter_ms":	0.0011694766767714664,
					"lost_packets":	0,
					"packets":	1096407,
					"lost_percent":	0,
					"omitted":	false,
					"sender":	false
				}],
			"sum":	{
				"start":	2,
				"end":	3.000008,
				"seconds":	1.0000079870224,
				"bytes":	1052541120,
				"bits_per_second":	8420261707.18113,
				"jitter_ms":	0.0011694766767714664,
				"lost_packets":	0,
				"packets":	1096407,
				"lost_percent":	0,
				"omitted":	false,
				"sender":	false
			}
		}, {
			"streams":	[{
					"socket":	5,
					"start":	3.000008,
					"end":	3.999999,
					"seconds":	0.999990999698639,
					"bytes":	1052678400,
					"bits_per_second":	8421502996.0648775,
					"jitter_ms":	0.00094106306539159471,
					"lost_packets":	0,
					"packets":	1096541,
					"lost_percent":	0,
					"omitted":	false,
					"sender":	false
				}],
			"sum":	{
				"start":	3.000008,
				"end":	3.999999,
				"seconds":	0.999990999698639,
				"bytes":	1052678400,
				"bits_per_second":	8421502996.0648775,
				"jitter_ms":	0.00094106306539159471,
				"lost_packets":	0,
				"packets":	1096541,
				"lost_percent":	0,
				"omitted":	false,
				"sender":	false
			}
		}, {
			"streams":	[{
					"socket":	5,
					"start":	3.999999,
					"end":	4.999999,
					"seconds":	1,
					"bytes":	363499200,
					"bits_per_second":	2907993600,
					"jitter_ms":	0.003047774709907497,
					"lost_packets":	636892,
					"packets":	1015539,
					"lost_percent":	62.714676639695767,
					"omitted":	false,
					"sender":	false
				}],
			"sum":	{
				"start":	3.999999,
				"end":	4.999999,
				"seconds":	1,
				"bytes":	363499200,
				"bits_per_second":	2907993600,
				"jitter_ms":	0.003047774709907497,
				"lost_packets":	636892,
				"packets":	1015539,
				"lost_percent":	62.714676639695767,
				"omitted":	false,
				"sender":	false
			}
		}, {
			"streams":	[{
					"socket":	5,
					"start":	4.999999,
					"end":	5.000241,
					"seconds":	0.00024199999461416155,
					"bytes":	131520,
					"bits_per_second":	4347768691.8032227,
					"jitter_ms":	0.000524172085553647,
					"lost_packets":	0,
					"packets":	137,
					"lost_percent":	0,
					"omitted":	false,
					"sender":	false
				}],
			"sum":	{
				"start":	4.999999,
				"end":	5.000241,
				"seconds":	0.00024199999461416155,
				"bytes":	131520,
				"bits_per_second":	4347768691.8032227,
				"jitter_ms":	0.000524172085553647,
				"lost_packets":	0,
				"packets":	137,
				"lost_percent":	0,
				"omitted":	false,
				"sender":	false
			}
		}],
	"end":	{
		"streams":	[{
				"udp":	{
					"socket":	5,
					"start":	0,
					"end":	5.000241,
					"seconds":	5.000241,
					"bytes":	0,
					"bits_per_second":	0,
					"jitter_ms":	0.000524172085553647,
					"lost_packets":	636892,
					"packets":	5401599,
					"lost_percent":	0,
					"out_of_order":	0,
					"sender":	false
				}
			}],
		"sum":	{
			"start":	0,
			"end":	5.000241,
			"seconds":	5.000241,
			"bytes":	0,
			"bits_per_second":	0,
			"jitter_ms":	0.000524172085553647,
			"lost_packets":	636892,
			"packets":	5401599,
			"lost_percent":	11.790804907954108,
			"sender":	false
		},
		"sum_sent":	{
			"start":	0,
			"end":	5.000241,
			"seconds":	5.000241,
			"bytes":	0,
			"bits_per_second":	0,
			"jitter_ms":	0,
			"lost_packets":	0,
			"packets":	0,
			"lost_percent":	0,
			"sender":	true
		},
		"sum_received":	{
			"start":	0,
			"end":	5.000241,
			"seconds":	5.000241,
			"bytes":	4574118720,
			"bits_per_second":	7318237212.9663353,
			"jitter_ms":	0.000524172085553647,
			"lost_packets":	636892,
			"packets":	5401599,
			"lost_percent":	11.790804907954108,
			"sender":	false
		},
		"cpu_utilization_percent":	{
			"host_total":	158.284587552698,
			"host_user":	21.060977128862568,
			"host_system":	137.22361042383545,
			"remote_total":	0,
			"remote_user":	0,
			"remote_system":	0
		}
	}
}
