{
	"start":	{
		"connected":	[{
				"socket":	5,
				"local_host":	"192.168.1.100",
				"local_port":	5201,
				"remote_host":	"192.168.1.110",
				"remote_port":	37376
			}],
		"version":	"iperf 3.16",
		"system_info":	"Linux design-lab 6.14.0-37-generic #37~24.04.1-Ubuntu SMP PREEMPT_DYNAMIC Thu Nov 20 10:25:38 UTC 2 x86_64",
		"target_bitrate":	8597014925,
		"timestamp":	{
			"time":	"Fri, 26 Jun 2026 02:38:15 GMT",
			"timesecs":	1782441495
		},
		"accepted_connection":	{
			"host":	"192.168.1.110",
			"port":	53764
		},
		"cookie":	"iri2enmj6pq6at6uwhmb3u534diyygfs4drw",
		"target_bitrate":	8597014925,
		"fq_rate":	0,
		"sock_bufsize":	0,
		"sndbuf_actual":	134217728,
		"rcvbuf_actual":	134217728,
		"test_start":	{
			"protocol":	"UDP",
			"num_streams":	1,
			"blksize":	1408,
			"omit":	2,
			"duration":	5,
			"bytes":	0,
			"blocks":	0,
			"reverse":	0,
			"tos":	0,
			"target_bitrate":	8597014925,
			"bidir":	0,
			"fqrate":	0
		}
	},
	"intervals":	[{
			"streams":	[{
					"socket":	5,
					"start":	0,
					"end":	1.000012,
					"seconds":	1.0000120401382446,
					"bytes":	1074474368,
					"bits_per_second":	8595691450.6866264,
					"jitter_ms":	0.0071558712473545651,
					"lost_packets":	0,
					"packets":	763121,
					"lost_percent":	0,
					"omitted":	true,
					"sender":	false
				}],
			"sum":	{
				"start":	0,
				"end":	1.000012,
				"seconds":	1.0000120401382446,
				"bytes":	1074474368,
				"bits_per_second":	8595691450.6866264,
				"jitter_ms":	0.0071558712473545651,
				"lost_packets":	0,
				"packets":	763121,
				"lost_percent":	0,
				"omitted":	true,
				"sender":	false
			}
		}, {
			"streams":	[{
					"socket":	5,
					"start":	0.999996,
					"end":	1.000013,
					"seconds":	2.0000090599060059,
					"bytes":	1074641920,
					"bits_per_second":	4298548207.7786379,
					"jitter_ms":	0.0018611877715946166,
					"lost_packets":	0,
					"packets":	1526479,
					"lost_percent":	0,
					"omitted":	false,
					"sender":	false
				}],
			"sum":	{
				"start":	0.999996,
				"end":	1.000013,
				"seconds":	2.0000090599060059,
				"bytes":	1074641920,
				"bits_per_second":	4298548207.7786379,
				"jitter_ms":	0.0018611877715946166,
				"lost_packets":	0,
				"packets":	1526479,
				"lost_percent":	0,
				"omitted":	false,
				"sender":	false
			}
		}, {
			"streams":	[{
					"socket":	5,
					"start":	1.000013,
					"end":	1.999999,
					"seconds":	0.99998599290847778,
					"bytes":	1074633472,
					"bits_per_second":	8597188197.60192,
					"jitter_ms":	0.00082929178586261924,
					"lost_packets":	0,
					"packets":	763236,
					"lost_percent":	0,
					"omitted":	false,
					"sender":	false
				}],
			"sum":	{
				"start":	1.000013,
				"end":	1.999999,
				"seconds":	0.99998599290847778,
				"bytes":	1074633472,
				"bits_per_second":	8597188197.60192,
				"jitter_ms":	0.00082929178586261924,
				"lost_packets":	0,
				"packets":	763236,
				"lost_percent":	0,
				"omitted":	false,
				"sender":	false
			}
		}, {
			"streams":	[{
					"socket":	5,
					"start":	1.999999,
					"end":	3.000003,
					"seconds":	1.0000040531158447,
					"bytes":	1074615168,
					"bits_per_second":	8596886499.82311,
					"jitter_ms":	0.0032563138738850813,
					"lost_packets":	0,
					"packets":	763221,
					"lost_percent":	0,
					"omitted":	false,
					"sender":	false
				}],
			"sum":	{
				"start":	1.999999,
				"end":	3.000003,
				"seconds":	1.0000040531158447,
				"bytes":	1074615168,
				"bits_per_second":	8596886499.82311,
				"jitter_ms":	0.0032563138738850813,
				"lost_packets":	0,
				"packets":	763221,
				"lost_percent":	0,
				"omitted":	false,
				"sender":	false
			}
		}, {
			"streams":	[{
					"socket":	5,
					"start":	3.000003,
					"end":	3.999999,
					"seconds":	0.9999960064888,
					"bytes":	1074587008,
					"bits_per_second":	8596730395.1391163,
					"jitter_ms":	0.0045993282003860556,
					"lost_packets":	0,
					"packets":	763210,
					"lost_percent":	0,
					"omitted":	false,
					"sender":	false
				}],
			"sum":	{
				"start":	3.000003,
				"end":	3.999999,
				"seconds":	0.9999960064888,
				"bytes":	1074587008,
				"bits_per_second":	8596730395.1391163,
				"jitter_ms":	0.0045993282003860556,
				"lost_packets":	0,
				"packets":	763210,
				"lost_percent":	0,
				"omitted":	false,
				"sender":	false
			}
		}, {
			"streams":	[{
					"socket":	5,
					"start":	3.999999,
					"end":	5,
					"seconds":	1.0000009536743164,
					"bytes":	1074634880,
					"bits_per_second":	8597070841.19434,
					"jitter_ms":	0.00460738887628817,
					"lost_packets":	0,
					"packets":	763237,
					"lost_percent":	0,
					"omitted":	false,
					"sender":	false
				}],
			"sum":	{
				"start":	3.999999,
				"end":	5,
				"seconds":	1.0000009536743164,
				"bytes":	1074634880,
				"bits_per_second":	8597070841.19434,
				"jitter_ms":	0.00460738887628817,
				"lost_packets":	0,
				"packets":	763237,
				"lost_percent":	0,
				"omitted":	false,
				"sender":	false
			}
		}, {
			"streams":	[{
					"socket":	5,
					"start":	5,
					"end":	5.000239,
					"seconds":	0.0002390000008745119,
					"bytes":	190080,
					"bits_per_second":	6362510436.97033,
					"jitter_ms":	0.00060705711231374439,
					"lost_packets":	0,
					"packets":	137,
					"lost_percent":	0,
					"omitted":	false,
					"sender":	false
				}],
			"sum":	{
				"start":	5,
				"end":	5.000239,
				"seconds":	0.0002390000008745119,
				"bytes":	190080,
				"bits_per_second":	6362510436.97033,
				"jitter_ms":	0.00060705711231374439,
				"lost_packets":	0,
				"packets":	137,
				"lost_percent":	0,
				"omitted":	false,
				"sender":	false
			}
		}],
	"end":	{
		"streams":	[{
				"udp":	{
					"socket":	5,
					"start":	0,
					"end":	5.000239,
					"seconds":	5.000239,
					"bytes":	0,
					"bits_per_second":	0,
					"jitter_ms":	0.00060705711231374439,
					"lost_packets":	0,
					"packets":	3816283,
					"lost_percent":	0,
					"out_of_order":	0,
					"sender":	false
				}
			}],
		"sum":	{
			"start":	0,
			"end":	5.000239,
			"seconds":	5.000239,
			"bytes":	0,
			"bits_per_second":	0,
			"jitter_ms":	0.00060705711231374439,
			"lost_packets":	0,
			"packets":	3816283,
			"lost_percent":	0,
			"sender":	false
		},
		"sum_sent":	{
			"start":	0,
			"end":	5.000239,
			"seconds":	5.000239,
			"bytes":	0,
			"bits_per_second":	0,
			"jitter_ms":	0,
			"lost_packets":	0,
			"packets":	0,
			"lost_percent":	0,
			"sender":	true
		},
		"sum_received":	{
			"start":	0,
			"end":	5.000239,
			"seconds":	5.000239,
			"bytes":	5373326464,
			"bits_per_second":	8596911410.0346,
			"jitter_ms":	0.00060705711231374439,
			"lost_packets":	0,
			"packets":	3816283,
			"lost_percent":	0,
			"sender":	false
		},
		"cpu_utilization_percent":	{
			"host_total":	120.31231451557952,
			"host_user":	16.2198469740585,
			"host_system":	104.09245325631895,
			"remote_total":	0,
			"remote_user":	0,
			"remote_system":	0
		}
	}
}
