{
	"start":	{
		"connected":	[{
				"socket":	5,
				"local_host":	"192.168.1.100",
				"local_port":	5201,
				"remote_host":	"192.168.1.110",
				"remote_port":	53230
			}],
		"version":	"iperf 3.16",
		"system_info":	"Linux design-lab 6.14.0-37-generic #37~24.04.1-Ubuntu SMP PREEMPT_DYNAMIC Thu Nov 20 10:25:38 UTC 2 x86_64",
		"target_bitrate":	8512315271,
		"timestamp":	{
			"time":	"Fri, 26 Jun 2026 02:37:07 GMT",
			"timesecs":	1782441427
		},
		"accepted_connection":	{
			"host":	"192.168.1.110",
			"port":	34334
		},
		"cookie":	"zjgtv5khrarklllmj2tvs5nvaumaf7vbinma",
		"target_bitrate":	8512315271,
		"fq_rate":	0,
		"sock_bufsize":	0,
		"sndbuf_actual":	134217728,
		"rcvbuf_actual":	134217728,
		"test_start":	{
			"protocol":	"UDP",
			"num_streams":	1,
			"blksize":	1152,
			"omit":	2,
			"duration":	5,
			"bytes":	0,
			"blocks":	0,
			"reverse":	0,
			"tos":	0,
			"target_bitrate":	8512315271,
			"bidir":	0,
			"fqrate":	0
		}
	},
	"intervals":	[{
			"streams":	[{
					"socket":	5,
					"start":	0,
					"end":	1.000001,
					"seconds":	1.0000009536743164,
					"bytes":	1063915776,
					"bits_per_second":	8511318090.9745378,
					"jitter_ms":	0.0006320995112947444,
					"lost_packets":	0,
					"packets":	923538,
					"lost_percent":	0,
					"omitted":	true,
					"sender":	false
				}],
			"sum":	{
				"start":	0,
				"end":	1.000001,
				"seconds":	1.0000009536743164,
				"bytes":	1063915776,
				"bits_per_second":	8511318090.9745378,
				"jitter_ms":	0.0006320995112947444,
				"lost_packets":	0,
				"packets":	923538,
				"lost_percent":	0,
				"omitted":	true,
				"sender":	false
			}
		}, {
			"streams":	[{
					"socket":	5,
					"start":	1.000001,
					"end":	2.000003,
					"seconds":	1.0000020265579224,
					"bytes":	1064030976,
					"bits_per_second":	8512230557.4717264,
					"jitter_ms":	0.0032179331842179392,
					"lost_packets":	0,
					"packets":	923640,
					"lost_percent":	0,
					"omitted":	true,
					"sender":	false
				}],
			"sum":	{
				"start":	1.000001,
				"end":	2.000003,
				"seconds":	1.0000020265579224,
				"bytes":	1064030976,
				"bits_per_second":	8512230557.4717264,
				"jitter_ms":	0.0032179331842179392,
				"lost_packets":	0,
				"packets":	923640,
				"lost_percent":	0,
				"omitted":	true,
				"sender":	false
			}
		}, {
			"streams":	[{
					"socket":	5,
					"start":	1.9e-05,
					"end":	0.999982,
					"seconds":	1.0000009536743164,
					"bytes":	1064059776,
					"bits_per_second":	8512470089.875906,
					"jitter_ms":	0.000901940489129463,
					"lost_packets":	0,
					"packets":	923679,
					"lost_percent":	0,
					"omitted":	false,
					"sender":	false
				}],
			"sum":	{
				"start":	1.9e-05,
				"end":	0.999982,
				"seconds":	1.0000009536743164,
				"bytes":	1064059776,
				"bits_per_second":	8512470089.875906,
				"jitter_ms":	0.000901940489129463,
				"lost_packets":	0,
				"packets":	923679,
				"lost_percent":	0,
				"omitted":	false,
				"sender":	false
			}
		}, {
			"streams":	[{
					"socket":	5,
					"start":	0.999982,
					"end":	1.99998,
					"seconds":	0.99999797344207764,
					"bytes":	1063999872,
					"bits_per_second":	8512016226.0939178,
					"jitter_ms":	0.00069412457659548843,
					"lost_packets":	0,
					"packets":	923614,
					"lost_percent":	0,
					"omitted":	false,
					"sender":	false
				}],
			"sum":	{
				"start":	0.999982,
				"end":	1.99998,
				"seconds":	0.99999797344207764,
				"bytes":	1063999872,
				"bits_per_second":	8512016226.0939178,
				"jitter_ms":	0.00069412457659548843,
				"lost_packets":	0,
				"packets":	923614,
				"lost_percent":	0,
				"omitted":	false,
				"sender":	false
			}
		}, {
			"streams":	[{
					"socket":	5,
					"start":	1.99998,
					"end":	2.99998,
					"seconds":	1,
					"bytes":	1064044800,
					"bits_per_second":	8512358400,
					"jitter_ms":	0.00048691380716515622,
					"lost_packets":	0,
					"packets":	923666,
					"lost_percent":	0,
					"omitted":	false,
					"sender":	false
				}],
			"sum":	{
				"start":	1.99998,
				"end":	2.99998,
				"seconds":	1,
				"bytes":	1064044800,
				"bits_per_second":	8512358400,
				"jitter_ms":	0.00048691380716515622,
				"lost_packets":	0,
				"packets":	923666,
				"lost_percent":	0,
				"omitted":	false,
				"sender":	false
			}
		}, {
			"streams":	[{
					"socket":	5,
					"start":	2.99998,
					"end":	3.999987,
					"seconds":	1.0000070333480835,
					"bytes":	1064040192,
					"bits_per_second":	8512261666.3007231,
					"jitter_ms":	0.00084509813230410275,
					"lost_packets":	0,
					"packets":	923647,
					"lost_percent":	0,
					"omitted":	false,
					"sender":	false
				}],
			"sum":	{
				"start":	2.99998,
				"end":	3.999987,
				"seconds":	1.0000070333480835,
				"bytes":	1064040192,
				"bits_per_second":	8512261666.3007231,
				"jitter_ms":	0.00084509813230410275,
				"lost_packets":	0,
				"packets":	923647,
				"lost_percent":	0,
				"omitted":	false,
				"sender":	false
			}
		}, {
			"streams":	[{
					"socket":	5,
					"start":	3.999987,
					"end":	4.999987,
					"seconds":	1,
					"bytes":	1064009088,
					"bits_per_second":	8512072704,
					"jitter_ms":	0.0037554232136054735,
					"lost_packets":	0,
					"packets":	923620,
					"lost_percent":	0,
					"omitted":	false,
					"sender":	false
				}],
			"sum":	{
				"start":	3.999987,
				"end":	4.999987,
				"seconds":	1,
				"bytes":	1064009088,
				"bits_per_second":	8512072704,
				"jitter_ms":	0.0037554232136054735,
				"lost_packets":	0,
				"packets":	923620,
				"lost_percent":	0,
				"omitted":	false,
				"sender":	false
			}
		}, {
			"streams":	[{
					"socket":	5,
					"start":	4.999987,
					"end":	5.000209,
					"seconds":	0.00022200000239536166,
					"bytes":	161280,
					"bits_per_second":	5811891829.18206,
					"jitter_ms":	0.00042106441092492545,
					"lost_packets":	0,
					"packets":	142,
					"lost_percent":	0,
					"omitted":	false,
					"sender":	false
				}],
			"sum":	{
				"start":	4.999987,
				"end":	5.000209,
				"seconds":	0.00022200000239536166,
				"bytes":	161280,
				"bits_per_second":	5811891829.18206,
				"jitter_ms":	0.00042106441092492545,
				"lost_packets":	0,
				"packets":	142,
				"lost_percent":	0,
				"omitted":	false,
				"sender":	false
			}
		}],
	"end":	{
		"streams":	[{
				"udp":	{
					"socket":	5,
					"start":	0,
					"end":	5.000209,
					"seconds":	5.000209,
					"bytes":	0,
					"bits_per_second":	0,
					"jitter_ms":	0.00042106441092492545,
					"lost_packets":	0,
					"packets":	4618352,
					"lost_percent":	0,
					"out_of_order":	0,
					"sender":	false
				}
			}],
		"sum":	{
			"start":	0,
			"end":	5.000209,
			"seconds":	5.000209,
			"bytes":	0,
			"bits_per_second":	0,
			"jitter_ms":	0.00042106441092492545,
			"lost_packets":	0,
			"packets":	4618352,
			"lost_percent":	0,
			"sender":	false
		},
		"sum_sent":	{
			"start":	0,
			"end":	5.000209,
			"seconds":	5.000209,
			"bytes":	0,
			"bits_per_second":	0,
			"jitter_ms":	0,
			"lost_packets":	0,
			"packets":	0,
			"lost_percent":	0,
			"sender":	true
		},
		"sum_received":	{
			"start":	0,
			"end":	5.000209,
			"seconds":	5.000209,
			"bytes":	5320341504,
			"bits_per_second":	8512190596.8330526,
			"jitter_ms":	0.00042106441092492545,
			"lost_packets":	0,
			"packets":	4618352,
			"lost_percent":	0,
			"sender":	false
		},
		"cpu_utilization_percent":	{
			"host_total":	140.54335897914271,
			"host_user":	18.288602923845119,
			"host_system":	122.25475605529759,
			"remote_total":	0,
			"remote_user":	0,
			"remote_system":	0
		}
	}
}
