{
	"start":	{
		"connected":	[{
				"socket":	5,
				"local_host":	"192.168.1.110",
				"local_port":	46052,
				"remote_host":	"192.168.1.100",
				"remote_port":	5201
			}],
		"version":	"iperf 3.16",
		"system_info":	"Linux design-lab 6.14.0-37-generic #37~24.04.1-Ubuntu SMP PREEMPT_DYNAMIC Thu Nov 20 10:25:38 UTC 2 x86_64",
		"timestamp":	{
			"time":	"Fri, 26 Jun 2026 02:37:41 GMT",
			"timesecs":	1782441461
		},
		"connecting_to":	{
			"host":	"192.168.1.100",
			"port":	5201
		},
		"cookie":	"duihzby33gyvg3lwtcoeucfspi3vn7o5pepe",
		"target_bitrate":	8558692422,
		"fq_rate":	0,
		"sock_bufsize":	0,
		"sndbuf_actual":	134217728,
		"rcvbuf_actual":	134217728,
		"test_start":	{
			"protocol":	"UDP",
			"num_streams":	1,
			"blksize":	1280,
			"omit":	2,
			"duration":	5,
			"bytes":	0,
			"blocks":	0,
			"reverse":	0,
			"tos":	0,
			"target_bitrate":	8558692422,
			"bidir":	0,
			"fqrate":	0
		}
	},
	"intervals":	[{
			"streams":	[{
					"socket":	5,
					"start":	0,
					"end":	1.000054,
					"seconds":	1.0000540018081665,
					"bytes":	1069873920,
					"bits_per_second":	8558529183.94882,
					"packets":	835840,
					"omitted":	true,
					"sender":	true
				}],
			"sum":	{
				"start":	0,
				"end":	1.000054,
				"seconds":	1.0000540018081665,
				"bytes":	1069873920,
				"bits_per_second":	8558529183.94882,
				"packets":	835840,
				"omitted":	true,
				"sender":	true
			}
		}, {
			"streams":	[{
					"socket":	5,
					"start":	0.999999,
					"end":	1,
					"seconds":	1.9999990463256836,
					"bytes":	1069784320,
					"bits_per_second":	4279139320.4526329,
					"packets":	1671551,
					"omitted":	false,
					"sender":	true
				}],
			"sum":	{
				"start":	0.999999,
				"end":	1,
				"seconds":	1.9999990463256836,
				"bytes":	1069784320,
				"bits_per_second":	4279139320.4526329,
				"packets":	1671551,
				"omitted":	false,
				"sender":	true
			}
		}, {
			"streams":	[{
					"socket":	5,
					"start":	1,
					"end":	2,
					"seconds":	1,
					"bytes":	1069898240,
					"bits_per_second":	8559185920,
					"packets":	835860,
					"omitted":	false,
					"sender":	true
				}],
			"sum":	{
				"start":	1,
				"end":	2,
				"seconds":	1,
				"bytes":	1069898240,
				"bits_per_second":	8559185920,
				"packets":	835860,
				"omitted":	false,
				"sender":	true
			}
		}, {
			"streams":	[{
					"socket":	5,
					"start":	2,
					"end":	3,
					"seconds":	1,
					"bytes":	1069754880,
					"bits_per_second":	8558039040,
					"packets":	835765,
					"omitted":	false,
					"sender":	true
				}],
			"sum":	{
				"start":	2,
				"end":	3,
				"seconds":	1,
				"bytes":	1069754880,
				"bits_per_second":	8558039040,
				"packets":	835765,
				"omitted":	false,
				"sender":	true
			}
		}, {
			"streams":	[{
					"socket":	5,
					"start":	3,
					"end":	4,
					"seconds":	1,
					"bytes":	1069912320,
					"bits_per_second":	8559298560,
					"packets":	835869,
					"omitted":	false,
					"sender":	true
				}],
			"sum":	{
				"start":	3,
				"end":	4,
				"seconds":	1,
				"bytes":	1069912320,
				"bits_per_second":	8559298560,
				"packets":	835869,
				"omitted":	false,
				"sender":	true
			}
		}, {
			"streams":	[{
					"socket":	5,
					"start":	4,
					"end":	5.000122,
					"seconds":	1.0001219511032104,
					"bytes":	1069798400,
					"bits_per_second":	8557343622.5046844,
					"packets":	835780,
					"omitted":	false,
					"sender":	true
				}],
			"sum":	{
				"start":	4,
				"end":	5.000122,
				"seconds":	1.0001219511032104,
				"bytes":	1069798400,
				"bits_per_second":	8557343622.5046844,
				"packets":	835780,
				"omitted":	false,
				"sender":	true
			}
		}],
	"end":	{
		"streams":	[{
				"udp":	{
					"socket":	5,
					"start":	0,
					"end":	5.000122,
					"seconds":	5.000122,
					"bytes":	5349176320,
					"bits_per_second":	8558473285.25184,
					"jitter_ms":	0.000725026895721788,
					"lost_packets":	0,
					"packets":	4179044,
					"lost_percent":	0,
					"out_of_order":	0,
					"sender":	true
				}
			}],
		"sum":	{
			"start":	0,
			"end":	5.000256,
			"seconds":	5.000256,
			"bytes":	5349176320,
			"bits_per_second":	8558473285.25184,
			"jitter_ms":	0.000725026895721788,
			"lost_packets":	0,
			"packets":	4179044,
			"lost_percent":	0,
			"sender":	true
		},
		"sum_sent":	{
			"start":	0,
			"end":	5.000122,
			"seconds":	5.000122,
			"bytes":	5349176320,
			"bits_per_second":	8558473285.25184,
			"jitter_ms":	0,
			"lost_packets":	0,
			"packets":	4179044,
			"lost_percent":	0,
			"sender":	true
		},
		"sum_received":	{
			"start":	0,
			"end":	5.000256,
			"seconds":	5.000256,
			"bytes":	5349288960,
			"bits_per_second":	8558424144.6837921,
			"jitter_ms":	0.000725026895721788,
			"lost_packets":	0,
			"packets":	4179132,
			"lost_percent":	0,
			"sender":	false
		},
		"cpu_utilization_percent":	{
			"host_total":	101.49258720305281,
			"host_user":	15.94729484014708,
			"host_system":	85.545292362905727,
			"remote_total":	130.48083492886909,
			"remote_user":	17.373823633147392,
			"remote_system":	113.10699701054003
		}
	}
}
