{
	"start":	{
		"connected":	[{
				"socket":	5,
				"local_host":	"192.168.1.110",
				"local_port":	44044,
				"remote_host":	"192.168.1.100",
				"remote_port":	5201
			}],
		"version":	"iperf 3.16",
		"system_info":	"Linux design-lab 6.14.0-37-generic #37~24.04.1-Ubuntu SMP PREEMPT_DYNAMIC Thu Nov 20 10:25:38 UTC 2 x86_64",
		"timestamp":	{
			"time":	"Fri, 26 Jun 2026 02:34:53 GMT",
			"timesecs":	1782441293
		},
		"connecting_to":	{
			"host":	"192.168.1.100",
			"port":	5201
		},
		"cookie":	"xt6gvx5jgd5c7p2n5vlqgpbi43ivmmcj6o56",
		"target_bitrate":	8158640227,
		"fq_rate":	0,
		"sock_bufsize":	0,
		"sndbuf_actual":	134217728,
		"rcvbuf_actual":	134217728,
		"test_start":	{
			"protocol":	"UDP",
			"num_streams":	1,
			"blksize":	640,
			"omit":	2,
			"duration":	5,
			"bytes":	0,
			"blocks":	0,
			"reverse":	0,
			"tos":	0,
			"target_bitrate":	8158640227,
			"bidir":	0,
			"fqrate":	0
		}
	},
	"intervals":	[{
			"streams":	[{
					"socket":	5,
					"start":	0,
					"end":	1.000052,
					"seconds":	1.0000519752502441,
					"bytes":	916725760,
					"bits_per_second":	7333424923.40446,
					"packets":	1432386,
					"omitted":	true,
					"sender":	true
				}],
			"sum":	{
				"start":	0,
				"end":	1.000052,
				"seconds":	1.0000519752502441,
				"bytes":	916725760,
				"bits_per_second":	7333424923.40446,
				"packets":	1432386,
				"omitted":	true,
				"sender":	true
			}
		}, {
			"streams":	[{
					"socket":	5,
					"start":	1,
					"end":	1,
					"seconds":	2,
					"bytes":	917470080,
					"bits_per_second":	3669880320,
					"packets":	2866785,
					"omitted":	false,
					"sender":	true
				}],
			"sum":	{
				"start":	1,
				"end":	1,
				"seconds":	2,
				"bytes":	917470080,
				"bits_per_second":	3669880320,
				"packets":	2866785,
				"omitted":	false,
				"sender":	true
			}
		}, {
			"streams":	[{
					"socket":	5,
					"start":	1,
					"end":	2.000001,
					"seconds":	1.0000009536743164,
					"bytes":	918688640,
					"bits_per_second":	7349502110.9685984,
					"packets":	1435453,
					"omitted":	false,
					"sender":	true
				}],
			"sum":	{
				"start":	1,
				"end":	2.000001,
				"seconds":	1.0000009536743164,
				"bytes":	918688640,
				"bits_per_second":	7349502110.9685984,
				"packets":	1435453,
				"omitted":	false,
				"sender":	true
			}
		}, {
			"streams":	[{
					"socket":	5,
					"start":	2.000001,
					"end":	3.000016,
					"seconds":	1.0000150203704834,
					"bytes":	920628480,
					"bits_per_second":	7364917216.2148333,
					"packets":	1438517,
					"omitted":	false,
					"sender":	true
				}],
			"sum":	{
				"start":	2.000001,
				"end":	3.000016,
				"seconds":	1.0000150203704834,
				"bytes":	920628480,
				"bits_per_second":	7364917216.2148333,
				"packets":	1438517,
				"omitted":	false,
				"sender":	true
			}
		}, {
			"streams":	[{
					"socket":	5,
					"start":	3.000016,
					"end":	4,
					"seconds":	0.9999840259552002,
					"bytes":	920217600,
					"bits_per_second":	7361858398.65587,
					"packets":	1437840,
					"omitted":	false,
					"sender":	true
				}],
			"sum":	{
				"start":	3.000016,
				"end":	4,
				"seconds":	0.9999840259552002,
				"bytes":	920217600,
				"bits_per_second":	7361858398.65587,
				"packets":	1437840,
				"omitted":	false,
				"sender":	true
			}
		}, {
			"streams":	[{
					"socket":	5,
					"start":	4,
					"end":	5.000118,
					"seconds":	1.0001180171966553,
					"bytes":	917852160,
					"bits_per_second":	7341950803.5481844,
					"packets":	1434143,
					"omitted":	false,
					"sender":	true
				}],
			"sum":	{
				"start":	4,
				"end":	5.000118,
				"seconds":	1.0001180171966553,
				"bytes":	917852160,
				"bits_per_second":	7341950803.5481844,
				"packets":	1434143,
				"omitted":	false,
				"sender":	true
			}
		}],
	"end":	{
		"streams":	[{
				"udp":	{
					"socket":	5,
					"start":	0,
					"end":	5.000118,
					"seconds":	5.000118,
					"bytes":	4594880640,
					"bits_per_second":	7351635525.4016,
					"jitter_ms":	0.0005209195415966884,
					"lost_packets":	0,
					"packets":	7179500,
					"lost_percent":	0,
					"out_of_order":	0,
					"sender":	true
				}
			}],
		"sum":	{
			"start":	0,
			"end":	5.000234,
			"seconds":	5.000234,
			"bytes":	4594880640,
			"bits_per_second":	7351635525.4016,
			"jitter_ms":	0.0005209195415966884,
			"lost_packets":	0,
			"packets":	7179500,
			"lost_percent":	0,
			"sender":	true
		},
		"sum_sent":	{
			"start":	0,
			"end":	5.000118,
			"seconds":	5.000118,
			"bytes":	4594880640,
			"bits_per_second":	7351635525.4016,
			"jitter_ms":	0,
			"lost_packets":	0,
			"packets":	7179500,
			"lost_percent":	0,
			"sender":	true
		},
		"sum_received":	{
			"start":	0,
			"end":	5.000234,
			"seconds":	5.000234,
			"bytes":	4594991360,
			"bits_per_second":	7351642119.1488237,
			"jitter_ms":	0.0005209195415966884,
			"lost_packets":	0,
			"packets":	7179674,
			"lost_percent":	0,
			"sender":	false
		},
		"cpu_utilization_percent":	{
			"host_total":	102.56581159611994,
			"host_user":	12.191233386577043,
			"host_system":	90.3745639248775,
			"remote_total":	198.43198210803945,
			"remote_user":	26.506952119777626,
			"remote_system":	171.92502998826183
		}
	}
}
