{
	"start":	{
		"connected":	[{
				"socket":	5,
				"local_host":	"192.168.1.110",
				"local_port":	35542,
				"remote_host":	"192.168.1.100",
				"remote_port":	5201
			}],
		"version":	"iperf 3.16",
		"system_info":	"Linux design-lab 6.14.0-37-generic #37~24.04.1-Ubuntu SMP PREEMPT_DYNAMIC Thu Nov 20 10:25:38 UTC 2 x86_64",
		"timestamp":	{
			"time":	"Fri, 26 Jun 2026 02:36:00 GMT",
			"timesecs":	1782441360
		},
		"connecting_to":	{
			"host":	"192.168.1.100",
			"port":	5201
		},
		"cookie":	"qtzsf4n35mm3rx7byseov7pqusn2owp6tq3j",
		"target_bitrate":	8382536383,
		"fq_rate":	0,
		"sock_bufsize":	0,
		"sndbuf_actual":	134217728,
		"rcvbuf_actual":	134217728,
		"test_start":	{
			"protocol":	"UDP",
			"num_streams":	1,
			"blksize":	896,
			"omit":	2,
			"duration":	5,
			"bytes":	0,
			"blocks":	0,
			"reverse":	0,
			"tos":	0,
			"target_bitrate":	8382536383,
			"bidir":	0,
			"fqrate":	0
		}
	},
	"intervals":	[{
			"streams":	[{
					"socket":	5,
					"start":	0,
					"end":	1.000053,
					"seconds":	1.00005304813385,
					"bytes":	1047843328,
					"bits_per_second":	8382301958.5237322,
					"packets":	1169468,
					"omitted":	true,
					"sender":	true
				}],
			"sum":	{
				"start":	0,
				"end":	1.000053,
				"seconds":	1.00005304813385,
				"bytes":	1047843328,
				"bits_per_second":	8382301958.5237322,
				"packets":	1169468,
				"omitted":	true,
				"sender":	true
			}
		}, {
			"streams":	[{
					"socket":	5,
					"start":	1.000053,
					"end":	2.000053,
					"seconds":	1,
					"bytes":	1047803904,
					"bits_per_second":	8382431232,
					"packets":	1169425,
					"omitted":	true,
					"sender":	true
				}],
			"sum":	{
				"start":	1.000053,
				"end":	2.000053,
				"seconds":	1,
				"bytes":	1047803904,
				"bits_per_second":	8382431232,
				"packets":	1169425,
				"omitted":	true,
				"sender":	true
			}
		}, {
			"streams":	[{
					"socket":	5,
					"start":	1.3e-05,
					"end":	0.999988,
					"seconds":	1.0000009536743164,
					"bytes":	1047823616,
					"bits_per_second":	8382580933.747858,
					"packets":	1169464,
					"omitted":	false,
					"sender":	true
				}],
			"sum":	{
				"start":	1.3e-05,
				"end":	0.999988,
				"seconds":	1.0000009536743164,
				"bytes":	1047823616,
				"bits_per_second":	8382580933.747858,
				"packets":	1169464,
				"omitted":	false,
				"sender":	true
			}
		}, {
			"streams":	[{
					"socket":	5,
					"start":	0.999988,
					"end":	1.999988,
					"seconds":	1,
					"bytes":	1047763584,
					"bits_per_second":	8382108672,
					"packets":	1169383,
					"omitted":	false,
					"sender":	true
				}],
			"sum":	{
				"start":	0.999988,
				"end":	1.999988,
				"seconds":	1,
				"bytes":	1047763584,
				"bits_per_second":	8382108672,
				"packets":	1169383,
				"omitted":	false,
				"sender":	true
			}
		}, {
			"streams":	[{
					"socket":	5,
					"start":	1.999988,
					"end":	2.999989,
					"seconds":	1.0000009536743164,
					"bytes":	1047870208,
					"bits_per_second":	8382953669.39239,
					"packets":	1169499,
					"omitted":	false,
					"sender":	true
				}],
			"sum":	{
				"start":	1.999988,
				"end":	2.999989,
				"seconds":	1.0000009536743164,
				"bytes":	1047870208,
				"bits_per_second":	8382953669.39239,
				"packets":	1169499,
				"omitted":	false,
				"sender":	true
			}
		}, {
			"streams":	[{
					"socket":	5,
					"start":	2.999989,
					"end":	3.999988,
					"seconds":	0.99999898672103882,
					"bytes":	1047802112,
					"bits_per_second":	8382425389.7352915,
					"packets":	1169424,
					"omitted":	false,
					"sender":	true
				}],
			"sum":	{
				"start":	2.999989,
				"end":	3.999988,
				"seconds":	0.99999898672103882,
				"bytes":	1047802112,
				"bits_per_second":	8382425389.7352915,
				"packets":	1169424,
				"omitted":	false,
				"sender":	true
			}
		}, {
			"streams":	[{
					"socket":	5,
					"start":	3.999988,
					"end":	5.000112,
					"seconds":	1.0001239776611328,
					"bytes":	1047806592,
					"bits_per_second":	8381413627.9414215,
					"packets":	1169431,
					"omitted":	false,
					"sender":	true
				}],
			"sum":	{
				"start":	3.999988,
				"end":	5.000112,
				"seconds":	1.0001239776611328,
				"bytes":	1047806592,
				"bits_per_second":	8381413627.9414215,
				"packets":	1169431,
				"omitted":	false,
				"sender":	true
			}
		}],
	"end":	{
		"streams":	[{
				"udp":	{
					"socket":	5,
					"start":	0,
					"end":	5.000112,
					"seconds":	5.000112,
					"bytes":	5239076864,
					"bits_per_second":	8382335218.091115,
					"jitter_ms":	0.00036611509463367175,
					"lost_packets":	0,
					"packets":	5847183,
					"lost_percent":	0,
					"out_of_order":	0,
					"sender":	true
				}
			}],
		"sum":	{
			"start":	0,
			"end":	5.000237,
			"seconds":	5.000237,
			"bytes":	5239076864,
			"bits_per_second":	8382335218.091115,
			"jitter_ms":	0.00036611509463367175,
			"lost_packets":	0,
			"packets":	5847183,
			"lost_percent":	0,
			"sender":	true
		},
		"sum_sent":	{
			"start":	0,
			"end":	5.000112,
			"seconds":	5.000112,
			"bytes":	5239076864,
			"bits_per_second":	8382335218.091115,
			"jitter_ms":	0,
			"lost_packets":	0,
			"packets":	5847183,
			"lost_percent":	0,
			"sender":	true
		},
		"sum_received":	{
			"start":	0,
			"end":	5.000237,
			"seconds":	5.000237,
			"bytes":	5239241728,
			"bits_per_second":	8382389439.5405655,
			"jitter_ms":	0.00036611509463367175,
			"lost_packets":	0,
			"packets":	5847368,
			"lost_percent":	0,
			"sender":	false
		},
		"cpu_utilization_percent":	{
			"host_total":	101.40925628037193,
			"host_user":	16.533430964440974,
			"host_system":	84.875839600622868,
			"remote_total":	167.94003235031479,
			"remote_user":	20.87772406692855,
			"remote_system":	147.06229399816377
		}
	}
}
