{
	"start":	{
		"connected":	[{
				"socket":	5,
				"local_host":	"192.168.1.100",
				"local_port":	5201,
				"remote_host":	"192.168.1.110",
				"remote_port":	43316
			}],
		"version":	"iperf 3.16",
		"system_info":	"Linux design-lab 6.14.0-37-generic #37~24.04.1-Ubuntu SMP PREEMPT_DYNAMIC Thu Nov 20 10:25:38 UTC 2 x86_64",
		"target_bitrate":	7155279503,
		"timestamp":	{
			"time":	"Fri, 26 Jun 2026 02:33:12 GMT",
			"timesecs":	1782441192
		},
		"accepted_connection":	{
			"host":	"192.168.1.110",
			"port":	46400
		},
		"cookie":	"l57ehnmgx4nxdjy2awlauymgrbrwd4ygalbj",
		"target_bitrate":	7155279503,
		"fq_rate":	0,
		"sock_bufsize":	0,
		"sndbuf_actual":	134217728,
		"rcvbuf_actual":	134217728,
		"test_start":	{
			"protocol":	"UDP",
			"num_streams":	1,
			"blksize":	256,
			"omit":	2,
			"duration":	5,
			"bytes":	0,
			"blocks":	0,
			"reverse":	0,
			"tos":	0,
			"target_bitrate":	7155279503,
			"bidir":	0,
			"fqrate":	0
		}
	},
	"intervals":	[{
			"streams":	[{
					"socket":	5,
					"start":	0,
					"end":	1.000003,
					"seconds":	1.0000029802322388,
					"bytes":	309756160,
					"bits_per_second":	2478041894.8596559,
					"jitter_ms":	0.00098475040180917139,
					"lost_packets":	125315,
					"packets":	1335300,
					"lost_percent":	9.38478244589231,
					"omitted":	true,
					"sender":	false
				}],
			"sum":	{
				"start":	0,
				"end":	1.000003,
				"seconds":	1.0000029802322388,
				"bytes":	309756160,
				"bits_per_second":	2478041894.8596559,
				"jitter_ms":	0.00098475040180917139,
				"lost_packets":	125315,
				"packets":	1335300,
				"lost_percent":	9.38478244589231,
				"omitted":	true,
				"sender":	false
			}
		}, {
			"streams":	[{
					"socket":	5,
					"start":	0.999999,
					"end":	1,
					"seconds":	1.9999990463256836,
					"bytes":	306811904,
					"bits_per_second":	1227248201.1975446,
					"jitter_ms":	0.000617496731481354,
					"lost_packets":	529929,
					"packets":	2937361,
					"lost_percent":	18.040989854498648,
					"omitted":	false,
					"sender":	false
				}],
			"sum":	{
				"start":	0.999999,
				"end":	1,
				"seconds":	1.9999990463256836,
				"bytes":	306811904,
				"bits_per_second":	1227248201.1975446,
				"jitter_ms":	0.000617496731481354,
				"lost_packets":	529929,
				"packets":	2937361,
				"lost_percent":	18.040989854498648,
				"omitted":	false,
				"sender":	false
			}
		}, {
			"streams":	[{
					"socket":	5,
					"start":	1,
					"end":	2,
					"seconds":	1,
					"bytes":	308054272,
					"bits_per_second":	2464434176,
					"jitter_ms":	0.00064879784852376352,
					"lost_packets":	261099,
					"packets":	1464437,
					"lost_percent":	17.829309147474422,
					"omitted":	false,
					"sender":	false
				}],
			"sum":	{
				"start":	1,
				"end":	2,
				"seconds":	1,
				"bytes":	308054272,
				"bits_per_second":	2464434176,
				"jitter_ms":	0.00064879784852376352,
				"lost_packets":	261099,
				"packets":	1464437,
				"lost_percent":	17.829309147474422,
				"omitted":	false,
				"sender":	false
			}
		}, {
			"streams":	[{
					"socket":	5,
					"start":	2,
					"end":	3,
					"seconds":	1,
					"bytes":	306773504,
					"bits_per_second":	2454188032,
					"jitter_ms":	0.00063869085821215263,
					"lost_packets":	273945,
					"packets":	1472282,
					"lost_percent":	18.606829398172362,
					"omitted":	false,
					"sender":	false
				}],
			"sum":	{
				"start":	2,
				"end":	3,
				"seconds":	1,
				"bytes":	306773504,
				"bits_per_second":	2454188032,
				"jitter_ms":	0.00063869085821215263,
				"lost_packets":	273945,
				"packets":	1472282,
				"lost_percent":	18.606829398172362,
				"omitted":	false,
				"sender":	false
			}
		}, {
			"streams":	[{
					"socket":	5,
					"start":	3,
					"end":	4,
					"seconds":	1,
					"bytes":	305198080,
					"bits_per_second":	2441584640,
					"jitter_ms":	0.00057806212332914817,
					"lost_packets":	291202,
					"packets":	1483390,
					"lost_percent":	19.6308455632032,
					"omitted":	false,
					"sender":	false
				}],
			"sum":	{
				"start":	3,
				"end":	4,
				"seconds":	1,
				"bytes":	305198080,
				"bits_per_second":	2441584640,
				"jitter_ms":	0.00057806212332914817,
				"lost_packets":	291202,
				"packets":	1483390,
				"lost_percent":	19.6308455632032,
				"omitted":	false,
				"sender":	false
			}
		}, {
			"streams":	[{
					"socket":	5,
					"start":	4,
					"end":	5,
					"seconds":	1,
					"bytes":	305620480,
					"bits_per_second":	2444963840,
					"jitter_ms":	0.00046857611816381332,
					"lost_packets":	281945,
					"packets":	1475776,
					"lost_percent":	19.10486415282536,
					"omitted":	false,
					"sender":	false
				}],
			"sum":	{
				"start":	4,
				"end":	5,
				"seconds":	1,
				"bytes":	305620480,
				"bits_per_second":	2444963840,
				"jitter_ms":	0.00046857611816381332,
				"lost_packets":	281945,
				"packets":	1475776,
				"lost_percent":	19.10486415282536,
				"omitted":	false,
				"sender":	false
			}
		}, {
			"streams":	[{
					"socket":	5,
					"start":	5,
					"end":	5.000258,
					"seconds":	0.00025799998547881842,
					"bytes":	91648,
					"bits_per_second":	2841798609.5592,
					"jitter_ms":	0.000415071917820467,
					"lost_packets":	0,
					"packets":	358,
					"lost_percent":	0,
					"omitted":	false,
					"sender":	false
				}],
			"sum":	{
				"start":	5,
				"end":	5.000258,
				"seconds":	0.00025799998547881842,
				"bytes":	91648,
				"bits_per_second":	2841798609.5592,
				"jitter_ms":	0.000415071917820467,
				"lost_packets":	0,
				"packets":	358,
				"lost_percent":	0,
				"omitted":	false,
				"sender":	false
			}
		}],
	"end":	{
		"streams":	[{
				"udp":	{
					"socket":	5,
					"start":	0,
					"end":	5.000258,
					"seconds":	5.000258,
					"bytes":	0,
					"bits_per_second":	0,
					"jitter_ms":	0.000415071917820467,
					"lost_packets":	1382709,
					"packets":	7369246,
					"lost_percent":	0,
					"out_of_order":	0,
					"sender":	false
				}
			}],
		"sum":	{
			"start":	0,
			"end":	5.000258,
			"seconds":	5.000258,
			"bytes":	0,
			"bits_per_second":	0,
			"jitter_ms":	0.000415071917820467,
			"lost_packets":	1382709,
			"packets":	7369246,
			"lost_percent":	18.76323575030607,
			"sender":	false
		},
		"sum_sent":	{
			"start":	0,
			"end":	5.000258,
			"seconds":	5.000258,
			"bytes":	0,
			"bits_per_second":	0,
			"jitter_ms":	0,
			"lost_packets":	0,
			"packets":	0,
			"lost_percent":	0,
			"sender":	true
		},
		"sum_received":	{
			"start":	0,
			"end":	5.000258,
			"seconds":	5.000258,
			"bytes":	1532553472,
			"bits_per_second":	2451959034.11384,
			"jitter_ms":	0.000415071917820467,
			"lost_packets":	1382709,
			"packets":	7369246,
			"lost_percent":	18.76323575030607,
			"sender":	false
		},
		"cpu_utilization_percent":	{
			"host_total":	199.88790419558583,
			"host_user":	24.998150069240268,
			"host_system":	174.88973984116595,
			"remote_total":	0,
			"remote_user":	0,
			"remote_system":	0
		}
	}
}
