{
	"start":	{
		"connected":	[{
				"socket":	5,
				"local_host":	"192.168.1.110",
				"local_port":	37154,
				"remote_host":	"192.168.1.100",
				"remote_port":	5201
			}],
		"version":	"iperf 3.16",
		"system_info":	"Linux design-lab 6.14.0-37-generic #37~24.04.1-Ubuntu SMP PREEMPT_DYNAMIC Thu Nov 20 10:25:38 UTC 2 x86_64",
		"timestamp":	{
			"time":	"Fri, 26 Jun 2026 02:38:32 GMT",
			"timesecs":	1782441512
		},
		"connecting_to":	{
			"host":	"192.168.1.100",
			"port":	5201
		},
		"cookie":	"hsmx2f5ug4qw3wfzq3lgtcbq7pejzwmckxgi",
		"target_bitrate":	8613784135,
		"fq_rate":	0,
		"sock_bufsize":	0,
		"sndbuf_actual":	134217728,
		"rcvbuf_actual":	134217728,
		"test_start":	{
			"protocol":	"UDP",
			"num_streams":	1,
			"blksize":	1472,
			"omit":	2,
			"duration":	5,
			"bytes":	0,
			"blocks":	0,
			"reverse":	0,
			"tos":	0,
			"target_bitrate":	8613784135,
			"bidir":	0,
			"fqrate":	0
		}
	},
	"intervals":	[{
			"streams":	[{
					"socket":	5,
					"start":	0,
					"end":	1.000053,
					"seconds":	1.00005304813385,
					"bytes":	927443904,
					"bits_per_second":	7419157659.5314226,
					"packets":	630058,
					"omitted":	true,
					"sender":	true
				}],
			"sum":	{
				"start":	0,
				"end":	1.000053,
				"seconds":	1.00005304813385,
				"bytes":	927443904,
				"bits_per_second":	7419157659.5314226,
				"packets":	630058,
				"omitted":	true,
				"sender":	true
			}
		}, {
			"streams":	[{
					"socket":	5,
					"start":	1.000053,
					"end":	2.000051,
					"seconds":	0.99999797344207764,
					"bytes":	969357632,
					"bits_per_second":	7754876771.70696,
					"packets":	658531,
					"omitted":	true,
					"sender":	true
				}],
			"sum":	{
				"start":	1.000053,
				"end":	2.000051,
				"seconds":	0.99999797344207764,
				"bytes":	969357632,
				"bits_per_second":	7754876771.70696,
				"packets":	658531,
				"omitted":	true,
				"sender":	true
			}
		}, {
			"streams":	[{
					"socket":	5,
					"start":	1.3e-05,
					"end":	1.000016,
					"seconds":	1.0000289678573608,
					"bytes":	972002816,
					"bits_per_second":	7775797279.8135319,
					"packets":	660329,
					"omitted":	false,
					"sender":	true
				}],
			"sum":	{
				"start":	1.3e-05,
				"end":	1.000016,
				"seconds":	1.0000289678573608,
				"bytes":	972002816,
				"bits_per_second":	7775797279.8135319,
				"packets":	660329,
				"omitted":	false,
				"sender":	true
			}
		}, {
			"streams":	[{
					"socket":	5,
					"start":	1.000016,
					"end":	2.000017,
					"seconds":	1.0000009536743164,
					"bytes":	957618432,
					"bits_per_second":	7660940149.95814,
					"packets":	650571,
					"omitted":	false,
					"sender":	true
				}],
			"sum":	{
				"start":	1.000016,
				"end":	2.000017,
				"seconds":	1.0000009536743164,
				"bytes":	957618432,
				"bits_per_second":	7660940149.95814,
				"packets":	650571,
				"omitted":	false,
				"sender":	true
			}
		}, {
			"streams":	[{
					"socket":	5,
					"start":	2.000017,
					"end":	3.000016,
					"seconds":	0.99999898672103882,
					"bytes":	950000832,
					"bits_per_second":	7600014356.9346523,
					"packets":	645381,
					"omitted":	false,
					"sender":	true
				}],
			"sum":	{
				"start":	2.000017,
				"end":	3.000016,
				"seconds":	0.99999898672103882,
				"bytes":	950000832,
				"bits_per_second":	7600014356.9346523,
				"packets":	645381,
				"omitted":	false,
				"sender":	true
			}
		}, {
			"streams":	[{
					"socket":	5,
					"start":	3.000016,
					"end":	4.000015,
					"seconds":	0.99999898672103882,
					"bytes":	947703040,
					"bits_per_second":	7581632002.3082,
					"packets":	643820,
					"omitted":	false,
					"sender":	true
				}],
			"sum":	{
				"start":	3.000016,
				"end":	4.000015,
				"seconds":	0.99999898672103882,
				"bytes":	947703040,
				"bits_per_second":	7581632002.3082,
				"packets":	643820,
				"omitted":	false,
				"sender":	true
			}
		}, {
			"streams":	[{
					"socket":	5,
					"start":	4.000015,
					"end":	5.000057,
					"seconds":	1.0000419616699219,
					"bytes":	979024256,
					"bits_per_second":	7831865409.8488,
					"packets":	665104,
					"omitted":	false,
					"sender":	true
				}],
			"sum":	{
				"start":	4.000015,
				"end":	5.000057,
				"seconds":	1.0000419616699219,
				"bytes":	979024256,
				"bits_per_second":	7831865409.8488,
				"packets":	665104,
				"omitted":	false,
				"sender":	true
			}
		}],
	"end":	{
		"streams":	[{
				"udp":	{
					"socket":	5,
					"start":	0,
					"end":	5.000057,
					"seconds":	5.000057,
					"bytes":	4806381760,
					"bits_per_second":	7690123148.5961056,
					"jitter_ms":	0.0017563647508821896,
					"lost_packets":	0,
					"packets":	3265204,
					"lost_percent":	0,
					"out_of_order":	0,
					"sender":	true
				}
			}],
		"sum":	{
			"start":	0,
			"end":	5.000249,
			"seconds":	5.000249,
			"bytes":	4806381760,
			"bits_per_second":	7690123148.5961056,
			"jitter_ms":	0.0017563647508821896,
			"lost_packets":	0,
			"packets":	3265204,
			"lost_percent":	0,
			"sender":	true
		},
		"sum_sent":	{
			"start":	0,
			"end":	5.000057,
			"seconds":	5.000057,
			"bytes":	4806381760,
			"bits_per_second":	7690123148.5961056,
			"jitter_ms":	0,
			"lost_packets":	0,
			"packets":	3265204,
			"lost_percent":	0,
			"sender":	true
		},
		"sum_received":	{
			"start":	0,
			"end":	5.000249,
			"seconds":	5.000249,
			"bytes":	4806518656,
			"bits_per_second":	7690046885.2651138,
			"jitter_ms":	0.0017563647508821896,
			"lost_packets":	0,
			"packets":	3265298,
			"lost_percent":	0,
			"sender":	false
		},
		"cpu_utilization_percent":	{
			"host_total":	101.76199251845637,
			"host_user":	6.2252488312498651,
			"host_system":	95.5367436872065,
			"remote_total":	102.88120850420206,
			"remote_user":	13.602957719980852,
			"remote_system":	89.2782507842212
		}
	}
}
