{
	"start":	{
		"connected":	[{
				"socket":	5,
				"local_host":	"192.168.1.110",
				"local_port":	48510,
				"remote_host":	"192.168.1.100",
				"remote_port":	5201
			}],
		"version":	"iperf 3.16",
		"system_info":	"Linux design-lab 6.14.0-37-generic #37~24.04.1-Ubuntu SMP PREEMPT_DYNAMIC Thu Nov 20 10:25:38 UTC 2 x86_64",
		"timestamp":	{
			"time":	"Fri, 26 Jun 2026 02:37:24 GMT",
			"timesecs":	1782441444
		},
		"connecting_to":	{
			"host":	"192.168.1.100",
			"port":	5201
		},
		"cookie":	"4jvgsfitxcbl7m7eitwt7wh3pkhk2uzuegga",
		"target_bitrate":	8536661466,
		"fq_rate":	0,
		"sock_bufsize":	0,
		"sndbuf_actual":	134217728,
		"rcvbuf_actual":	134217728,
		"test_start":	{
			"protocol":	"UDP",
			"num_streams":	1,
			"blksize":	1216,
			"omit":	2,
			"duration":	5,
			"bytes":	0,
			"blocks":	0,
			"reverse":	0,
			"tos":	0,
			"target_bitrate":	8536661466,
			"bidir":	0,
			"fqrate":	0
		}
	},
	"intervals":	[{
			"streams":	[{
					"socket":	5,
					"start":	0,
					"end":	1.000052,
					"seconds":	1.0000519752502441,
					"bytes":	1067100800,
					"bits_per_second":	8536362720.4114323,
					"packets":	877552,
					"omitted":	true,
					"sender":	true
				}],
			"sum":	{
				"start":	0,
				"end":	1.000052,
				"seconds":	1.0000519752502441,
				"bytes":	1067100800,
				"bits_per_second":	8536362720.4114323,
				"packets":	877552,
				"omitted":	true,
				"sender":	true
			}
		}, {
			"streams":	[{
					"socket":	5,
					"start":	1.000052,
					"end":	2.000052,
					"seconds":	1,
					"bytes":	1067081344,
					"bits_per_second":	8536650752,
					"packets":	877534,
					"omitted":	true,
					"sender":	true
				}],
			"sum":	{
				"start":	1.000052,
				"end":	2.000052,
				"seconds":	1,
				"bytes":	1067081344,
				"bits_per_second":	8536650752,
				"packets":	877534,
				"omitted":	true,
				"sender":	true
			}
		}, {
			"streams":	[{
					"socket":	5,
					"start":	1.2e-05,
					"end":	0.999989,
					"seconds":	1.0000009536743164,
					"bytes":	1067019328,
					"bits_per_second":	8536146483.2963381,
					"packets":	877484,
					"omitted":	false,
					"sender":	true
				}],
			"sum":	{
				"start":	1.2e-05,
				"end":	0.999989,
				"seconds":	1.0000009536743164,
				"bytes":	1067019328,
				"bits_per_second":	8536146483.2963381,
				"packets":	877484,
				"omitted":	false,
				"sender":	true
			}
		}, {
			"streams":	[{
					"socket":	5,
					"start":	0.999989,
					"end":	1.999989,
					"seconds":	1,
					"bytes":	1067128768,
					"bits_per_second":	8537030144,
					"packets":	877587,
					"omitted":	false,
					"sender":	true
				}],
			"sum":	{
				"start":	0.999989,
				"end":	1.999989,
				"seconds":	1,
				"bytes":	1067128768,
				"bits_per_second":	8537030144,
				"packets":	877587,
				"omitted":	false,
				"sender":	true
			}
		}, {
			"streams":	[{
					"socket":	5,
					"start":	1.999989,
					"end":	2.999989,
					"seconds":	1,
					"bytes":	1067038784,
					"bits_per_second":	8536310272,
					"packets":	877500,
					"omitted":	false,
					"sender":	true
				}],
			"sum":	{
				"start":	1.999989,
				"end":	2.999989,
				"seconds":	1,
				"bytes":	1067038784,
				"bits_per_second":	8536310272,
				"packets":	877500,
				"omitted":	false,
				"sender":	true
			}
		}, {
			"streams":	[{
					"socket":	5,
					"start":	2.999989,
					"end":	3.999989,
					"seconds":	1,
					"bytes":	1067153088,
					"bits_per_second":	8537224704,
					"packets":	877594,
					"omitted":	false,
					"sender":	true
				}],
			"sum":	{
				"start":	2.999989,
				"end":	3.999989,
				"seconds":	1,
				"bytes":	1067153088,
				"bits_per_second":	8537224704,
				"packets":	877594,
				"omitted":	false,
				"sender":	true
			}
		}, {
			"streams":	[{
					"socket":	5,
					"start":	3.999989,
					"end":	5.000107,
					"seconds":	1.0001180171966553,
					"bytes":	1067035136,
					"bits_per_second":	8535273778.9159269,
					"packets":	877500,
					"omitted":	false,
					"sender":	true
				}],
			"sum":	{
				"start":	3.999989,
				"end":	5.000107,
				"seconds":	1.0001180171966553,
				"bytes":	1067035136,
				"bits_per_second":	8535273778.9159269,
				"packets":	877500,
				"omitted":	false,
				"sender":	true
			}
		}],
	"end":	{
		"streams":	[{
				"udp":	{
					"socket":	5,
					"start":	0,
					"end":	5.000107,
					"seconds":	5.000107,
					"bytes":	5335400640,
					"bits_per_second":	8536458343.7914429,
					"jitter_ms":	0.000430720710548021,
					"lost_packets":	0,
					"packets":	4387665,
					"lost_percent":	0,
					"out_of_order":	0,
					"sender":	true
				}
			}],
		"sum":	{
			"start":	0,
			"end":	5.000228,
			"seconds":	5.000228,
			"bytes":	5335400640,
			"bits_per_second":	8536458343.7914429,
			"jitter_ms":	0.000430720710548021,
			"lost_packets":	0,
			"packets":	4387665,
			"lost_percent":	0,
			"sender":	true
		},
		"sum_sent":	{
			"start":	0,
			"end":	5.000107,
			"seconds":	5.000107,
			"bytes":	5335400640,
			"bits_per_second":	8536458343.7914429,
			"jitter_ms":	0,
			"lost_packets":	0,
			"packets":	4387665,
			"lost_percent":	0,
			"sender":	true
		},
		"sum_received":	{
			"start":	0,
			"end":	5.000228,
			"seconds":	5.000228,
			"bytes":	5335559936,
			"bits_per_second":	8536506632.89754,
			"jitter_ms":	0.000430720710548021,
			"lost_packets":	0,
			"packets":	4387796,
			"lost_percent":	0,
			"sender":	false
		},
		"cpu_utilization_percent":	{
			"host_total":	101.22335582411424,
			"host_user":	18.382177953625582,
			"host_system":	82.8411635857906,
			"remote_total":	135.81229879238288,
			"remote_user":	16.96239496062416,
			"remote_system":	118.84990383175872
		}
	}
}
