{
	"start":	{
		"connected":	[{
				"socket":	5,
				"local_host":	"192.168.1.110",
				"local_port":	57904,
				"remote_host":	"192.168.1.100",
				"remote_port":	5201
			}],
		"version":	"iperf 3.16",
		"system_info":	"Linux design-lab 6.14.0-37-generic #37~24.04.1-Ubuntu SMP PREEMPT_DYNAMIC Thu Nov 20 10:25:38 UTC 2 x86_64",
		"timestamp":	{
			"time":	"Fri, 26 Jun 2026 02:33:46 GMT",
			"timesecs":	1782441226
		},
		"connecting_to":	{
			"host":	"192.168.1.100",
			"port":	5201
		},
		"cookie":	"2e4d3p2ux5o36fe66mhbrfjeni432yrq7luo",
		"target_bitrate":	7680000000,
		"fq_rate":	0,
		"sock_bufsize":	0,
		"sndbuf_actual":	134217728,
		"rcvbuf_actual":	134217728,
		"test_start":	{
			"protocol":	"UDP",
			"num_streams":	1,
			"blksize":	384,
			"omit":	2,
			"duration":	5,
			"bytes":	0,
			"blocks":	0,
			"reverse":	0,
			"tos":	0,
			"target_bitrate":	7680000000,
			"bidir":	0,
			"fqrate":	0
		}
	},
	"intervals":	[{
			"streams":	[{
					"socket":	5,
					"start":	0,
					"end":	1.000053,
					"seconds":	1.00005304813385,
					"bytes":	546086784,
					"bits_per_second":	4368462533.21482,
					"packets":	1422102,
					"omitted":	true,
					"sender":	true
				}],
			"sum":	{
				"start":	0,
				"end":	1.000053,
				"seconds":	1.00005304813385,
				"bytes":	546086784,
				"bits_per_second":	4368462533.21482,
				"packets":	1422102,
				"omitted":	true,
				"sender":	true
			}
		}, {
			"streams":	[{
					"socket":	5,
					"start":	1.000001,
					"end":	0.999999,
					"seconds":	2,
					"bytes":	547891968,
					"bits_per_second":	2191567872,
					"packets":	2849287,
					"omitted":	false,
					"sender":	true
				}],
			"sum":	{
				"start":	1.000001,
				"end":	0.999999,
				"seconds":	2,
				"bytes":	547891968,
				"bits_per_second":	2191567872,
				"packets":	2849287,
				"omitted":	false,
				"sender":	true
			}
		}, {
			"streams":	[{
					"socket":	5,
					"start":	0.999999,
					"end":	1.999999,
					"seconds":	1,
					"bytes":	552870144,
					"bits_per_second":	4422961152,
					"packets":	1439767,
					"omitted":	false,
					"sender":	true
				}],
			"sum":	{
				"start":	0.999999,
				"end":	1.999999,
				"seconds":	1,
				"bytes":	552870144,
				"bits_per_second":	4422961152,
				"packets":	1439767,
				"omitted":	false,
				"sender":	true
			}
		}, {
			"streams":	[{
					"socket":	5,
					"start":	1.999999,
					"end":	3.000052,
					"seconds":	1.00005304813385,
					"bytes":	552492672,
					"bits_per_second":	4419706918.7957935,
					"packets":	1438794,
					"omitted":	false,
					"sender":	true
				}],
			"sum":	{
				"start":	1.999999,
				"end":	3.000052,
				"seconds":	1.00005304813385,
				"bytes":	552492672,
				"bits_per_second":	4419706918.7957935,
				"packets":	1438794,
				"omitted":	false,
				"sender":	true
			}
		}, {
			"streams":	[{
					"socket":	5,
					"start":	3.000052,
					"end":	3.999999,
					"seconds":	0.99994701147079468,
					"bytes":	552511104,
					"bits_per_second":	4420323058.4174776,
					"packets":	1438833,
					"omitted":	false,
					"sender":	true
				}],
			"sum":	{
				"start":	3.000052,
				"end":	3.999999,
				"seconds":	0.99994701147079468,
				"bytes":	552511104,
				"bits_per_second":	4420323058.4174776,
				"packets":	1438833,
				"omitted":	false,
				"sender":	true
			}
		}, {
			"streams":	[{
					"socket":	5,
					"start":	3.999999,
					"end":	5.000124,
					"seconds":	1.0001250505447388,
					"bytes":	552526848,
					"bits_per_second":	4419662102.8464775,
					"packets":	1438872,
					"omitted":	false,
					"sender":	true
				}],
			"sum":	{
				"start":	3.999999,
				"end":	5.000124,
				"seconds":	1.0001250505447388,
				"bytes":	552526848,
				"bits_per_second":	4419662102.8464775,
				"packets":	1438872,
				"omitted":	false,
				"sender":	true
			}
		}],
	"end":	{
		"streams":	[{
				"udp":	{
					"socket":	5,
					"start":	0,
					"end":	5.000124,
					"seconds":	5.000124,
					"bytes":	2758298880,
					"bits_per_second":	4413168761.4147177,
					"jitter_ms":	0.0013233001462680974,
					"lost_packets":	83575,
					"packets":	7183069,
					"lost_percent":	1.163499891202493,
					"out_of_order":	0,
					"sender":	true
				}
			}],
		"sum":	{
			"start":	0,
			"end":	5.000239,
			"seconds":	5.000239,
			"bytes":	2758298880,
			"bits_per_second":	4413168761.4147177,
			"jitter_ms":	0.0013233001462680974,
			"lost_packets":	83575,
			"packets":	7183069,
			"lost_percent":	1.163499891202493,
			"sender":	true
		},
		"sum_sent":	{
			"start":	0,
			"end":	5.000124,
			"seconds":	5.000124,
			"bytes":	2758298880,
			"bits_per_second":	4413168761.4147177,
			"jitter_ms":	0,
			"lost_packets":	0,
			"packets":	7183069,
			"lost_percent":	0,
			"sender":	true
		},
		"sum_received":	{
			"start":	0,
			"end":	5.000239,
			"seconds":	5.000239,
			"bytes":	2730249600,
			"bits_per_second":	4368190560.49121,
			"jitter_ms":	0.0013233001462680974,
			"lost_packets":	83575,
			"packets":	7193600,
			"lost_percent":	1.163499891202493,
			"sender":	false
		},
		"cpu_utilization_percent":	{
			"host_total":	101.33388434497918,
			"host_user":	11.941891793635758,
			"host_system":	89.39197826656175,
			"remote_total":	199.71659555246868,
			"remote_user":	25.793361744728006,
			"remote_system":	173.92321952252229
		}
	}
}
