{
	"start":	{
		"connected":	[{
				"socket":	5,
				"local_host":	"192.168.1.100",
				"local_port":	5201,
				"remote_host":	"192.168.1.110",
				"remote_port":	54327
			}],
		"version":	"iperf 3.16",
		"system_info":	"Linux design-lab 6.14.0-37-generic #37~24.04.1-Ubuntu SMP PREEMPT_DYNAMIC Thu Nov 20 10:25:38 UTC 2 x86_64",
		"target_bitrate":	8074766355,
		"timestamp":	{
			"time":	"Fri, 26 Jun 2026 02:34:36 GMT",
			"timesecs":	1782441276
		},
		"accepted_connection":	{
			"host":	"192.168.1.110",
			"port":	51678
		},
		"cookie":	"zjfv5qy5e3sa7rhg6jjn7i6alo3d633f7psq",
		"target_bitrate":	8074766355,
		"fq_rate":	0,
		"sock_bufsize":	0,
		"sndbuf_actual":	134217728,
		"rcvbuf_actual":	134217728,
		"test_start":	{
			"protocol":	"UDP",
			"num_streams":	1,
			"blksize":	576,
			"omit":	2,
			"duration":	5,
			"bytes":	0,
			"blocks":	0,
			"reverse":	0,
			"tos":	0,
			"target_bitrate":	8074766355,
			"bidir":	0,
			"fqrate":	0
		}
	},
	"intervals":	[{
			"streams":	[{
					"socket":	5,
					"start":	0,
					"end":	1.000002,
					"seconds":	1.0000020265579224,
					"bytes":	809942400,
					"bits_per_second":	6479526068.8651123,
					"jitter_ms":	0.00042588037311695417,
					"lost_packets":	5012,
					"packets":	1411162,
					"lost_percent":	0.35516829393081728,
					"omitted":	true,
					"sender":	false
				}],
			"sum":	{
				"start":	0,
				"end":	1.000002,
				"seconds":	1.0000020265579224,
				"bytes":	809942400,
				"bits_per_second":	6479526068.8651123,
				"jitter_ms":	0.00042588037311695417,
				"lost_packets":	5012,
				"packets":	1411162,
				"lost_percent":	0.35516829393081728,
				"omitted":	true,
				"sender":	false
			}
		}, {
			"streams":	[{
					"socket":	5,
					"start":	1.000002,
					"end":	2.000002,
					"seconds":	1,
					"bytes":	812681280,
					"bits_per_second":	6501450240,
					"jitter_ms":	0.00039365210186226556,
					"lost_packets":	5541,
					"packets":	1416449,
					"lost_percent":	0.39118951688341763,
					"omitted":	true,
					"sender":	false
				}],
			"sum":	{
				"start":	1.000002,
				"end":	2.000002,
				"seconds":	1,
				"bytes":	812681280,
				"bits_per_second":	6501450240,
				"jitter_ms":	0.00039365210186226556,
				"lost_packets":	5541,
				"packets":	1416449,
				"lost_percent":	0.39118951688341763,
				"omitted":	true,
				"sender":	false
			}
		}, {
			"streams":	[{
					"socket":	5,
					"start":	1.7e-05,
					"end":	1,
					"seconds":	1.0000170469284058,
					"bytes":	813121344,
					"bits_per_second":	6504859864.119607,
					"jitter_ms":	0.00052880480949919219,
					"lost_packets":	4471,
					"packets":	1416169,
					"lost_percent":	0.31571090738464125,
					"omitted":	false,
					"sender":	false
				}],
			"sum":	{
				"start":	1.7e-05,
				"end":	1,
				"seconds":	1.0000170469284058,
				"bytes":	813121344,
				"bits_per_second":	6504859864.119607,
				"jitter_ms":	0.00052880480949919219,
				"lost_packets":	4471,
				"packets":	1416169,
				"lost_percent":	0.31571090738464125,
				"omitted":	false,
				"sender":	false
			}
		}, {
			"streams":	[{
					"socket":	5,
					"start":	1,
					"end":	2,
					"seconds":	1,
					"bytes":	811463040,
					"bits_per_second":	6491704320,
					"jitter_ms":	0.00047676644099998338,
					"lost_packets":	7819,
					"packets":	1416611,
					"lost_percent":	0.55195110019617244,
					"omitted":	false,
					"sender":	false
				}],
			"sum":	{
				"start":	1,
				"end":	2,
				"seconds":	1,
				"bytes":	811463040,
				"bits_per_second":	6491704320,
				"jitter_ms":	0.00047676644099998338,
				"lost_packets":	7819,
				"packets":	1416611,
				"lost_percent":	0.55195110019617244,
				"omitted":	false,
				"sender":	false
			}
		}, {
			"streams":	[{
					"socket":	5,
					"start":	2,
					"end":	3,
					"seconds":	1,
					"bytes":	812187648,
					"bits_per_second":	6497501184,
					"jitter_ms":	0.0004139461448746689,
					"lost_packets":	6258,
					"packets":	1416314,
					"lost_percent":	0.4418511714210267,
					"omitted":	false,
					"sender":	false
				}],
			"sum":	{
				"start":	2,
				"end":	3,
				"seconds":	1,
				"bytes":	812187648,
				"bits_per_second":	6497501184,
				"jitter_ms":	0.0004139461448746689,
				"lost_packets":	6258,
				"packets":	1416314,
				"lost_percent":	0.4418511714210267,
				"omitted":	false,
				"sender":	false
			}
		}, {
			"streams":	[{
					"socket":	5,
					"start":	3,
					"end":	4,
					"seconds":	1,
					"bytes":	812820096,
					"bits_per_second":	6502560768,
					"jitter_ms":	0.00022650395789028795,
					"lost_packets":	4546,
					"packets":	1415694,
					"lost_percent":	0.321114591147522,
					"omitted":	false,
					"sender":	false
				}],
			"sum":	{
				"start":	3,
				"end":	4,
				"seconds":	1,
				"bytes":	812820096,
				"bits_per_second":	6502560768,
				"jitter_ms":	0.00022650395789028795,
				"lost_packets":	4546,
				"packets":	1415694,
				"lost_percent":	0.321114591147522,
				"omitted":	false,
				"sender":	false
			}
		}, {
			"streams":	[{
					"socket":	5,
					"start":	4,
					"end":	5,
					"seconds":	1,
					"bytes":	813363264,
					"bits_per_second":	6506906112,
					"jitter_ms":	0.00032711171975992581,
					"lost_packets":	1717,
					"packets":	1413806,
					"lost_percent":	0.12144523364591747,
					"omitted":	false,
					"sender":	false
				}],
			"sum":	{
				"start":	4,
				"end":	5,
				"seconds":	1,
				"bytes":	813363264,
				"bits_per_second":	6506906112,
				"jitter_ms":	0.00032711171975992581,
				"lost_packets":	1717,
				"packets":	1413806,
				"lost_percent":	0.12144523364591747,
				"omitted":	false,
				"sender":	false
			}
		}, {
			"streams":	[{
					"socket":	5,
					"start":	5,
					"end":	5.000258,
					"seconds":	0.00025799998547881842,
					"bytes":	213120,
					"bits_per_second":	6608372464.9665756,
					"jitter_ms":	0.000610201973343307,
					"lost_packets":	0,
					"packets":	371,
					"lost_percent":	0,
					"omitted":	false,
					"sender":	false
				}],
			"sum":	{
				"start":	5,
				"end":	5.000258,
				"seconds":	0.00025799998547881842,
				"bytes":	213120,
				"bits_per_second":	6608372464.9665756,
				"jitter_ms":	0.000610201973343307,
				"lost_packets":	0,
				"packets":	371,
				"lost_percent":	0,
				"omitted":	false,
				"sender":	false
			}
		}],
	"end":	{
		"streams":	[{
				"udp":	{
					"socket":	5,
					"start":	0,
					"end":	5.000258,
					"seconds":	5.000258,
					"bytes":	0,
					"bits_per_second":	0,
					"jitter_ms":	0.000610201973343307,
					"lost_packets":	24811,
					"packets":	7078936,
					"lost_percent":	0,
					"out_of_order":	0,
					"sender":	false
				}
			}],
		"sum":	{
			"start":	0,
			"end":	5.000258,
			"seconds":	5.000258,
			"bytes":	0,
			"bits_per_second":	0,
			"jitter_ms":	0.000610201973343307,
			"lost_packets":	24811,
			"packets":	7078936,
			"lost_percent":	0.350490525694822,
			"sender":	false
		},
		"sum_sent":	{
			"start":	0,
			"end":	5.000258,
			"seconds":	5.000258,
			"bytes":	0,
			"bits_per_second":	0,
			"jitter_ms":	0,
			"lost_packets":	0,
			"packets":	0,
			"lost_percent":	0,
			"sender":	true
		},
		"sum_received":	{
			"start":	0,
			"end":	5.000258,
			"seconds":	5.000258,
			"bytes":	4063176000,
			"bits_per_second":	6500746161.4980669,
			"jitter_ms":	0.000610201973343307,
			"lost_packets":	24811,
			"packets":	7078936,
			"lost_percent":	0.350490525694822,
			"sender":	false
		},
		"cpu_utilization_percent":	{
			"host_total":	199.9611444113664,
			"host_user":	26.652205340357817,
			"host_system":	173.30892478586571,
			"remote_total":	0,
			"remote_user":	0,
			"remote_system":	0
		}
	}
}
