{
	"start":	{
		"connected":	[{
				"socket":	5,
				"local_host":	"192.168.1.100",
				"local_port":	5201,
				"remote_host":	"192.168.1.110",
				"remote_port":	48510
			}],
		"version":	"iperf 3.16",
		"system_info":	"Linux design-lab 6.14.0-37-generic #37~24.04.1-Ubuntu SMP PREEMPT_DYNAMIC Thu Nov 20 10:25:38 UTC 2 x86_64",
		"target_bitrate":	8536661466,
		"timestamp":	{
			"time":	"Fri, 26 Jun 2026 02:37:24 GMT",
			"timesecs":	1782441444
		},
		"accepted_connection":	{
			"host":	"192.168.1.110",
			"port":	37896
		},
		"cookie":	"4jvgsfitxcbl7m7eitwt7wh3pkhk2uzuegga",
		"target_bitrate":	8536661466,
		"fq_rate":	0,
		"sock_bufsize":	0,
		"sndbuf_actual":	134217728,
		"rcvbuf_actual":	134217728,
		"test_start":	{
			"protocol":	"UDP",
			"num_streams":	1,
			"blksize":	1216,
			"omit":	2,
			"duration":	5,
			"bytes":	0,
			"blocks":	0,
			"reverse":	0,
			"tos":	0,
			"target_bitrate":	8536661466,
			"bidir":	0,
			"fqrate":	0
		}
	},
	"intervals":	[{
			"streams":	[{
					"socket":	5,
					"start":	0,
					"end":	1.000008,
					"seconds":	1.0000079870224,
					"bytes":	1066936640,
					"bits_per_second":	8535424947.3697529,
					"jitter_ms":	0.00522255336008067,
					"lost_packets":	0,
					"packets":	877415,
					"lost_percent":	0,
					"omitted":	true,
					"sender":	false
				}],
			"sum":	{
				"start":	0,
				"end":	1.000008,
				"seconds":	1.0000079870224,
				"bytes":	1066936640,
				"bits_per_second":	8535424947.3697529,
				"jitter_ms":	0.00522255336008067,
				"lost_packets":	0,
				"packets":	877415,
				"lost_percent":	0,
				"omitted":	true,
				"sender":	false
			}
		}, {
			"streams":	[{
					"socket":	5,
					"start":	0.999993,
					"end":	1,
					"seconds":	1.9999929666519165,
					"bytes":	1067121472,
					"bits_per_second":	4268500898.9263086,
					"jitter_ms":	0.000725809634054439,
					"lost_packets":	0,
					"packets":	1755107,
					"lost_percent":	0,
					"omitted":	false,
					"sender":	false
				}],
			"sum":	{
				"start":	0.999993,
				"end":	1,
				"seconds":	1.9999929666519165,
				"bytes":	1067121472,
				"bits_per_second":	4268500898.9263086,
				"jitter_ms":	0.000725809634054439,
				"lost_packets":	0,
				"packets":	1755107,
				"lost_percent":	0,
				"omitted":	false,
				"sender":	false
			}
		}, {
			"streams":	[{
					"socket":	5,
					"start":	1,
					"end":	2.000006,
					"seconds":	1.0000059604644775,
					"bytes":	1067033920,
					"bits_per_second":	8536220480.1610556,
					"jitter_ms":	0.0040618908152648125,
					"lost_packets":	0,
					"packets":	877498,
					"lost_percent":	0,
					"omitted":	false,
					"sender":	false
				}],
			"sum":	{
				"start":	1,
				"end":	2.000006,
				"seconds":	1.0000059604644775,
				"bytes":	1067033920,
				"bits_per_second":	8536220480.1610556,
				"jitter_ms":	0.0040618908152648125,
				"lost_packets":	0,
				"packets":	877498,
				"lost_percent":	0,
				"omitted":	false,
				"sender":	false
			}
		}, {
			"streams":	[{
					"socket":	5,
					"start":	2.000006,
					"end":	3.000001,
					"seconds":	0.999994993209839,
					"bytes":	1067115392,
					"bits_per_second":	8536965878.7967682,
					"jitter_ms":	0.000517138457983517,
					"lost_packets":	0,
					"packets":	877564,
					"lost_percent":	0,
					"omitted":	false,
					"sender":	false
				}],
			"sum":	{
				"start":	2.000006,
				"end":	3.000001,
				"seconds":	0.999994993209839,
				"bytes":	1067115392,
				"bits_per_second":	8536965878.7967682,
				"jitter_ms":	0.000517138457983517,
				"lost_packets":	0,
				"packets":	877564,
				"lost_percent":	0,
				"omitted":	false,
				"sender":	false
			}
		}, {
			"streams":	[{
					"socket":	5,
					"start":	3.000001,
					"end":	4.000001,
					"seconds":	1,
					"bytes":	1067065536,
					"bits_per_second":	8536524288,
					"jitter_ms":	0.0048623087295334979,
					"lost_packets":	0,
					"packets":	877527,
					"lost_percent":	0,
					"omitted":	false,
					"sender":	false
				}],
			"sum":	{
				"start":	3.000001,
				"end":	4.000001,
				"seconds":	1,
				"bytes":	1067065536,
				"bits_per_second":	8536524288,
				"jitter_ms":	0.0048623087295334979,
				"lost_packets":	0,
				"packets":	877527,
				"lost_percent":	0,
				"omitted":	false,
				"sender":	false
			}
		}, {
			"streams":	[{
					"socket":	5,
					"start":	4.000001,
					"end":	5.000001,
					"seconds":	1,
					"bytes":	1067053376,
					"bits_per_second":	8536427008,
					"jitter_ms":	0.0033370073800189927,
					"lost_packets":	0,
					"packets":	877512,
					"lost_percent":	0,
					"omitted":	false,
					"sender":	false
				}],
			"sum":	{
				"start":	4.000001,
				"end":	5.000001,
				"seconds":	1,
				"bytes":	1067053376,
				"bits_per_second":	8536427008,
				"jitter_ms":	0.0033370073800189927,
				"lost_packets":	0,
				"packets":	877512,
				"lost_percent":	0,
				"omitted":	false,
				"sender":	false
			}
		}, {
			"streams":	[{
					"socket":	5,
					"start":	5.000001,
					"end":	5.000228,
					"seconds":	0.00022699999681208283,
					"bytes":	154432,
					"bits_per_second":	5442537521.36722,
					"jitter_ms":	0.000430720710548021,
					"lost_packets":	0,
					"packets":	128,
					"lost_percent":	0,
					"omitted":	false,
					"sender":	false
				}],
			"sum":	{
				"start":	5.000001,
				"end":	5.000228,
				"seconds":	0.00022699999681208283,
				"bytes":	154432,
				"bits_per_second":	5442537521.36722,
				"jitter_ms":	0.000430720710548021,
				"lost_packets":	0,
				"packets":	128,
				"lost_percent":	0,
				"omitted":	false,
				"sender":	false
			}
		}],
	"end":	{
		"streams":	[{
				"udp":	{
					"socket":	5,
					"start":	0,
					"end":	5.000228,
					"seconds":	5.000228,
					"bytes":	0,
					"bits_per_second":	0,
					"jitter_ms":	0.000430720710548021,
					"lost_packets":	0,
					"packets":	4387796,
					"lost_percent":	0,
					"out_of_order":	0,
					"sender":	false
				}
			}],
		"sum":	{
			"start":	0,
			"end":	5.000228,
			"seconds":	5.000228,
			"bytes":	0,
			"bits_per_second":	0,
			"jitter_ms":	0.000430720710548021,
			"lost_packets":	0,
			"packets":	4387796,
			"lost_percent":	0,
			"sender":	false
		},
		"sum_sent":	{
			"start":	0,
			"end":	5.000228,
			"seconds":	5.000228,
			"bytes":	0,
			"bits_per_second":	0,
			"jitter_ms":	0,
			"lost_packets":	0,
			"packets":	0,
			"lost_percent":	0,
			"sender":	true
		},
		"sum_received":	{
			"start":	0,
			"end":	5.000228,
			"seconds":	5.000228,
			"bytes":	5335559936,
			"bits_per_second":	8536506632.89754,
			"jitter_ms":	0.000430720710548021,
			"lost_packets":	0,
			"packets":	4387796,
			"lost_percent":	0,
			"sender":	false
		},
		"cpu_utilization_percent":	{
			"host_total":	135.81229879238288,
			"host_user":	16.96239496062416,
			"host_system":	118.84990383175872,
			"remote_total":	0,
			"remote_user":	0,
			"remote_system":	0
		}
	}
}
