{
	"start":	{
		"connected":	[{
				"socket":	5,
				"local_host":	"192.168.1.100",
				"local_port":	5201,
				"remote_host":	"192.168.1.110",
				"remote_port":	57904
			}],
		"version":	"iperf 3.16",
		"system_info":	"Linux design-lab 6.14.0-37-generic #37~24.04.1-Ubuntu SMP PREEMPT_DYNAMIC Thu Nov 20 10:25:38 UTC 2 x86_64",
		"target_bitrate":	7680000000,
		"timestamp":	{
			"time":	"Fri, 26 Jun 2026 02:33:46 GMT",
			"timesecs":	1782441226
		},
		"accepted_connection":	{
			"host":	"192.168.1.110",
			"port":	46448
		},
		"cookie":	"2e4d3p2ux5o36fe66mhbrfjeni432yrq7luo",
		"target_bitrate":	7680000000,
		"fq_rate":	0,
		"sock_bufsize":	0,
		"sndbuf_actual":	134217728,
		"rcvbuf_actual":	134217728,
		"test_start":	{
			"protocol":	"UDP",
			"num_streams":	1,
			"blksize":	384,
			"omit":	2,
			"duration":	5,
			"bytes":	0,
			"blocks":	0,
			"reverse":	0,
			"tos":	0,
			"target_bitrate":	7680000000,
			"bidir":	0,
			"fqrate":	0
		}
	},
	"intervals":	[{
			"streams":	[{
					"socket":	5,
					"start":	0,
					"end":	1.000001,
					"seconds":	1.0000009536743164,
					"bytes":	532829568,
					"bits_per_second":	4262632478.8368845,
					"jitter_ms":	0.00022485671804692021,
					"lost_packets":	30279,
					"packets":	1417856,
					"lost_percent":	2.1355483208449941,
					"omitted":	true,
					"sender":	false
				}],
			"sum":	{
				"start":	0,
				"end":	1.000001,
				"seconds":	1.0000009536743164,
				"bytes":	532829568,
				"bits_per_second":	4262632478.8368845,
				"jitter_ms":	0.00022485671804692021,
				"lost_packets":	30279,
				"packets":	1417856,
				"lost_percent":	2.1355483208449941,
				"omitted":	true,
				"sender":	false
			}
		}, {
			"streams":	[{
					"socket":	5,
					"start":	1,
					"end":	1,
					"seconds":	2,
					"bytes":	542998272,
					"bits_per_second":	2171993088,
					"jitter_ms":	0.000367426308664152,
					"lost_packets":	58011,
					"packets":	2845312,
					"lost_percent":	2.0388273764001981,
					"omitted":	false,
					"sender":	false
				}],
			"sum":	{
				"start":	1,
				"end":	1,
				"seconds":	2,
				"bytes":	542998272,
				"bits_per_second":	2171993088,
				"jitter_ms":	0.000367426308664152,
				"lost_packets":	58011,
				"packets":	2845312,
				"lost_percent":	2.0388273764001981,
				"omitted":	false,
				"sender":	false
			}
		}, {
			"streams":	[{
					"socket":	5,
					"start":	1,
					"end":	2,
					"seconds":	1,
					"bytes":	548264832,
					"bits_per_second":	4386118656,
					"jitter_ms":	0.0002951393017223437,
					"lost_packets":	12491,
					"packets":	1440266,
					"lost_percent":	0.86727035144896847,
					"omitted":	false,
					"sender":	false
				}],
			"sum":	{
				"start":	1,
				"end":	2,
				"seconds":	1,
				"bytes":	548264832,
				"bits_per_second":	4386118656,
				"jitter_ms":	0.0002951393017223437,
				"lost_packets":	12491,
				"packets":	1440266,
				"lost_percent":	0.86727035144896847,
				"omitted":	false,
				"sender":	false
			}
		}, {
			"streams":	[{
					"socket":	5,
					"start":	2,
					"end":	3,
					"seconds":	1,
					"bytes":	544617600,
					"bits_per_second":	4356940800,
					"jitter_ms":	0.00044215044235566971,
					"lost_packets":	19583,
					"packets":	1437860,
					"lost_percent":	1.3619545713769075,
					"omitted":	false,
					"sender":	false
				}],
			"sum":	{
				"start":	2,
				"end":	3,
				"seconds":	1,
				"bytes":	544617600,
				"bits_per_second":	4356940800,
				"jitter_ms":	0.00044215044235566971,
				"lost_packets":	19583,
				"packets":	1437860,
				"lost_percent":	1.3619545713769075,
				"omitted":	false,
				"sender":	false
			}
		}, {
			"streams":	[{
					"socket":	5,
					"start":	3,
					"end":	4,
					"seconds":	1,
					"bytes":	547687296,
					"bits_per_second":	4381498368,
					"jitter_ms":	0.000594617800061487,
					"lost_packets":	13254,
					"packets":	1439542,
					"lost_percent":	0.92070950343928837,
					"omitted":	false,
					"sender":	false
				}],
			"sum":	{
				"start":	3,
				"end":	4,
				"seconds":	1,
				"bytes":	547687296,
				"bits_per_second":	4381498368,
				"jitter_ms":	0.000594617800061487,
				"lost_packets":	13254,
				"packets":	1439542,
				"lost_percent":	0.92070950343928837,
				"omitted":	false,
				"sender":	false
			}
		}, {
			"streams":	[{
					"socket":	5,
					"start":	4,
					"end":	5,
					"seconds":	1,
					"bytes":	546544896,
					"bits_per_second":	4372359168,
					"jitter_ms":	0.00041182853318302983,
					"lost_packets":	15695,
					"packets":	1438990,
					"lost_percent":	1.0906955573006067,
					"omitted":	false,
					"sender":	false
				}],
			"sum":	{
				"start":	4,
				"end":	5,
				"seconds":	1,
				"bytes":	546544896,
				"bits_per_second":	4372359168,
				"jitter_ms":	0.00041182853318302983,
				"lost_packets":	15695,
				"packets":	1438990,
				"lost_percent":	1.0906955573006067,
				"omitted":	false,
				"sender":	false
			}
		}, {
			"streams":	[{
					"socket":	5,
					"start":	5,
					"end":	5.000239,
					"seconds":	0.0002390000008745119,
					"bytes":	126720,
					"bits_per_second":	4241673624.6468868,
					"jitter_ms":	0.0013233001462680974,
					"lost_packets":	0,
					"packets":	331,
					"lost_percent":	0,
					"omitted":	false,
					"sender":	false
				}],
			"sum":	{
				"start":	5,
				"end":	5.000239,
				"seconds":	0.0002390000008745119,
				"bytes":	126720,
				"bits_per_second":	4241673624.6468868,
				"jitter_ms":	0.0013233001462680974,
				"lost_packets":	0,
				"packets":	331,
				"lost_percent":	0,
				"omitted":	false,
				"sender":	false
			}
		}],
	"end":	{
		"streams":	[{
				"udp":	{
					"socket":	5,
					"start":	0,
					"end":	5.000239,
					"seconds":	5.000239,
					"bytes":	0,
					"bits_per_second":	0,
					"jitter_ms":	0.0013233001462680974,
					"lost_packets":	83575,
					"packets":	7193600,
					"lost_percent":	0,
					"out_of_order":	0,
					"sender":	false
				}
			}],
		"sum":	{
			"start":	0,
			"end":	5.000239,
			"seconds":	5.000239,
			"bytes":	0,
			"bits_per_second":	0,
			"jitter_ms":	0.0013233001462680974,
			"lost_packets":	83575,
			"packets":	7193600,
			"lost_percent":	1.161796596975089,
			"sender":	false
		},
		"sum_sent":	{
			"start":	0,
			"end":	5.000239,
			"seconds":	5.000239,
			"bytes":	0,
			"bits_per_second":	0,
			"jitter_ms":	0,
			"lost_packets":	0,
			"packets":	0,
			"lost_percent":	0,
			"sender":	true
		},
		"sum_received":	{
			"start":	0,
			"end":	5.000239,
			"seconds":	5.000239,
			"bytes":	2730249600,
			"bits_per_second":	4368190560.49121,
			"jitter_ms":	0.0013233001462680974,
			"lost_packets":	83575,
			"packets":	7193600,
			"lost_percent":	1.161796596975089,
			"sender":	false
		},
		"cpu_utilization_percent":	{
			"host_total":	199.71659555246868,
			"host_user":	25.793361744728006,
			"host_system":	173.92321952252229,
			"remote_total":	0,
			"remote_user":	0,
			"remote_system":	0
		}
	}
}
