{
	"start":	{
		"connected":	[{
				"socket":	5,
				"local_host":	"192.168.1.100",
				"local_port":	5201,
				"remote_host":	"192.168.1.110",
				"remote_port":	44457
			}],
		"version":	"iperf 3.16",
		"system_info":	"Linux design-lab 6.14.0-37-generic #37~24.04.1-Ubuntu SMP PREEMPT_DYNAMIC Thu Nov 20 10:25:38 UTC 2 x86_64",
		"target_bitrate":	8578723404,
		"timestamp":	{
			"time":	"Fri, 26 Jun 2026 02:37:58 GMT",
			"timesecs":	1782441478
		},
		"accepted_connection":	{
			"host":	"192.168.1.110",
			"port":	60154
		},
		"cookie":	"lplbc3jnwb4msmxadzo2hrrxhzvywwmcque6",
		"target_bitrate":	8578723404,
		"fq_rate":	0,
		"sock_bufsize":	0,
		"sndbuf_actual":	134217728,
		"rcvbuf_actual":	134217728,
		"test_start":	{
			"protocol":	"UDP",
			"num_streams":	1,
			"blksize":	1344,
			"omit":	2,
			"duration":	5,
			"bytes":	0,
			"blocks":	0,
			"reverse":	0,
			"tos":	0,
			"target_bitrate":	8578723404,
			"bidir":	0,
			"fqrate":	0
		}
	},
	"intervals":	[{
			"streams":	[{
					"socket":	5,
					"start":	0,
					"end":	1.000001,
					"seconds":	1.0000009536743164,
					"bytes":	702244032,
					"bits_per_second":	5617946898.3083324,
					"jitter_ms":	0.0018741269398035391,
					"lost_packets":	242531,
					"packets":	765034,
					"lost_percent":	31.70198971548977,
					"omitted":	true,
					"sender":	false
				}],
			"sum":	{
				"start":	0,
				"end":	1.000001,
				"seconds":	1.0000009536743164,
				"bytes":	702244032,
				"bits_per_second":	5617946898.3083324,
				"jitter_ms":	0.0018741269398035391,
				"lost_packets":	242531,
				"packets":	765034,
				"lost_percent":	31.70198971548977,
				"omitted":	true,
				"sender":	false
			}
		}, {
			"streams":	[{
					"socket":	5,
					"start":	1,
					"end":	1,
					"seconds":	2,
					"bytes":	668990784,
					"bits_per_second":	2675963136,
					"jitter_ms":	0.0019126569836907454,
					"lost_packets":	594766,
					"packets":	1593537,
					"lost_percent":	37.323639174992486,
					"omitted":	false,
					"sender":	false
				}],
			"sum":	{
				"start":	1,
				"end":	1,
				"seconds":	2,
				"bytes":	668990784,
				"bits_per_second":	2675963136,
				"jitter_ms":	0.0019126569836907454,
				"lost_packets":	594766,
				"packets":	1593537,
				"lost_percent":	37.323639174992486,
				"omitted":	false,
				"sender":	false
			}
		}, {
			"streams":	[{
					"socket":	5,
					"start":	1,
					"end":	2,
					"seconds":	1,
					"bytes":	673977024,
					"bits_per_second":	5391816192,
					"jitter_ms":	0.0010374262651842354,
					"lost_packets":	299468,
					"packets":	800940,
					"lost_percent":	37.3895672584713,
					"omitted":	false,
					"sender":	false
				}],
			"sum":	{
				"start":	1,
				"end":	2,
				"seconds":	1,
				"bytes":	673977024,
				"bits_per_second":	5391816192,
				"jitter_ms":	0.0010374262651842354,
				"lost_packets":	299468,
				"packets":	800940,
				"lost_percent":	37.3895672584713,
				"omitted":	false,
				"sender":	false
			}
		}, {
			"streams":	[{
					"socket":	5,
					"start":	2,
					"end":	3,
					"seconds":	1,
					"bytes":	780642240,
					"bits_per_second":	6245137920,
					"jitter_ms":	0.0038781938201380818,
					"lost_packets":	214530,
					"packets":	795365,
					"lost_percent":	26.972522049625017,
					"omitted":	false,
					"sender":	false
				}],
			"sum":	{
				"start":	2,
				"end":	3,
				"seconds":	1,
				"bytes":	780642240,
				"bits_per_second":	6245137920,
				"jitter_ms":	0.0038781938201380818,
				"lost_packets":	214530,
				"packets":	795365,
				"lost_percent":	26.972522049625017,
				"omitted":	false,
				"sender":	false
			}
		}, {
			"streams":	[{
					"socket":	5,
					"start":	3,
					"end":	4,
					"seconds":	1,
					"bytes":	685192704,
					"bits_per_second":	5481541632,
					"jitter_ms":	0.0022578785515848048,
					"lost_packets":	288225,
					"packets":	798047,
					"lost_percent":	36.116293902489453,
					"omitted":	false,
					"sender":	false
				}],
			"sum":	{
				"start":	3,
				"end":	4,
				"seconds":	1,
				"bytes":	685192704,
				"bits_per_second":	5481541632,
				"jitter_ms":	0.0022578785515848048,
				"lost_packets":	288225,
				"packets":	798047,
				"lost_percent":	36.116293902489453,
				"omitted":	false,
				"sender":	false
			}
		}, {
			"streams":	[{
					"socket":	5,
					"start":	4,
					"end":	5,
					"seconds":	1,
					"bytes":	812054208,
					"bits_per_second":	6496433664,
					"jitter_ms":	0.008453834794607807,
					"lost_packets":	194985,
					"packets":	799194,
					"lost_percent":	24.397705688481146,
					"omitted":	false,
					"sender":	false
				}],
			"sum":	{
				"start":	4,
				"end":	5,
				"seconds":	1,
				"bytes":	812054208,
				"bits_per_second":	6496433664,
				"jitter_ms":	0.008453834794607807,
				"lost_packets":	194985,
				"packets":	799194,
				"lost_percent":	24.397705688481146,
				"omitted":	false,
				"sender":	false
			}
		}, {
			"streams":	[{
					"socket":	5,
					"start":	5,
					"end":	5.000265,
					"seconds":	0.00026500000967644155,
					"bytes":	255360,
					"bits_per_second":	7708980850.58301,
					"jitter_ms":	0.003252970992586323,
					"lost_packets":	0,
					"packets":	191,
					"lost_percent":	0,
					"omitted":	false,
					"sender":	false
				}],
			"sum":	{
				"start":	5,
				"end":	5.000265,
				"seconds":	0.00026500000967644155,
				"bytes":	255360,
				"bits_per_second":	7708980850.58301,
				"jitter_ms":	0.003252970992586323,
				"lost_packets":	0,
				"packets":	191,
				"lost_percent":	0,
				"omitted":	false,
				"sender":	false
			}
		}],
	"end":	{
		"streams":	[{
				"udp":	{
					"socket":	5,
					"start":	0,
					"end":	5.000265,
					"seconds":	5.000265,
					"bytes":	0,
					"bits_per_second":	0,
					"jitter_ms":	0.003252970992586323,
					"lost_packets":	1297212,
					"packets":	3991502,
					"lost_percent":	0,
					"out_of_order":	0,
					"sender":	false
				}
			}],
		"sum":	{
			"start":	0,
			"end":	5.000265,
			"seconds":	5.000265,
			"bytes":	0,
			"bits_per_second":	0,
			"jitter_ms":	0.003252970992586323,
			"lost_packets":	1297212,
			"packets":	3991502,
			"lost_percent":	32.49934485815114,
			"sender":	false
		},
		"sum_sent":	{
			"start":	0,
			"end":	5.000265,
			"seconds":	5.000265,
			"bytes":	0,
			"bits_per_second":	0,
			"jitter_ms":	0,
			"lost_packets":	0,
			"packets":	0,
			"lost_percent":	0,
			"sender":	true
		},
		"sum_received":	{
			"start":	0,
			"end":	5.000265,
			"seconds":	5.000265,
			"bytes":	3621125760,
			"bits_per_second":	5793494160.8094778,
			"jitter_ms":	0.003252970992586323,
			"lost_packets":	1297212,
			"packets":	3991502,
			"lost_percent":	32.49934485815114,
			"sender":	false
		},
		"cpu_utilization_percent":	{
			"host_total":	198.775803662318,
			"host_user":	17.900405498876758,
			"host_system":	180.87539816344122,
			"remote_total":	0,
			"remote_user":	0,
			"remote_system":	0
		}
	}
}
