{
	"start":	{
		"connected":	[{
				"socket":	5,
				"local_host":	"192.168.1.110",
				"local_port":	48054,
				"remote_host":	"192.168.1.100",
				"remote_port":	5201
			}],
		"version":	"iperf 3.16",
		"system_info":	"Linux design-lab 6.14.0-37-generic #37~24.04.1-Ubuntu SMP PREEMPT_DYNAMIC Thu Nov 20 10:25:38 UTC 2 x86_64",
		"timestamp":	{
			"time":	"Fri, 26 Jun 2026 02:36:17 GMT",
			"timesecs":	1782441377
		},
		"connecting_to":	{
			"host":	"192.168.1.100",
			"port":	5201
		},
		"cookie":	"fgzswtraigtjddgqfiy35o4pf6nlkrq6mofi",
		"target_bitrate":	8421052632,
		"fq_rate":	0,
		"sock_bufsize":	0,
		"sndbuf_actual":	134217728,
		"rcvbuf_actual":	134217728,
		"test_start":	{
			"protocol":	"UDP",
			"num_streams":	1,
			"blksize":	960,
			"omit":	2,
			"duration":	5,
			"bytes":	0,
			"blocks":	0,
			"reverse":	0,
			"tos":	0,
			"target_bitrate":	8421052632,
			"bidir":	0,
			"fqrate":	0
		}
	},
	"intervals":	[{
			"streams":	[{
					"socket":	5,
					"start":	0,
					"end":	1.000053,
					"seconds":	1.00005304813385,
					"bytes":	1052650560,
					"bits_per_second":	8420757774.51446,
					"packets":	1096511,
					"omitted":	true,
					"sender":	true
				}],
			"sum":	{
				"start":	0,
				"end":	1.000053,
				"seconds":	1.00005304813385,
				"bytes":	1052650560,
				"bits_per_second":	8420757774.51446,
				"packets":	1096511,
				"omitted":	true,
				"sender":	true
			}
		}, {
			"streams":	[{
					"socket":	5,
					"start":	0.999999,
					"end":	1.000001,
					"seconds":	2,
					"bytes":	1052665920,
					"bits_per_second":	4210663680,
					"packets":	2192979,
					"omitted":	false,
					"sender":	true
				}],
			"sum":	{
				"start":	0.999999,
				"end":	1.000001,
				"seconds":	2,
				"bytes":	1052665920,
				"bits_per_second":	4210663680,
				"packets":	2192979,
				"omitted":	false,
				"sender":	true
			}
		}, {
			"streams":	[{
					"socket":	5,
					"start":	1.000001,
					"end":	2.000001,
					"seconds":	1,
					"bytes":	1052565120,
					"bits_per_second":	8420520960,
					"packets":	1096424,
					"omitted":	false,
					"sender":	true
				}],
			"sum":	{
				"start":	1.000001,
				"end":	2.000001,
				"seconds":	1,
				"bytes":	1052565120,
				"bits_per_second":	8420520960,
				"packets":	1096424,
				"omitted":	false,
				"sender":	true
			}
		}, {
			"streams":	[{
					"socket":	5,
					"start":	2.000001,
					"end":	3,
					"seconds":	0.99999898672103882,
					"bytes":	1052714880,
					"bits_per_second":	8421727573.5593672,
					"packets":	1096598,
					"omitted":	false,
					"sender":	true
				}],
			"sum":	{
				"start":	2.000001,
				"end":	3,
				"seconds":	0.99999898672103882,
				"bytes":	1052714880,
				"bits_per_second":	8421727573.5593672,
				"packets":	1096598,
				"omitted":	false,
				"sender":	true
			}
		}, {
			"streams":	[{
					"socket":	5,
					"start":	3,
					"end":	4.000001,
					"seconds":	1.0000009536743164,
					"bytes":	1052600640,
					"bits_per_second":	8420797089.3020926,
					"packets":	1096461,
					"omitted":	false,
					"sender":	true
				}],
			"sum":	{
				"start":	3,
				"end":	4.000001,
				"seconds":	1.0000009536743164,
				"bytes":	1052600640,
				"bits_per_second":	8420797089.3020926,
				"packets":	1096461,
				"omitted":	false,
				"sender":	true
			}
		}, {
			"streams":	[{
					"socket":	5,
					"start":	4.000001,
					"end":	5.000137,
					"seconds":	1.0001360177993774,
					"bytes":	1052649600,
					"bits_per_second":	8420051523.12118,
					"packets":	1096509,
					"omitted":	false,
					"sender":	true
				}],
			"sum":	{
				"start":	4.000001,
				"end":	5.000137,
				"seconds":	1.0001360177993774,
				"bytes":	1052649600,
				"bits_per_second":	8420051523.12118,
				"packets":	1096509,
				"omitted":	false,
				"sender":	true
			}
		}],
	"end":	{
		"streams":	[{
				"udp":	{
					"socket":	5,
					"start":	0,
					"end":	5.000137,
					"seconds":	5.000137,
					"bytes":	5263219200,
					"bits_per_second":	8420919986.7923622,
					"jitter_ms":	0.000524172085553647,
					"lost_packets":	636892,
					"packets":	5482520,
					"lost_percent":	11.616774767807504,
					"out_of_order":	0,
					"sender":	true
				}
			}],
		"sum":	{
			"start":	0,
			"end":	5.000241,
			"seconds":	5.000241,
			"bytes":	5263219200,
			"bits_per_second":	8420919986.7923622,
			"jitter_ms":	0.000524172085553647,
			"lost_packets":	636892,
			"packets":	5482520,
			"lost_percent":	11.616774767807504,
			"sender":	true
		},
		"sum_sent":	{
			"start":	0,
			"end":	5.000137,
			"seconds":	5.000137,
			"bytes":	5263219200,
			"bits_per_second":	8420919986.7923622,
			"jitter_ms":	0,
			"lost_packets":	0,
			"packets":	5482520,
			"lost_percent":	0,
			"sender":	true
		},
		"sum_received":	{
			"start":	0,
			"end":	5.000241,
			"seconds":	5.000241,
			"bytes":	4574118720,
			"bits_per_second":	7318237212.9663353,
			"jitter_ms":	0.000524172085553647,
			"lost_packets":	636892,
			"packets":	5401599,
			"lost_percent":	11.616774767807504,
			"sender":	false
		},
		"cpu_utilization_percent":	{
			"host_total":	101.26748632591811,
			"host_user":	16.972374711983623,
			"host_system":	84.2951116139345,
			"remote_total":	158.284587552698,
			"remote_user":	21.060977128862568,
			"remote_system":	137.22361042383545
		}
	}
}
