{
	"start":	{
		"connected":	[{
				"socket":	5,
				"local_host":	"192.168.1.110",
				"local_port":	37198,
				"remote_host":	"192.168.1.100",
				"remote_port":	5201
			}],
		"version":	"iperf 3.16",
		"system_info":	"Linux design-lab 6.14.0-37-generic #37~24.04.1-Ubuntu SMP PREEMPT_DYNAMIC Thu Nov 20 10:25:38 UTC 2 x86_64",
		"timestamp":	{
			"time":	"Fri, 26 Jun 2026 02:34:03 GMT",
			"timesecs":	1782441243
		},
		"connecting_to":	{
			"host":	"192.168.1.100",
			"port":	5201
		},
		"cookie":	"msw4e5tczguczbentp35ri57hm7jkxt4vtnr",
		"target_bitrate":	7844357977,
		"fq_rate":	0,
		"sock_bufsize":	0,
		"sndbuf_actual":	134217728,
		"rcvbuf_actual":	134217728,
		"test_start":	{
			"protocol":	"UDP",
			"num_streams":	1,
			"blksize":	448,
			"omit":	2,
			"duration":	5,
			"bytes":	0,
			"blocks":	0,
			"reverse":	0,
			"tos":	0,
			"target_bitrate":	7844357977,
			"bidir":	0,
			"fqrate":	0
		}
	},
	"intervals":	[{
			"streams":	[{
					"socket":	5,
					"start":	0,
					"end":	1.000053,
					"seconds":	1.00005304813385,
					"bytes":	580557824,
					"bits_per_second":	4644216224.996068,
					"packets":	1295890,
					"omitted":	true,
					"sender":	true
				}],
			"sum":	{
				"start":	0,
				"end":	1.000053,
				"seconds":	1.00005304813385,
				"bytes":	580557824,
				"bits_per_second":	4644216224.996068,
				"packets":	1295890,
				"omitted":	true,
				"sender":	true
			}
		}, {
			"streams":	[{
					"socket":	5,
					"start":	1,
					"end":	1.000052,
					"seconds":	2.0000519752502441,
					"bytes":	665722176,
					"bits_per_second":	2662819503.6449714,
					"packets":	2972604,
					"omitted":	false,
					"sender":	true
				}],
			"sum":	{
				"start":	1,
				"end":	1.000052,
				"seconds":	2.0000519752502441,
				"bytes":	665722176,
				"bits_per_second":	2662819503.6449714,
				"packets":	2972604,
				"omitted":	false,
				"sender":	true
			}
		}, {
			"streams":	[{
					"socket":	5,
					"start":	1.000052,
					"end":	2.000052,
					"seconds":	1,
					"bytes":	665646464,
					"bits_per_second":	5325171712,
					"packets":	1485821,
					"omitted":	false,
					"sender":	true
				}],
			"sum":	{
				"start":	1.000052,
				"end":	2.000052,
				"seconds":	1,
				"bytes":	665646464,
				"bits_per_second":	5325171712,
				"packets":	1485821,
				"omitted":	false,
				"sender":	true
			}
		}, {
			"streams":	[{
					"socket":	5,
					"start":	2.000052,
					"end":	3.000052,
					"seconds":	1,
					"bytes":	665785792,
					"bits_per_second":	5326286336,
					"packets":	1486143,
					"omitted":	false,
					"sender":	true
				}],
			"sum":	{
				"start":	2.000052,
				"end":	3.000052,
				"seconds":	1,
				"bytes":	665785792,
				"bits_per_second":	5326286336,
				"packets":	1486143,
				"omitted":	false,
				"sender":	true
			}
		}, {
			"streams":	[{
					"socket":	5,
					"start":	3.000052,
					"end":	4.000052,
					"seconds":	1,
					"bytes":	664690432,
					"bits_per_second":	5317523456,
					"packets":	1483685,
					"omitted":	false,
					"sender":	true
				}],
			"sum":	{
				"start":	3.000052,
				"end":	4.000052,
				"seconds":	1,
				"bytes":	664690432,
				"bits_per_second":	5317523456,
				"packets":	1483685,
				"omitted":	false,
				"sender":	true
			}
		}, {
			"streams":	[{
					"socket":	5,
					"start":	4.000052,
					"end":	5.000134,
					"seconds":	1.0000820159912109,
					"bytes":	663861632,
					"bits_per_second":	5310457513.563242,
					"packets":	1481833,
					"omitted":	false,
					"sender":	true
				}],
			"sum":	{
				"start":	4.000052,
				"end":	5.000134,
				"seconds":	1.0000820159912109,
				"bytes":	663861632,
				"bits_per_second":	5310457513.563242,
				"packets":	1481833,
				"omitted":	false,
				"sender":	true
			}
		}],
	"end":	{
		"streams":	[{
				"udp":	{
					"socket":	5,
					"start":	0,
					"end":	5.000134,
					"seconds":	5.000134,
					"bytes":	3325715008,
					"bits_per_second":	5321001409.9622126,
					"jitter_ms":	0.000622191644997285,
					"lost_packets":	435477,
					"packets":	7423470,
					"lost_percent":	5.8662188976314313,
					"out_of_order":	0,
					"sender":	true
				}
			}],
		"sum":	{
			"start":	0,
			"end":	5.000246,
			"seconds":	5.000246,
			"bytes":	3325715008,
			"bits_per_second":	5321001409.9622126,
			"jitter_ms":	0.000622191644997285,
			"lost_packets":	435477,
			"packets":	7423470,
			"lost_percent":	5.8662188976314313,
			"sender":	true
		},
		"sum_sent":	{
			"start":	0,
			"end":	5.000134,
			"seconds":	5.000134,
			"bytes":	3325715008,
			"bits_per_second":	5321001409.9622126,
			"jitter_ms":	0,
			"lost_packets":	0,
			"packets":	7423470,
			"lost_percent":	0,
			"sender":	true
		},
		"sum_received":	{
			"start":	0,
			"end":	5.000246,
			"seconds":	5.000246,
			"bytes":	3130790656,
			"bits_per_second":	5009018605.88459,
			"jitter_ms":	0.000622191644997285,
			"lost_packets":	435477,
			"packets":	7423849,
			"lost_percent":	5.8662188976314313,
			"sender":	false
		},
		"cpu_utilization_percent":	{
			"host_total":	101.18878481710618,
			"host_user":	10.291593041078436,
			"host_system":	90.897163206680659,
			"remote_total":	184.00856253298983,
			"remote_user":	23.999848577161007,
			"remote_system":	160.0087139558288
		}
	}
}
