{
	"start":	{
		"connected":	[{
				"socket":	5,
				"local_host":	"192.168.1.110",
				"local_port":	5201,
				"remote_host":	"192.168.1.100",
				"remote_port":	53690
			}],
		"version":	"iperf 3.16",
		"system_info":	"Linux design-lab 6.14.0-37-generic #37~24.04.1-Ubuntu SMP PREEMPT_DYNAMIC Thu Nov 20 10:25:38 UTC 2 x86_64",
		"target_bitrate":	7607726597,
		"timestamp":	{
			"time":	"Fri, 26 Jun 2026 02:20:55 GMT",
			"timesecs":	1782440455
		},
		"accepted_connection":	{
			"host":	"192.168.1.100",
			"port":	38324
		},
		"cookie":	"h6k72t6wr7chvnz37dfqwshqru55fvnmls2a",
		"target_bitrate":	7607726597,
		"fq_rate":	0,
		"sock_bufsize":	0,
		"sndbuf_actual":	67108864,
		"rcvbuf_actual":	67108864,
		"test_start":	{
			"protocol":	"UDP",
			"num_streams":	1,
			"blksize":	1280,
			"omit":	2,
			"duration":	5,
			"bytes":	0,
			"blocks":	0,
			"reverse":	0,
			"tos":	0,
			"target_bitrate":	7607726597,
			"bidir":	0,
			"fqrate":	0
		}
	},
	"intervals":	[{
			"streams":	[{
					"socket":	5,
					"start":	0,
					"end":	1.000001,
					"seconds":	1.0000009536743164,
					"bytes":	950817280,
					"bits_per_second":	7606530985.8467617,
					"jitter_ms":	0.00060068991849827923,
					"lost_packets":	0,
					"packets":	742826,
					"lost_percent":	0,
					"omitted":	true,
					"sender":	false
				}],
			"sum":	{
				"start":	0,
				"end":	1.000001,
				"seconds":	1.0000009536743164,
				"bytes":	950817280,
				"bits_per_second":	7606530985.8467617,
				"jitter_ms":	0.00060068991849827923,
				"lost_packets":	0,
				"packets":	742826,
				"lost_percent":	0,
				"omitted":	true,
				"sender":	false
			}
		}, {
			"streams":	[{
					"socket":	5,
					"start":	1,
					"end":	1.000011,
					"seconds":	2.0000109672546387,
					"bytes":	950964480,
					"bits_per_second":	3803837061.1751728,
					"jitter_ms":	0.00081614107115681519,
					"lost_packets":	0,
					"packets":	1485909,
					"lost_percent":	0,
					"omitted":	false,
					"sender":	false
				}],
			"sum":	{
				"start":	1,
				"end":	1.000011,
				"seconds":	2.0000109672546387,
				"bytes":	950964480,
				"bits_per_second":	3803837061.1751728,
				"jitter_ms":	0.00081614107115681519,
				"lost_packets":	0,
				"packets":	1485909,
				"lost_percent":	0,
				"omitted":	false,
				"sender":	false
			}
		}, {
			"streams":	[{
					"socket":	5,
					"start":	1.000011,
					"end":	2,
					"seconds":	0.99998897314071655,
					"bytes":	950918400,
					"bits_per_second":	7607431086.0720949,
					"jitter_ms":	0.0030963464437804007,
					"lost_packets":	0,
					"packets":	742906,
					"lost_percent":	0,
					"omitted":	false,
					"sender":	false
				}],
			"sum":	{
				"start":	1.000011,
				"end":	2,
				"seconds":	0.99998897314071655,
				"bytes":	950918400,
				"bits_per_second":	7607431086.0720949,
				"jitter_ms":	0.0030963464437804007,
				"lost_packets":	0,
				"packets":	742906,
				"lost_percent":	0,
				"omitted":	false,
				"sender":	false
			}
		}, {
			"streams":	[{
					"socket":	5,
					"start":	2,
					"end":	3.000021,
					"seconds":	1.0000209808349609,
					"bytes":	950972160,
					"bits_per_second":	7607617665.8293076,
					"jitter_ms":	0.00421618883242252,
					"lost_packets":	0,
					"packets":	742947,
					"lost_percent":	0,
					"omitted":	false,
					"sender":	false
				}],
			"sum":	{
				"start":	2,
				"end":	3.000021,
				"seconds":	1.0000209808349609,
				"bytes":	950972160,
				"bits_per_second":	7607617665.8293076,
				"jitter_ms":	0.00421618883242252,
				"lost_packets":	0,
				"packets":	742947,
				"lost_percent":	0,
				"omitted":	false,
				"sender":	false
			}
		}, {
			"streams":	[{
					"socket":	5,
					"start":	3.000021,
					"end":	4,
					"seconds":	0.999979019165039,
					"bytes":	950963200,
					"bits_per_second":	7607865219.3645725,
					"jitter_ms":	0.0021763311550357734,
					"lost_packets":	0,
					"packets":	742942,
					"lost_percent":	0,
					"omitted":	false,
					"sender":	false
				}],
			"sum":	{
				"start":	3.000021,
				"end":	4,
				"seconds":	0.999979019165039,
				"bytes":	950963200,
				"bits_per_second":	7607865219.3645725,
				"jitter_ms":	0.0021763311550357734,
				"lost_packets":	0,
				"packets":	742942,
				"lost_percent":	0,
				"omitted":	false,
				"sender":	false
			}
		}, {
			"streams":	[{
					"socket":	5,
					"start":	4,
					"end":	5.000002,
					"seconds":	1.0000020265579224,
					"bytes":	950987520,
					"bits_per_second":	7607884742.1809034,
					"jitter_ms":	0.0017124407290945072,
					"lost_packets":	0,
					"packets":	742960,
					"lost_percent":	0,
					"omitted":	false,
					"sender":	false
				}],
			"sum":	{
				"start":	4,
				"end":	5.000002,
				"seconds":	1.0000020265579224,
				"bytes":	950987520,
				"bits_per_second":	7607884742.1809034,
				"jitter_ms":	0.0017124407290945072,
				"lost_packets":	0,
				"packets":	742960,
				"lost_percent":	0,
				"omitted":	false,
				"sender":	false
			}
		}, {
			"streams":	[{
					"socket":	5,
					"start":	5.000002,
					"end":	5.000197,
					"seconds":	0.00019500000053085387,
					"bytes":	106240,
					"bits_per_second":	4358564090.6986637,
					"jitter_ms":	0.00079751533219032846,
					"lost_packets":	0,
					"packets":	83,
					"lost_percent":	0,
					"omitted":	false,
					"sender":	false
				}],
			"sum":	{
				"start":	5.000002,
				"end":	5.000197,
				"seconds":	0.00019500000053085387,
				"bytes":	106240,
				"bits_per_second":	4358564090.6986637,
				"jitter_ms":	0.00079751533219032846,
				"lost_packets":	0,
				"packets":	83,
				"lost_percent":	0,
				"omitted":	false,
				"sender":	false
			}
		}],
	"end":	{
		"streams":	[{
				"udp":	{
					"socket":	5,
					"start":	0,
					"end":	5.000197,
					"seconds":	5.000197,
					"bytes":	0,
					"bits_per_second":	0,
					"jitter_ms":	0.00079751533219032846,
					"lost_packets":	0,
					"packets":	3714779,
					"lost_percent":	0,
					"out_of_order":	0,
					"sender":	false
				}
			}],
		"sum":	{
			"start":	0,
			"end":	5.000197,
			"seconds":	5.000197,
			"bytes":	0,
			"bits_per_second":	0,
			"jitter_ms":	0.00079751533219032846,
			"lost_packets":	0,
			"packets":	3714779,
			"lost_percent":	0,
			"sender":	false
		},
		"sum_sent":	{
			"start":	0,
			"end":	5.000197,
			"seconds":	5.000197,
			"bytes":	0,
			"bits_per_second":	0,
			"jitter_ms":	0,
			"lost_packets":	0,
			"packets":	0,
			"lost_percent":	0,
			"sender":	true
		},
		"sum_received":	{
			"start":	0,
			"end":	5.000197,
			"seconds":	5.000197,
			"bytes":	4754917120,
			"bits_per_second":	7607567653.83444,
			"jitter_ms":	0.00079751533219032846,
			"lost_packets":	0,
			"packets":	3714779,
			"lost_percent":	0,
			"sender":	false
		},
		"cpu_utilization_percent":	{
			"host_total":	96.785522709692074,
			"host_user":	12.96663454855965,
			"host_system":	83.8188738758365,
			"remote_total":	0,
			"remote_user":	0,
			"remote_system":	0
		}
	}
}
