{
	"start":	{
		"connected":	[{
				"socket":	5,
				"local_host":	"192.168.1.110",
				"local_port":	5201,
				"remote_host":	"192.168.1.100",
				"remote_port":	35443
			}],
		"version":	"iperf 3.16",
		"system_info":	"Linux design-lab 6.14.0-37-generic #37~24.04.1-Ubuntu SMP PREEMPT_DYNAMIC Thu Nov 20 10:25:38 UTC 2 x86_64",
		"target_bitrate":	7515596330,
		"timestamp":	{
			"time":	"Fri, 26 Jun 2026 02:19:48 GMT",
			"timesecs":	1782440388
		},
		"accepted_connection":	{
			"host":	"192.168.1.100",
			"port":	47500
		},
		"cookie":	"3o6nfnkewxem4qtbxq64lemnfirb3hnbao26",
		"target_bitrate":	7515596330,
		"fq_rate":	0,
		"sock_bufsize":	0,
		"sndbuf_actual":	67108864,
		"rcvbuf_actual":	67108864,
		"test_start":	{
			"protocol":	"UDP",
			"num_streams":	1,
			"blksize":	1024,
			"omit":	2,
			"duration":	5,
			"bytes":	0,
			"blocks":	0,
			"reverse":	0,
			"tos":	0,
			"target_bitrate":	7515596330,
			"bidir":	0,
			"fqrate":	0
		}
	},
	"intervals":	[{
			"streams":	[{
					"socket":	5,
					"start":	0,
					"end":	1.000001,
					"seconds":	1.0000009536743164,
					"bytes":	939337728,
					"bits_per_second":	7514694657.42871,
					"jitter_ms":	0.00073022410516250253,
					"lost_packets":	0,
					"packets":	917322,
					"lost_percent":	0,
					"omitted":	true,
					"sender":	false
				}],
			"sum":	{
				"start":	0,
				"end":	1.000001,
				"seconds":	1.0000009536743164,
				"bytes":	939337728,
				"bits_per_second":	7514694657.42871,
				"jitter_ms":	0.00073022410516250253,
				"lost_packets":	0,
				"packets":	917322,
				"lost_percent":	0,
				"omitted":	true,
				"sender":	false
			}
		}, {
			"streams":	[{
					"socket":	5,
					"start":	1.000034,
					"end":	1.000001,
					"seconds":	2.0000350475311279,
					"bytes":	939457536,
					"bits_per_second":	3757764293.81947,
					"jitter_ms":	0.00044460593851073055,
					"lost_packets":	0,
					"packets":	1834845,
					"lost_percent":	0,
					"omitted":	false,
					"sender":	false
				}],
			"sum":	{
				"start":	1.000034,
				"end":	1.000001,
				"seconds":	2.0000350475311279,
				"bytes":	939457536,
				"bits_per_second":	3757764293.81947,
				"jitter_ms":	0.00044460593851073055,
				"lost_packets":	0,
				"packets":	1834845,
				"lost_percent":	0,
				"omitted":	false,
				"sender":	false
			}
		}, {
			"streams":	[{
					"socket":	5,
					"start":	1.000001,
					"end":	1.999999,
					"seconds":	0.99999797344207764,
					"bytes":	939453440,
					"bits_per_second":	7515642750.88536,
					"jitter_ms":	0.000535649044315625,
					"lost_packets":	0,
					"packets":	917436,
					"lost_percent":	0,
					"omitted":	false,
					"sender":	false
				}],
			"sum":	{
				"start":	1.000001,
				"end":	1.999999,
				"seconds":	0.99999797344207764,
				"bytes":	939453440,
				"bits_per_second":	7515642750.88536,
				"jitter_ms":	0.000535649044315625,
				"lost_packets":	0,
				"packets":	917436,
				"lost_percent":	0,
				"omitted":	false,
				"sender":	false
			}
		}, {
			"streams":	[{
					"socket":	5,
					"start":	1.999999,
					"end":	2.999999,
					"seconds":	1,
					"bytes":	939455488,
					"bits_per_second":	7515643904,
					"jitter_ms":	0.00069916297597037041,
					"lost_packets":	0,
					"packets":	917437,
					"lost_percent":	0,
					"omitted":	false,
					"sender":	false
				}],
			"sum":	{
				"start":	1.999999,
				"end":	2.999999,
				"seconds":	1,
				"bytes":	939455488,
				"bits_per_second":	7515643904,
				"jitter_ms":	0.00069916297597037041,
				"lost_packets":	0,
				"packets":	917437,
				"lost_percent":	0,
				"omitted":	false,
				"sender":	false
			}
		}, {
			"streams":	[{
					"socket":	5,
					"start":	2.999999,
					"end":	3.999999,
					"seconds":	1,
					"bytes":	939475968,
					"bits_per_second":	7515807744,
					"jitter_ms":	0.00044807830417753134,
					"lost_packets":	0,
					"packets":	917462,
					"lost_percent":	0,
					"omitted":	false,
					"sender":	false
				}],
			"sum":	{
				"start":	2.999999,
				"end":	3.999999,
				"seconds":	1,
				"bytes":	939475968,
				"bits_per_second":	7515807744,
				"jitter_ms":	0.00044807830417753134,
				"lost_packets":	0,
				"packets":	917462,
				"lost_percent":	0,
				"omitted":	false,
				"sender":	false
			}
		}, {
			"streams":	[{
					"socket":	5,
					"start":	3.999999,
					"end":	5.00002,
					"seconds":	1.0000209808349609,
					"bytes":	939413504,
					"bits_per_second":	7515150357.870635,
					"jitter_ms":	0.0028033464666602842,
					"lost_packets":	0,
					"packets":	917397,
					"lost_percent":	0,
					"omitted":	false,
					"sender":	false
				}],
			"sum":	{
				"start":	3.999999,
				"end":	5.00002,
				"seconds":	1.0000209808349609,
				"bytes":	939413504,
				"bits_per_second":	7515150357.870635,
				"jitter_ms":	0.0028033464666602842,
				"lost_packets":	0,
				"packets":	917397,
				"lost_percent":	0,
				"omitted":	false,
				"sender":	false
			}
		}, {
			"streams":	[{
					"socket":	5,
					"start":	5.00002,
					"end":	5.000215,
					"seconds":	0.00019500000053085387,
					"bytes":	156672,
					"bits_per_second":	6427569213.2712822,
					"jitter_ms":	0.0010926376416103274,
					"lost_packets":	0,
					"packets":	154,
					"lost_percent":	0,
					"omitted":	false,
					"sender":	false
				}],
			"sum":	{
				"start":	5.00002,
				"end":	5.000215,
				"seconds":	0.00019500000053085387,
				"bytes":	156672,
				"bits_per_second":	6427569213.2712822,
				"jitter_ms":	0.0010926376416103274,
				"lost_packets":	0,
				"packets":	154,
				"lost_percent":	0,
				"omitted":	false,
				"sender":	false
			}
		}],
	"end":	{
		"streams":	[{
				"udp":	{
					"socket":	5,
					"start":	0,
					"end":	5.000215,
					"seconds":	5.000215,
					"bytes":	0,
					"bits_per_second":	0,
					"jitter_ms":	0.0010926376416103274,
					"lost_packets":	0,
					"packets":	4587325,
					"lost_percent":	0,
					"out_of_order":	0,
					"sender":	false
				}
			}],
		"sum":	{
			"start":	0,
			"end":	5.000215,
			"seconds":	5.000215,
			"bytes":	0,
			"bits_per_second":	0,
			"jitter_ms":	0.0010926376416103274,
			"lost_packets":	0,
			"packets":	4587325,
			"lost_percent":	0,
			"sender":	false
		},
		"sum_sent":	{
			"start":	0,
			"end":	5.000215,
			"seconds":	5.000215,
			"bytes":	0,
			"bits_per_second":	0,
			"jitter_ms":	0,
			"lost_packets":	0,
			"packets":	0,
			"lost_percent":	0,
			"sender":	true
		},
		"sum_received":	{
			"start":	0,
			"end":	5.000215,
			"seconds":	5.000215,
			"bytes":	4697420800,
			"bits_per_second":	7515550111.345212,
			"jitter_ms":	0.0010926376416103274,
			"lost_packets":	0,
			"packets":	4587325,
			"lost_percent":	0,
			"sender":	false
		},
		"cpu_utilization_percent":	{
			"host_total":	117.91713301872575,
			"host_user":	16.658993136678593,
			"host_system":	101.25813988204715,
			"remote_total":	0,
			"remote_user":	0,
			"remote_system":	0
		}
	}
}
