{
	"start":	{
		"connected":	[{
				"socket":	5,
				"local_host":	"192.168.1.100",
				"local_port":	33653,
				"remote_host":	"192.168.1.110",
				"remote_port":	5201
			}],
		"version":	"iperf 3.16",
		"system_info":	"Linux design-lab 6.14.0-37-generic #37~24.04.1-Ubuntu SMP PREEMPT_DYNAMIC Thu Nov 20 10:25:38 UTC 2 x86_64",
		"timestamp":	{
			"time":	"Fri, 26 Jun 2026 02:19:14 GMT",
			"timesecs":	1782440354
		},
		"connecting_to":	{
			"host":	"192.168.1.110",
			"port":	5201
		},
		"cookie":	"73dz7n5dpvxpgwlduazvne5tdbd5dfeuyilx",
		"target_bitrate":	7451143451,
		"fq_rate":	0,
		"sock_bufsize":	0,
		"sndbuf_actual":	67108864,
		"rcvbuf_actual":	67108864,
		"test_start":	{
			"protocol":	"UDP",
			"num_streams":	1,
			"blksize":	896,
			"omit":	2,
			"duration":	5,
			"bytes":	0,
			"blocks":	0,
			"reverse":	0,
			"tos":	0,
			"target_bitrate":	7451143451,
			"bidir":	0,
			"fqrate":	0
		}
	},
	"intervals":	[{
			"streams":	[{
					"socket":	5,
					"start":	0,
					"end":	1.000052,
					"seconds":	1.0000519752502441,
					"bytes":	931429632,
					"bits_per_second":	7451049785.8228,
					"packets":	1039543,
					"omitted":	true,
					"sender":	true
				}],
			"sum":	{
				"start":	0,
				"end":	1.000052,
				"seconds":	1.0000519752502441,
				"bytes":	931429632,
				"bits_per_second":	7451049785.8228,
				"packets":	1039543,
				"omitted":	true,
				"sender":	true
			}
		}, {
			"streams":	[{
					"socket":	5,
					"start":	1.000052,
					"end":	2.000051,
					"seconds":	0.99999898672103882,
					"bytes":	931361536,
					"bits_per_second":	7450899837.8400478,
					"packets":	1039465,
					"omitted":	true,
					"sender":	true
				}],
			"sum":	{
				"start":	1.000052,
				"end":	2.000051,
				"seconds":	0.99999898672103882,
				"bytes":	931361536,
				"bits_per_second":	7450899837.8400478,
				"packets":	1039465,
				"omitted":	true,
				"sender":	true
			}
		}, {
			"streams":	[{
					"socket":	5,
					"start":	6e-06,
					"end":	0.999996,
					"seconds":	1.0000020265579224,
					"bytes":	931345408,
					"bits_per_second":	7450748164.62728,
					"packets":	1039449,
					"omitted":	false,
					"sender":	true
				}],
			"sum":	{
				"start":	6e-06,
				"end":	0.999996,
				"seconds":	1.0000020265579224,
				"bytes":	931345408,
				"bits_per_second":	7450748164.62728,
				"packets":	1039449,
				"omitted":	false,
				"sender":	true
			}
		}, {
			"streams":	[{
					"socket":	5,
					"start":	0.999996,
					"end":	1.999996,
					"seconds":	1,
					"bytes":	931401856,
					"bits_per_second":	7451214848,
					"packets":	1039514,
					"omitted":	false,
					"sender":	true
				}],
			"sum":	{
				"start":	0.999996,
				"end":	1.999996,
				"seconds":	1,
				"bytes":	931401856,
				"bits_per_second":	7451214848,
				"packets":	1039514,
				"omitted":	false,
				"sender":	true
			}
		}, {
			"streams":	[{
					"socket":	5,
					"start":	1.999996,
					"end":	2.999995,
					"seconds":	0.99999898672103882,
					"bytes":	931429632,
					"bits_per_second":	7451444606.39205,
					"packets":	1039542,
					"omitted":	false,
					"sender":	true
				}],
			"sum":	{
				"start":	1.999996,
				"end":	2.999995,
				"seconds":	0.99999898672103882,
				"bytes":	931429632,
				"bits_per_second":	7451444606.39205,
				"packets":	1039542,
				"omitted":	false,
				"sender":	true
			}
		}, {
			"streams":	[{
					"socket":	5,
					"start":	2.999995,
					"end":	3.999995,
					"seconds":	1,
					"bytes":	931393792,
					"bits_per_second":	7451150336,
					"packets":	1039502,
					"omitted":	false,
					"sender":	true
				}],
			"sum":	{
				"start":	2.999995,
				"end":	3.999995,
				"seconds":	1,
				"bytes":	931393792,
				"bits_per_second":	7451150336,
				"packets":	1039502,
				"omitted":	false,
				"sender":	true
			}
		}, {
			"streams":	[{
					"socket":	5,
					"start":	3.999995,
					"end":	5.000073,
					"seconds":	1.0000779628753662,
					"bytes":	931350784,
					"bits_per_second":	7450225431.0032721,
					"packets":	1039457,
					"omitted":	false,
					"sender":	true
				}],
			"sum":	{
				"start":	3.999995,
				"end":	5.000073,
				"seconds":	1.0000779628753662,
				"bytes":	931350784,
				"bits_per_second":	7450225431.0032721,
				"packets":	1039457,
				"omitted":	false,
				"sender":	true
			}
		}],
	"end":	{
		"streams":	[{
				"udp":	{
					"socket":	5,
					"start":	0,
					"end":	5.000073,
					"seconds":	5.000073,
					"bytes":	4656927744,
					"bits_per_second":	7450975606.15615,
					"jitter_ms":	0.00057760759059276637,
					"lost_packets":	0,
					"packets":	5197464,
					"lost_percent":	0,
					"out_of_order":	0,
					"sender":	true
				}
			}],
		"sum":	{
			"start":	0,
			"end":	5.000202,
			"seconds":	5.000202,
			"bytes":	4656927744,
			"bits_per_second":	7450975606.15615,
			"jitter_ms":	0.00057760759059276637,
			"lost_packets":	0,
			"packets":	5197464,
			"lost_percent":	0,
			"sender":	true
		},
		"sum_sent":	{
			"start":	0,
			"end":	5.000073,
			"seconds":	5.000073,
			"bytes":	4656927744,
			"bits_per_second":	7450975606.15615,
			"jitter_ms":	0,
			"lost_packets":	0,
			"packets":	5197464,
			"lost_percent":	0,
			"sender":	true
		},
		"sum_received":	{
			"start":	0,
			"end":	5.000202,
			"seconds":	5.000202,
			"bytes":	4657040640,
			"bits_per_second":	7450964005.0541964,
			"jitter_ms":	0.00057760759059276637,
			"lost_packets":	0,
			"packets":	5197590,
			"lost_percent":	0,
			"sender":	false
		},
		"cpu_utilization_percent":	{
			"host_total":	101.28787011963334,
			"host_user":	42.118953962110844,
			"host_system":	59.1689161575225,
			"remote_total":	147.91294148133537,
			"remote_user":	19.129666234346367,
			"remote_system":	128.78326096170528
		}
	}
}
