{
	"start":	{
		"connected":	[{
				"socket":	5,
				"local_host":	"192.168.1.110",
				"local_port":	5201,
				"remote_host":	"192.168.1.100",
				"remote_port":	47351
			}],
		"version":	"iperf 3.16",
		"system_info":	"Linux design-lab 6.14.0-37-generic #37~24.04.1-Ubuntu SMP PREEMPT_DYNAMIC Thu Nov 20 10:25:38 UTC 2 x86_64",
		"target_bitrate":	7566502463,
		"timestamp":	{
			"time":	"Fri, 26 Jun 2026 02:20:21 GMT",
			"timesecs":	1782440421
		},
		"accepted_connection":	{
			"host":	"192.168.1.100",
			"port":	50552
		},
		"cookie":	"vopipc4wsrzmeimrk72qbafa4jphugenxpa3",
		"target_bitrate":	7566502463,
		"fq_rate":	0,
		"sock_bufsize":	0,
		"sndbuf_actual":	67108864,
		"rcvbuf_actual":	67108864,
		"test_start":	{
			"protocol":	"UDP",
			"num_streams":	1,
			"blksize":	1152,
			"omit":	2,
			"duration":	5,
			"bytes":	0,
			"blocks":	0,
			"reverse":	0,
			"tos":	0,
			"target_bitrate":	7566502463,
			"bidir":	0,
			"fqrate":	0
		}
	},
	"intervals":	[{
			"streams":	[{
					"socket":	5,
					"start":	0,
					"end":	1.000001,
					"seconds":	1.0000009536743164,
					"bytes":	945677952,
					"bits_per_second":	7565416401.0566854,
					"jitter_ms":	0.000479765263591237,
					"lost_packets":	0,
					"packets":	820901,
					"lost_percent":	0,
					"omitted":	true,
					"sender":	false
				}],
			"sum":	{
				"start":	0,
				"end":	1.000001,
				"seconds":	1.0000009536743164,
				"bytes":	945677952,
				"bits_per_second":	7565416401.0566854,
				"jitter_ms":	0.000479765263591237,
				"lost_packets":	0,
				"packets":	820901,
				"lost_percent":	0,
				"omitted":	true,
				"sender":	false
			}
		}, {
			"streams":	[{
					"socket":	5,
					"start":	1.000001,
					"end":	2.000042,
					"seconds":	1.0000410079956055,
					"bytes":	945810432,
					"bits_per_second":	7566173182.4033861,
					"jitter_ms":	0.00054065250023100319,
					"lost_packets":	0,
					"packets":	821017,
					"lost_percent":	0,
					"omitted":	true,
					"sender":	false
				}],
			"sum":	{
				"start":	1.000001,
				"end":	2.000042,
				"seconds":	1.0000410079956055,
				"bytes":	945810432,
				"bits_per_second":	7566173182.4033861,
				"jitter_ms":	0.00054065250023100319,
				"lost_packets":	0,
				"packets":	821017,
				"lost_percent":	0,
				"omitted":	true,
				"sender":	false
			}
		}, {
			"streams":	[{
					"socket":	5,
					"start":	9e-06,
					"end":	1,
					"seconds":	1.0000089406967163,
					"bytes":	945804672,
					"bits_per_second":	7566369727.3830242,
					"jitter_ms":	0.0043119989897953672,
					"lost_packets":	0,
					"packets":	821026,
					"lost_percent":	0,
					"omitted":	false,
					"sender":	false
				}],
			"sum":	{
				"start":	9e-06,
				"end":	1,
				"seconds":	1.0000089406967163,
				"bytes":	945804672,
				"bits_per_second":	7566369727.3830242,
				"jitter_ms":	0.0043119989897953672,
				"lost_packets":	0,
				"packets":	821026,
				"lost_percent":	0,
				"omitted":	false,
				"sender":	false
			}
		}, {
			"streams":	[{
					"socket":	5,
					"start":	1,
					"end":	1.99999,
					"seconds":	0.99998998641967773,
					"bytes":	945831168,
					"bits_per_second":	7566725114.0097055,
					"jitter_ms":	0.0015725254835561315,
					"lost_packets":	0,
					"packets":	821035,
					"lost_percent":	0,
					"omitted":	false,
					"sender":	false
				}],
			"sum":	{
				"start":	1,
				"end":	1.99999,
				"seconds":	0.99998998641967773,
				"bytes":	945831168,
				"bits_per_second":	7566725114.0097055,
				"jitter_ms":	0.0015725254835561315,
				"lost_packets":	0,
				"packets":	821035,
				"lost_percent":	0,
				"omitted":	false,
				"sender":	false
			}
		}, {
			"streams":	[{
					"socket":	5,
					"start":	1.99999,
					"end":	3,
					"seconds":	1.0000100135803223,
					"bytes":	945783936,
					"bits_per_second":	7566195723.29139,
					"jitter_ms":	0.0016704257231821955,
					"lost_packets":	0,
					"packets":	820995,
					"lost_percent":	0,
					"omitted":	false,
					"sender":	false
				}],
			"sum":	{
				"start":	1.99999,
				"end":	3,
				"seconds":	1.0000100135803223,
				"bytes":	945783936,
				"bits_per_second":	7566195723.29139,
				"jitter_ms":	0.0016704257231821955,
				"lost_packets":	0,
				"packets":	820995,
				"lost_percent":	0,
				"omitted":	false,
				"sender":	false
			}
		}, {
			"streams":	[{
					"socket":	5,
					"start":	3,
					"end":	4.000003,
					"seconds":	1.0000029802322388,
					"bytes":	945828864,
					"bits_per_second":	7566608361.7498226,
					"jitter_ms":	0.00240575977355897,
					"lost_packets":	0,
					"packets":	821032,
					"lost_percent":	0,
					"omitted":	false,
					"sender":	false
				}],
			"sum":	{
				"start":	3,
				"end":	4.000003,
				"seconds":	1.0000029802322388,
				"bytes":	945828864,
				"bits_per_second":	7566608361.7498226,
				"jitter_ms":	0.00240575977355897,
				"lost_packets":	0,
				"packets":	821032,
				"lost_percent":	0,
				"omitted":	false,
				"sender":	false
			}
		}, {
			"streams":	[{
					"socket":	5,
					"start":	4.000003,
					"end":	5,
					"seconds":	0.99999701976776123,
					"bytes":	945805824,
					"bits_per_second":	7566469141.83527,
					"jitter_ms":	0.0041327796866807414,
					"lost_packets":	0,
					"packets":	821013,
					"lost_percent":	0,
					"omitted":	false,
					"sender":	false
				}],
			"sum":	{
				"start":	4.000003,
				"end":	5,
				"seconds":	0.99999701976776123,
				"bytes":	945805824,
				"bits_per_second":	7566469141.83527,
				"jitter_ms":	0.0041327796866807414,
				"lost_packets":	0,
				"packets":	821013,
				"lost_percent":	0,
				"omitted":	false,
				"sender":	false
			}
		}, {
			"streams":	[{
					"socket":	5,
					"start":	5,
					"end":	5.000136,
					"seconds":	0.00013600000238511711,
					"bytes":	84096,
					"bits_per_second":	4946823442.6562262,
					"jitter_ms":	0.00045920892995087917,
					"lost_packets":	0,
					"packets":	73,
					"lost_percent":	0,
					"omitted":	false,
					"sender":	false
				}],
			"sum":	{
				"start":	5,
				"end":	5.000136,
				"seconds":	0.00013600000238511711,
				"bytes":	84096,
				"bits_per_second":	4946823442.6562262,
				"jitter_ms":	0.00045920892995087917,
				"lost_packets":	0,
				"packets":	73,
				"lost_percent":	0,
				"omitted":	false,
				"sender":	false
			}
		}],
	"end":	{
		"streams":	[{
				"udp":	{
					"socket":	5,
					"start":	0,
					"end":	5.000136,
					"seconds":	5.000136,
					"bytes":	0,
					"bits_per_second":	0,
					"jitter_ms":	0.00045920892995087917,
					"lost_packets":	0,
					"packets":	4105160,
					"lost_percent":	0,
					"out_of_order":	0,
					"sender":	false
				}
			}],
		"sum":	{
			"start":	0,
			"end":	5.000136,
			"seconds":	5.000136,
			"bytes":	0,
			"bits_per_second":	0,
			"jitter_ms":	0.00045920892995087917,
			"lost_packets":	0,
			"packets":	4105160,
			"lost_percent":	0,
			"sender":	false
		},
		"sum_sent":	{
			"start":	0,
			"end":	5.000136,
			"seconds":	5.000136,
			"bytes":	0,
			"bits_per_second":	0,
			"jitter_ms":	0,
			"lost_packets":	0,
			"packets":	0,
			"lost_percent":	0,
			"sender":	true
		},
		"sum_received":	{
			"start":	0,
			"end":	5.000136,
			"seconds":	5.000136,
			"bytes":	4729143168,
			"bits_per_second":	7566423262.08727,
			"jitter_ms":	0.00045920892995087917,
			"lost_packets":	0,
			"packets":	4105160,
			"lost_percent":	0,
			"sender":	false
		},
		"cpu_utilization_percent":	{
			"host_total":	111.47965327818056,
			"host_user":	15.422472577188575,
			"host_system":	96.0571664156736,
			"remote_total":	0,
			"remote_user":	0,
			"remote_system":	0
		}
	}
}
