{
	"start":	{
		"connected":	[{
				"socket":	5,
				"local_host":	"192.168.1.100",
				"local_port":	49959,
				"remote_host":	"192.168.1.110",
				"remote_port":	5201
			}],
		"version":	"iperf 3.16",
		"system_info":	"Linux design-lab 6.14.0-37-generic #37~24.04.1-Ubuntu SMP PREEMPT_DYNAMIC Thu Nov 20 10:25:38 UTC 2 x86_64",
		"timestamp":	{
			"time":	"Fri, 26 Jun 2026 02:19:31 GMT",
			"timesecs":	1782440371
		},
		"connecting_to":	{
			"host":	"192.168.1.110",
			"port":	5201
		},
		"cookie":	"6e24zcuamdxlhxsnjuapkloqucm2rpkceky4",
		"target_bitrate":	7485380117,
		"fq_rate":	0,
		"sock_bufsize":	0,
		"sndbuf_actual":	67108864,
		"rcvbuf_actual":	67108864,
		"test_start":	{
			"protocol":	"UDP",
			"num_streams":	1,
			"blksize":	960,
			"omit":	2,
			"duration":	5,
			"bytes":	0,
			"blocks":	0,
			"reverse":	0,
			"tos":	0,
			"target_bitrate":	7485380117,
			"bidir":	0,
			"fqrate":	0
		}
	},
	"intervals":	[{
			"streams":	[{
					"socket":	5,
					"start":	0,
					"end":	1.000052,
					"seconds":	1.0000519752502441,
					"bytes":	935698560,
					"bits_per_second":	7485199434.8862448,
					"packets":	974687,
					"omitted":	true,
					"sender":	true
				}],
			"sum":	{
				"start":	0,
				"end":	1.000052,
				"seconds":	1.0000519752502441,
				"bytes":	935698560,
				"bits_per_second":	7485199434.8862448,
				"packets":	974687,
				"omitted":	true,
				"sender":	true
			}
		}, {
			"streams":	[{
					"socket":	5,
					"start":	1.000001,
					"end":	1,
					"seconds":	2.0000009536743164,
					"bytes":	935624640,
					"bits_per_second":	3742496775.4384732,
					"packets":	1949282,
					"omitted":	false,
					"sender":	true
				}],
			"sum":	{
				"start":	1.000001,
				"end":	1,
				"seconds":	2.0000009536743164,
				"bytes":	935624640,
				"bits_per_second":	3742496775.4384732,
				"packets":	1949282,
				"omitted":	false,
				"sender":	true
			}
		}, {
			"streams":	[{
					"socket":	5,
					"start":	1,
					"end":	2,
					"seconds":	1,
					"bytes":	935649600,
					"bits_per_second":	7485196800,
					"packets":	974635,
					"omitted":	false,
					"sender":	true
				}],
			"sum":	{
				"start":	1,
				"end":	2,
				"seconds":	1,
				"bytes":	935649600,
				"bits_per_second":	7485196800,
				"packets":	974635,
				"omitted":	false,
				"sender":	true
			}
		}, {
			"streams":	[{
					"socket":	5,
					"start":	2,
					"end":	3.000052,
					"seconds":	1.0000519752502441,
					"bytes":	935779200,
					"bits_per_second":	7485844521.3577137,
					"packets":	974775,
					"omitted":	false,
					"sender":	true
				}],
			"sum":	{
				"start":	2,
				"end":	3.000052,
				"seconds":	1.0000519752502441,
				"bytes":	935779200,
				"bits_per_second":	7485844521.3577137,
				"packets":	974775,
				"omitted":	false,
				"sender":	true
			}
		}, {
			"streams":	[{
					"socket":	5,
					"start":	3.000052,
					"end":	4.000052,
					"seconds":	1,
					"bytes":	935688000,
					"bits_per_second":	7485504000,
					"packets":	974674,
					"omitted":	false,
					"sender":	true
				}],
			"sum":	{
				"start":	3.000052,
				"end":	4.000052,
				"seconds":	1,
				"bytes":	935688000,
				"bits_per_second":	7485504000,
				"packets":	974674,
				"omitted":	false,
				"sender":	true
			}
		}, {
			"streams":	[{
					"socket":	5,
					"start":	4.000052,
					"end":	5.000077,
					"seconds":	1.0000250339508057,
					"bytes":	935533440,
					"bits_per_second":	7484080163.90535,
					"packets":	974514,
					"omitted":	false,
					"sender":	true
				}],
			"sum":	{
				"start":	4.000052,
				"end":	5.000077,
				"seconds":	1.0000250339508057,
				"bytes":	935533440,
				"bits_per_second":	7484080163.90535,
				"packets":	974514,
				"omitted":	false,
				"sender":	true
			}
		}],
	"end":	{
		"streams":	[{
				"udp":	{
					"socket":	5,
					"start":	0,
					"end":	5.000077,
					"seconds":	5.000077,
					"bytes":	4678279680,
					"bits_per_second":	7485132216.96386,
					"jitter_ms":	0.00046399191583381132,
					"lost_packets":	0,
					"packets":	4873208,
					"lost_percent":	0,
					"out_of_order":	0,
					"sender":	true
				}
			}],
		"sum":	{
			"start":	0,
			"end":	5.000187,
			"seconds":	5.000187,
			"bytes":	4678279680,
			"bits_per_second":	7485132216.96386,
			"jitter_ms":	0.00046399191583381132,
			"lost_packets":	0,
			"packets":	4873208,
			"lost_percent":	0,
			"sender":	true
		},
		"sum_sent":	{
			"start":	0,
			"end":	5.000077,
			"seconds":	5.000077,
			"bytes":	4678279680,
			"bits_per_second":	7485132216.96386,
			"jitter_ms":	0,
			"lost_packets":	0,
			"packets":	4873208,
			"lost_percent":	0,
			"sender":	true
		},
		"sum_received":	{
			"start":	0,
			"end":	5.000187,
			"seconds":	5.000187,
			"bytes":	4678378560,
			"bits_per_second":	7485125752.2968636,
			"jitter_ms":	0.00046399191583381132,
			"lost_packets":	0,
			"packets":	4873311,
			"lost_percent":	0,
			"sender":	false
		},
		"cpu_utilization_percent":	{
			"host_total":	101.3714826740498,
			"host_user":	17.656057400856774,
			"host_system":	83.715425273193034,
			"remote_total":	124.37521088677155,
			"remote_user":	16.8672561163235,
			"remote_system":	107.50795477044805
		}
	}
}
