{
	"start":	{
		"connected":	[{
				"socket":	5,
				"local_host":	"192.168.1.100",
				"local_port":	60580,
				"remote_host":	"192.168.1.110",
				"remote_port":	5201
			}],
		"version":	"iperf 3.16",
		"system_info":	"Linux design-lab 6.14.0-37-generic #37~24.04.1-Ubuntu SMP PREEMPT_DYNAMIC Thu Nov 20 10:25:38 UTC 2 x86_64",
		"timestamp":	{
			"time":	"Fri, 26 Jun 2026 02:18:23 GMT",
			"timesecs":	1782440303
		},
		"connecting_to":	{
			"host":	"192.168.1.110",
			"port":	5201
		},
		"cookie":	"yf6v7hl7qsx4ctlgvptsk5y76ix5idltf6sr",
		"target_bitrate":	7314285714,
		"fq_rate":	0,
		"sock_bufsize":	0,
		"sndbuf_actual":	67108864,
		"rcvbuf_actual":	67108864,
		"test_start":	{
			"protocol":	"UDP",
			"num_streams":	1,
			"blksize":	704,
			"omit":	2,
			"duration":	5,
			"bytes":	0,
			"blocks":	0,
			"reverse":	0,
			"tos":	0,
			"target_bitrate":	7314285714,
			"bidir":	0,
			"fqrate":	0
		}
	},
	"intervals":	[{
			"streams":	[{
					"socket":	5,
					"start":	0,
					"end":	1.000053,
					"seconds":	1.00005304813385,
					"bytes":	914332672,
					"bits_per_second":	7314273367.4473877,
					"packets":	1298769,
					"omitted":	true,
					"sender":	true
				}],
			"sum":	{
				"start":	0,
				"end":	1.000053,
				"seconds":	1.00005304813385,
				"bytes":	914332672,
				"bits_per_second":	7314273367.4473877,
				"packets":	1298769,
				"omitted":	true,
				"sender":	true
			}
		}, {
			"streams":	[{
					"socket":	5,
					"start":	0.999999,
					"end":	1.000001,
					"seconds":	2,
					"bytes":	914268608,
					"bits_per_second":	3657074432,
					"packets":	2597315,
					"omitted":	false,
					"sender":	true
				}],
			"sum":	{
				"start":	0.999999,
				"end":	1.000001,
				"seconds":	2,
				"bytes":	914268608,
				"bits_per_second":	3657074432,
				"packets":	2597315,
				"omitted":	false,
				"sender":	true
			}
		}, {
			"streams":	[{
					"socket":	5,
					"start":	1.000001,
					"end":	2.000001,
					"seconds":	1,
					"bytes":	914267200,
					"bits_per_second":	7314137600,
					"packets":	1298677,
					"omitted":	false,
					"sender":	true
				}],
			"sum":	{
				"start":	1.000001,
				"end":	2.000001,
				"seconds":	1,
				"bytes":	914267200,
				"bits_per_second":	7314137600,
				"packets":	1298677,
				"omitted":	false,
				"sender":	true
			}
		}, {
			"streams":	[{
					"socket":	5,
					"start":	2.000001,
					"end":	3,
					"seconds":	0.99999898672103882,
					"bytes":	914317184,
					"bits_per_second":	7314544883.67444,
					"packets":	1298752,
					"omitted":	false,
					"sender":	true
				}],
			"sum":	{
				"start":	2.000001,
				"end":	3,
				"seconds":	0.99999898672103882,
				"bytes":	914317184,
				"bits_per_second":	7314544883.67444,
				"packets":	1298752,
				"omitted":	false,
				"sender":	true
			}
		}, {
			"streams":	[{
					"socket":	5,
					"start":	3,
					"end":	4,
					"seconds":	1,
					"bytes":	914277056,
					"bits_per_second":	7314216448,
					"packets":	1298689,
					"omitted":	false,
					"sender":	true
				}],
			"sum":	{
				"start":	3,
				"end":	4,
				"seconds":	1,
				"bytes":	914277056,
				"bits_per_second":	7314216448,
				"packets":	1298689,
				"omitted":	false,
				"sender":	true
			}
		}, {
			"streams":	[{
					"socket":	5,
					"start":	4,
					"end":	5.000109,
					"seconds":	1.0001089572906494,
					"bytes":	914287616,
					"bits_per_second":	7313504068.4115524,
					"packets":	1298703,
					"omitted":	false,
					"sender":	true
				}],
			"sum":	{
				"start":	4,
				"end":	5.000109,
				"seconds":	1.0001089572906494,
				"bytes":	914287616,
				"bits_per_second":	7313504068.4115524,
				"packets":	1298703,
				"omitted":	false,
				"sender":	true
			}
		}],
	"end":	{
		"streams":	[{
				"udp":	{
					"socket":	5,
					"start":	0,
					"end":	5.000109,
					"seconds":	5.000109,
					"bytes":	4571423296,
					"bits_per_second":	7314117825.8313971,
					"jitter_ms":	0.00048505566453037975,
					"lost_packets":	0,
					"packets":	6493498,
					"lost_percent":	0,
					"out_of_order":	0,
					"sender":	true
				}
			}],
		"sum":	{
			"start":	0,
			"end":	5.000219,
			"seconds":	5.000219,
			"bytes":	4571423296,
			"bits_per_second":	7314117825.8313971,
			"jitter_ms":	0.00048505566453037975,
			"lost_packets":	0,
			"packets":	6493498,
			"lost_percent":	0,
			"sender":	true
		},
		"sum_sent":	{
			"start":	0,
			"end":	5.000109,
			"seconds":	5.000109,
			"bytes":	4571423296,
			"bits_per_second":	7314117825.8313971,
			"jitter_ms":	0,
			"lost_packets":	0,
			"packets":	6493498,
			"lost_percent":	0,
			"sender":	true
		},
		"sum_received":	{
			"start":	0,
			"end":	5.000219,
			"seconds":	5.000219,
			"bytes":	4571533120,
			"bits_per_second":	7314132632.990674,
			"jitter_ms":	0.00048505566453037975,
			"lost_packets":	0,
			"packets":	6493655,
			"lost_percent":	0,
			"sender":	false
		},
		"cpu_utilization_percent":	{
			"host_total":	101.32124231318041,
			"host_user":	14.34119229644579,
			"host_system":	86.980050016734623,
			"remote_total":	166.37101039020629,
			"remote_user":	23.898731558862359,
			"remote_system":	142.47226454613167
		}
	}
}
