{
	"start":	{
		"connected":	[{
				"socket":	5,
				"local_host":	"192.168.1.110",
				"local_port":	5201,
				"remote_host":	"192.168.1.100",
				"remote_port":	55644
			}],
		"version":	"iperf 3.16",
		"system_info":	"Linux design-lab 6.14.0-37-generic #37~24.04.1-Ubuntu SMP PREEMPT_DYNAMIC Thu Nov 20 10:25:38 UTC 2 x86_64",
		"target_bitrate":	7412026726,
		"timestamp":	{
			"time":	"Fri, 26 Jun 2026 02:18:57 GMT",
			"timesecs":	1782440337
		},
		"accepted_connection":	{
			"host":	"192.168.1.100",
			"port":	56840
		},
		"cookie":	"qcxog7lh3we26anqzhtdllrg2udzuxwxvxij",
		"target_bitrate":	7412026726,
		"fq_rate":	0,
		"sock_bufsize":	0,
		"sndbuf_actual":	67108864,
		"rcvbuf_actual":	67108864,
		"test_start":	{
			"protocol":	"UDP",
			"num_streams":	1,
			"blksize":	832,
			"omit":	2,
			"duration":	5,
			"bytes":	0,
			"blocks":	0,
			"reverse":	0,
			"tos":	0,
			"target_bitrate":	7412026726,
			"bidir":	0,
			"fqrate":	0
		}
	},
	"intervals":	[{
			"streams":	[{
					"socket":	5,
					"start":	0,
					"end":	1.000013,
					"seconds":	1.000012993812561,
					"bytes":	926440320,
					"bits_per_second":	7411426257.3164024,
					"jitter_ms":	0.0010269052905686167,
					"lost_packets":	0,
					"packets":	1113510,
					"lost_percent":	0,
					"omitted":	true,
					"sender":	false
				}],
			"sum":	{
				"start":	0,
				"end":	1.000013,
				"seconds":	1.000012993812561,
				"bytes":	926440320,
				"bits_per_second":	7411426257.3164024,
				"jitter_ms":	0.0010269052905686167,
				"lost_packets":	0,
				"packets":	1113510,
				"lost_percent":	0,
				"omitted":	true,
				"sender":	false
			}
		}, {
			"streams":	[{
					"socket":	5,
					"start":	0.999989,
					"end":	1,
					"seconds":	1.9999890327453613,
					"bytes":	926521856,
					"bits_per_second":	3706107746.91369,
					"jitter_ms":	0.00047250012554795251,
					"lost_packets":	0,
					"packets":	2227114,
					"lost_percent":	0,
					"omitted":	false,
					"sender":	false
				}],
			"sum":	{
				"start":	0.999989,
				"end":	1,
				"seconds":	1.9999890327453613,
				"bytes":	926521856,
				"bits_per_second":	3706107746.91369,
				"jitter_ms":	0.00047250012554795251,
				"lost_packets":	0,
				"packets":	2227114,
				"lost_percent":	0,
				"omitted":	false,
				"sender":	false
			}
		}, {
			"streams":	[{
					"socket":	5,
					"start":	1,
					"end":	2,
					"seconds":	1,
					"bytes":	926535168,
					"bits_per_second":	7412281344,
					"jitter_ms":	0.00035610122426718419,
					"lost_packets":	0,
					"packets":	1113625,
					"lost_percent":	0,
					"omitted":	false,
					"sender":	false
				}],
			"sum":	{
				"start":	1,
				"end":	2,
				"seconds":	1,
				"bytes":	926535168,
				"bits_per_second":	7412281344,
				"jitter_ms":	0.00035610122426718419,
				"lost_packets":	0,
				"packets":	1113625,
				"lost_percent":	0,
				"omitted":	false,
				"sender":	false
			}
		}, {
			"streams":	[{
					"socket":	5,
					"start":	2,
					"end":	3.000008,
					"seconds":	1.0000079870224,
					"bytes":	926491072,
					"bits_per_second":	7411869377.23326,
					"jitter_ms":	0.000630475075175223,
					"lost_packets":	0,
					"packets":	1113571,
					"lost_percent":	0,
					"omitted":	false,
					"sender":	false
				}],
			"sum":	{
				"start":	2,
				"end":	3.000008,
				"seconds":	1.0000079870224,
				"bytes":	926491072,
				"bits_per_second":	7411869377.23326,
				"jitter_ms":	0.000630475075175223,
				"lost_packets":	0,
				"packets":	1113571,
				"lost_percent":	0,
				"omitted":	false,
				"sender":	false
			}
		}, {
			"streams":	[{
					"socket":	5,
					"start":	3.000008,
					"end":	4.000023,
					"seconds":	1.0000150203704834,
					"bytes":	926468608,
					"bits_per_second":	7411637538.4582834,
					"jitter_ms":	0.0010099970134919043,
					"lost_packets":	0,
					"packets":	1113546,
					"lost_percent":	0,
					"omitted":	false,
					"sender":	false
				}],
			"sum":	{
				"start":	3.000008,
				"end":	4.000023,
				"seconds":	1.0000150203704834,
				"bytes":	926468608,
				"bits_per_second":	7411637538.4582834,
				"jitter_ms":	0.0010099970134919043,
				"lost_packets":	0,
				"packets":	1113546,
				"lost_percent":	0,
				"omitted":	false,
				"sender":	false
			}
		}, {
			"streams":	[{
					"socket":	5,
					"start":	4.000023,
					"end":	5,
					"seconds":	0.9999769926071167,
					"bytes":	926524352,
					"bits_per_second":	7412365355.2019215,
					"jitter_ms":	0.000274994957491149,
					"lost_packets":	0,
					"packets":	1113611,
					"lost_percent":	0,
					"omitted":	false,
					"sender":	false
				}],
			"sum":	{
				"start":	4.000023,
				"end":	5,
				"seconds":	0.9999769926071167,
				"bytes":	926524352,
				"bits_per_second":	7412365355.2019215,
				"jitter_ms":	0.000274994957491149,
				"lost_packets":	0,
				"packets":	1113611,
				"lost_percent":	0,
				"omitted":	false,
				"sender":	false
			}
		}, {
			"streams":	[{
					"socket":	5,
					"start":	5,
					"end":	5.000196,
					"seconds":	0.000195999993593432,
					"bytes":	111488,
					"bits_per_second":	4550530760.9861469,
					"jitter_ms":	0.00067798285514638278,
					"lost_packets":	0,
					"packets":	134,
					"lost_percent":	0,
					"omitted":	false,
					"sender":	false
				}],
			"sum":	{
				"start":	5,
				"end":	5.000196,
				"seconds":	0.000195999993593432,
				"bytes":	111488,
				"bits_per_second":	4550530760.9861469,
				"jitter_ms":	0.00067798285514638278,
				"lost_packets":	0,
				"packets":	134,
				"lost_percent":	0,
				"omitted":	false,
				"sender":	false
			}
		}],
	"end":	{
		"streams":	[{
				"udp":	{
					"socket":	5,
					"start":	0,
					"end":	5.000196,
					"seconds":	5.000196,
					"bytes":	0,
					"bits_per_second":	0,
					"jitter_ms":	0.00067798285514638278,
					"lost_packets":	0,
					"packets":	5568095,
					"lost_percent":	0,
					"out_of_order":	0,
					"sender":	false
				}
			}],
		"sum":	{
			"start":	0,
			"end":	5.000196,
			"seconds":	5.000196,
			"bytes":	0,
			"bits_per_second":	0,
			"jitter_ms":	0.00067798285514638278,
			"lost_packets":	0,
			"packets":	5568095,
			"lost_percent":	0,
			"sender":	false
		},
		"sum_sent":	{
			"start":	0,
			"end":	5.000196,
			"seconds":	5.000196,
			"bytes":	0,
			"bits_per_second":	0,
			"jitter_ms":	0,
			"lost_packets":	0,
			"packets":	0,
			"lost_percent":	0,
			"sender":	true
		},
		"sum_received":	{
			"start":	0,
			"end":	5.000196,
			"seconds":	5.000196,
			"bytes":	4632655040,
			"bits_per_second":	7411957515.2654018,
			"jitter_ms":	0.00067798285514638278,
			"lost_packets":	0,
			"packets":	5568095,
			"lost_percent":	0,
			"sender":	false
		},
		"cpu_utilization_percent":	{
			"host_total":	142.60371554886115,
			"host_user":	19.721482402512841,
			"host_system":	122.8822331463483,
			"remote_total":	0,
			"remote_user":	0,
			"remote_system":	0
		}
	}
}
