{
	"start":	{
		"connected":	[{
				"socket":	5,
				"local_host":	"192.168.1.100",
				"local_port":	45381,
				"remote_host":	"192.168.1.110",
				"remote_port":	5201
			}],
		"version":	"iperf 3.16",
		"system_info":	"Linux design-lab 6.14.0-37-generic #37~24.04.1-Ubuntu SMP PREEMPT_DYNAMIC Thu Nov 20 10:25:38 UTC 2 x86_64",
		"timestamp":	{
			"time":	"Fri, 26 Jun 2026 02:21:12 GMT",
			"timesecs":	1782440472
		},
		"connecting_to":	{
			"host":	"192.168.1.110",
			"port":	5201
		},
		"cookie":	"mlcoefgrgqcie4f77fidyti3todfs3lt7dnt",
		"target_bitrate":	7625531915,
		"fq_rate":	0,
		"sock_bufsize":	0,
		"sndbuf_actual":	67108864,
		"rcvbuf_actual":	67108864,
		"test_start":	{
			"protocol":	"UDP",
			"num_streams":	1,
			"blksize":	1344,
			"omit":	2,
			"duration":	5,
			"bytes":	0,
			"blocks":	0,
			"reverse":	0,
			"tos":	0,
			"target_bitrate":	7625531915,
			"bidir":	0,
			"fqrate":	0
		}
	},
	"intervals":	[{
			"streams":	[{
					"socket":	5,
					"start":	0,
					"end":	1.000052,
					"seconds":	1.0000519752502441,
					"bytes":	953190336,
					"bits_per_second":	7625126370.1487684,
					"packets":	709219,
					"omitted":	true,
					"sender":	true
				}],
			"sum":	{
				"start":	0,
				"end":	1.000052,
				"seconds":	1.0000519752502441,
				"bytes":	953190336,
				"bits_per_second":	7625126370.1487684,
				"packets":	709219,
				"omitted":	true,
				"sender":	true
			}
		}, {
			"streams":	[{
					"socket":	5,
					"start":	1.000052,
					"end":	2.000052,
					"seconds":	1,
					"bytes":	953188992,
					"bits_per_second":	7625511936,
					"packets":	709218,
					"omitted":	true,
					"sender":	true
				}],
			"sum":	{
				"start":	1.000052,
				"end":	2.000052,
				"seconds":	1,
				"bytes":	953188992,
				"bits_per_second":	7625511936,
				"packets":	709218,
				"omitted":	true,
				"sender":	true
			}
		}, {
			"streams":	[{
					"socket":	5,
					"start":	5e-06,
					"end":	0.999997,
					"seconds":	1.0000020265579224,
					"bytes":	953195712,
					"bits_per_second":	7625550242.380744,
					"packets":	709224,
					"omitted":	false,
					"sender":	true
				}],
			"sum":	{
				"start":	5e-06,
				"end":	0.999997,
				"seconds":	1.0000020265579224,
				"bytes":	953195712,
				"bits_per_second":	7625550242.380744,
				"packets":	709224,
				"omitted":	false,
				"sender":	true
			}
		}, {
			"streams":	[{
					"socket":	5,
					"start":	0.999997,
					"end":	1.999996,
					"seconds":	0.99999898672103882,
					"bytes":	953180928,
					"bits_per_second":	7625455150.713274,
					"packets":	709216,
					"omitted":	false,
					"sender":	true
				}],
			"sum":	{
				"start":	0.999997,
				"end":	1.999996,
				"seconds":	0.99999898672103882,
				"bytes":	953180928,
				"bits_per_second":	7625455150.713274,
				"packets":	709216,
				"omitted":	false,
				"sender":	true
			}
		}, {
			"streams":	[{
					"socket":	5,
					"start":	1.999996,
					"end":	2.999996,
					"seconds":	1,
					"bytes":	953197056,
					"bits_per_second":	7625576448,
					"packets":	709224,
					"omitted":	false,
					"sender":	true
				}],
			"sum":	{
				"start":	1.999996,
				"end":	2.999996,
				"seconds":	1,
				"bytes":	953197056,
				"bits_per_second":	7625576448,
				"packets":	709224,
				"omitted":	false,
				"sender":	true
			}
		}, {
			"streams":	[{
					"socket":	5,
					"start":	2.999996,
					"end":	3.999996,
					"seconds":	1,
					"bytes":	953191680,
					"bits_per_second":	7625533440,
					"packets":	709220,
					"omitted":	false,
					"sender":	true
				}],
			"sum":	{
				"start":	2.999996,
				"end":	3.999996,
				"seconds":	1,
				"bytes":	953191680,
				"bits_per_second":	7625533440,
				"packets":	709220,
				"omitted":	false,
				"sender":	true
			}
		}, {
			"streams":	[{
					"socket":	5,
					"start":	3.999996,
					"end":	5.000094,
					"seconds":	1.0000979900360107,
					"bytes":	953182272,
					"bits_per_second":	7624711030.29157,
					"packets":	709216,
					"omitted":	false,
					"sender":	true
				}],
			"sum":	{
				"start":	3.999996,
				"end":	5.000094,
				"seconds":	1.0000979900360107,
				"bytes":	953182272,
				"bits_per_second":	7624711030.29157,
				"packets":	709216,
				"omitted":	false,
				"sender":	true
			}
		}],
	"end":	{
		"streams":	[{
				"udp":	{
					"socket":	5,
					"start":	0,
					"end":	5.000094,
					"seconds":	5.000094,
					"bytes":	4765958400,
					"bits_per_second":	7625390082.6664457,
					"jitter_ms":	0.00053564107232308329,
					"lost_packets":	0,
					"packets":	3546100,
					"lost_percent":	0,
					"out_of_order":	0,
					"sender":	true
				}
			}],
		"sum":	{
			"start":	0,
			"end":	5.000216,
			"seconds":	5.000216,
			"bytes":	4765958400,
			"bits_per_second":	7625390082.6664457,
			"jitter_ms":	0.00053564107232308329,
			"lost_packets":	0,
			"packets":	3546100,
			"lost_percent":	0,
			"sender":	true
		},
		"sum_sent":	{
			"start":	0,
			"end":	5.000094,
			"seconds":	5.000094,
			"bytes":	4765958400,
			"bits_per_second":	7625390082.6664457,
			"jitter_ms":	0,
			"lost_packets":	0,
			"packets":	3546100,
			"lost_percent":	0,
			"sender":	true
		},
		"sum_received":	{
			"start":	0,
			"end":	5.000216,
			"seconds":	5.000216,
			"bytes":	4766069952,
			"bits_per_second":	7625382506.6757116,
			"jitter_ms":	0.00053564107232308329,
			"lost_packets":	0,
			"packets":	3546183,
			"lost_percent":	0,
			"sender":	false
		},
		"cpu_utilization_percent":	{
			"host_total":	101.31796695626115,
			"host_user":	92.531839606975467,
			"host_system":	8.78611306454887,
			"remote_total":	91.1518854055793,
			"remote_user":	13.056165968431793,
			"remote_system":	78.095690866825024
		}
	}
}
