{
	"start":	{
		"connected":	[{
				"socket":	5,
				"local_host":	"192.168.1.100",
				"local_port":	46921,
				"remote_host":	"192.168.1.110",
				"remote_port":	5201
			}],
		"version":	"iperf 3.16",
		"system_info":	"Linux design-lab 6.14.0-37-generic #37~24.04.1-Ubuntu SMP PREEMPT_DYNAMIC Thu Nov 20 10:25:38 UTC 2 x86_64",
		"timestamp":	{
			"time":	"Fri, 26 Jun 2026 02:17:16 GMT",
			"timesecs":	1782440236
		},
		"connecting_to":	{
			"host":	"192.168.1.110",
			"port":	5201
		},
		"cookie":	"4a7vzhnnlzhkkwbz3nic3a2gbsgutl7int6v",
		"target_bitrate":	6972762646,
		"fq_rate":	0,
		"sock_bufsize":	0,
		"sndbuf_actual":	67108864,
		"rcvbuf_actual":	67108864,
		"test_start":	{
			"protocol":	"UDP",
			"num_streams":	1,
			"blksize":	448,
			"omit":	2,
			"duration":	5,
			"bytes":	0,
			"blocks":	0,
			"reverse":	0,
			"tos":	0,
			"target_bitrate":	6972762646,
			"bidir":	0,
			"fqrate":	0
		}
	},
	"intervals":	[{
			"streams":	[{
					"socket":	5,
					"start":	0,
					"end":	1.000052,
					"seconds":	1.0000519752502441,
					"bytes":	691313280,
					"bits_per_second":	5530218805.49368,
					"packets":	1543111,
					"omitted":	true,
					"sender":	true
				}],
			"sum":	{
				"start":	0,
				"end":	1.000052,
				"seconds":	1.0000519752502441,
				"bytes":	691313280,
				"bits_per_second":	5530218805.49368,
				"packets":	1543111,
				"omitted":	true,
				"sender":	true
			}
		}, {
			"streams":	[{
					"socket":	5,
					"start":	1,
					"end":	1.000001,
					"seconds":	2.0000009536743164,
					"bytes":	697460736,
					"bits_per_second":	2789841613.6998529,
					"packets":	3113435,
					"omitted":	false,
					"sender":	true
				}],
			"sum":	{
				"start":	1,
				"end":	1.000001,
				"seconds":	2.0000009536743164,
				"bytes":	697460736,
				"bits_per_second":	2789841613.6998529,
				"packets":	3113435,
				"omitted":	false,
				"sender":	true
			}
		}, {
			"streams":	[{
					"socket":	5,
					"start":	1.000001,
					"end":	2,
					"seconds":	0.99999898672103882,
					"bytes":	700804160,
					"bits_per_second":	5606438960.8866463,
					"packets":	1564297,
					"omitted":	false,
					"sender":	true
				}],
			"sum":	{
				"start":	1.000001,
				"end":	2,
				"seconds":	0.99999898672103882,
				"bytes":	700804160,
				"bits_per_second":	5606438960.8866463,
				"packets":	1564297,
				"omitted":	false,
				"sender":	true
			}
		}, {
			"streams":	[{
					"socket":	5,
					"start":	2,
					"end":	3.000005,
					"seconds":	1.0000050067901611,
					"bytes":	700334208,
					"bits_per_second":	5602645612.72907,
					"packets":	1563279,
					"omitted":	false,
					"sender":	true
				}],
			"sum":	{
				"start":	2,
				"end":	3.000005,
				"seconds":	1.0000050067901611,
				"bytes":	700334208,
				"bits_per_second":	5602645612.72907,
				"packets":	1563279,
				"omitted":	false,
				"sender":	true
			}
		}, {
			"streams":	[{
					"socket":	5,
					"start":	3.000005,
					"end":	4.000001,
					"seconds":	0.9999960064888,
					"bytes":	700658560,
					"bits_per_second":	5605290864.7918472,
					"packets":	1563971,
					"omitted":	false,
					"sender":	true
				}],
			"sum":	{
				"start":	3.000005,
				"end":	4.000001,
				"seconds":	0.9999960064888,
				"bytes":	700658560,
				"bits_per_second":	5605290864.7918472,
				"packets":	1563971,
				"omitted":	false,
				"sender":	true
			}
		}, {
			"streams":	[{
					"socket":	5,
					"start":	4.000001,
					"end":	5.000112,
					"seconds":	1.0001109838485718,
					"bytes":	700560000,
					"bits_per_second":	5603858062.2654,
					"packets":	1563750,
					"omitted":	false,
					"sender":	true
				}],
			"sum":	{
				"start":	4.000001,
				"end":	5.000112,
				"seconds":	1.0001109838485718,
				"bytes":	700560000,
				"bits_per_second":	5603858062.2654,
				"packets":	1563750,
				"omitted":	false,
				"sender":	true
			}
		}],
	"end":	{
		"streams":	[{
				"udp":	{
					"socket":	5,
					"start":	0,
					"end":	5.000112,
					"seconds":	5.000112,
					"bytes":	3499834240,
					"bits_per_second":	5599609352.7505,
					"jitter_ms":	0.00034077514317491748,
					"lost_packets":	0,
					"packets":	7812129,
					"lost_percent":	0,
					"out_of_order":	0,
					"sender":	true
				}
			}],
		"sum":	{
			"start":	0,
			"end":	5.000234,
			"seconds":	5.000234,
			"bytes":	3499834240,
			"bits_per_second":	5599609352.7505,
			"jitter_ms":	0.00034077514317491748,
			"lost_packets":	0,
			"packets":	7812129,
			"lost_percent":	0,
			"sender":	true
		},
		"sum_sent":	{
			"start":	0,
			"end":	5.000112,
			"seconds":	5.000112,
			"bytes":	3499834240,
			"bits_per_second":	5599609352.7505,
			"jitter_ms":	0,
			"lost_packets":	0,
			"packets":	7812129,
			"lost_percent":	0,
			"sender":	true
		},
		"sum_received":	{
			"start":	0,
			"end":	5.000234,
			"seconds":	5.000234,
			"bytes":	3499906816,
			"bits_per_second":	5599588844.842062,
			"jitter_ms":	0.00034077514317491748,
			"lost_packets":	0,
			"packets":	7812292,
			"lost_percent":	0,
			"sender":	false
		},
		"cpu_utilization_percent":	{
			"host_total":	101.96513748677243,
			"host_user":	13.838141923009237,
			"host_system":	88.126981279126369,
			"remote_total":	196.5073926719401,
			"remote_user":	28.155151185465989,
			"remote_system":	168.35222720125574
		}
	}
}
