{
	"start":	{
		"connected":	[{
				"socket":	5,
				"local_host":	"192.168.1.100",
				"local_port":	58297,
				"remote_host":	"192.168.1.110",
				"remote_port":	5201
			}],
		"version":	"iperf 3.16",
		"system_info":	"Linux design-lab 6.14.0-37-generic #37~24.04.1-Ubuntu SMP PREEMPT_DYNAMIC Thu Nov 20 10:25:38 UTC 2 x86_64",
		"timestamp":	{
			"time":	"Fri, 26 Jun 2026 02:17:33 GMT",
			"timesecs":	1782440253
		},
		"connecting_to":	{
			"host":	"192.168.1.110",
			"port":	5201
		},
		"cookie":	"hrxaeb5vdswr6su7jfrkbjm7rj7dc6uj53py",
		"target_bitrate":	7086505190,
		"fq_rate":	0,
		"sock_bufsize":	0,
		"sndbuf_actual":	67108864,
		"rcvbuf_actual":	67108864,
		"test_start":	{
			"protocol":	"UDP",
			"num_streams":	1,
			"blksize":	512,
			"omit":	2,
			"duration":	5,
			"bytes":	0,
			"blocks":	0,
			"reverse":	0,
			"tos":	0,
			"target_bitrate":	7086505190,
			"bidir":	0,
			"fqrate":	0
		}
	},
	"intervals":	[{
			"streams":	[{
					"socket":	5,
					"start":	0,
					"end":	1.000053,
					"seconds":	1.00005304813385,
					"bytes":	821995008,
					"bits_per_second":	6575611240.09479,
					"packets":	1605460,
					"omitted":	true,
					"sender":	true
				}],
			"sum":	{
				"start":	0,
				"end":	1.000053,
				"seconds":	1.00005304813385,
				"bytes":	821995008,
				"bits_per_second":	6575611240.09479,
				"packets":	1605460,
				"omitted":	true,
				"sender":	true
			}
		}, {
			"streams":	[{
					"socket":	5,
					"start":	1,
					"end":	0.999999,
					"seconds":	1.9999990463256836,
					"bytes":	824255488,
					"bits_per_second":	3297023524.1433277,
					"packets":	3216467,
					"omitted":	false,
					"sender":	true
				}],
			"sum":	{
				"start":	1,
				"end":	0.999999,
				"seconds":	1.9999990463256836,
				"bytes":	824255488,
				"bits_per_second":	3297023524.1433277,
				"packets":	3216467,
				"omitted":	false,
				"sender":	true
			}
		}, {
			"streams":	[{
					"socket":	5,
					"start":	0.999999,
					"end":	2,
					"seconds":	1.0000009536743164,
					"bytes":	824289280,
					"bits_per_second":	6594307951.1778727,
					"packets":	1609942,
					"omitted":	false,
					"sender":	true
				}],
			"sum":	{
				"start":	0.999999,
				"end":	2,
				"seconds":	1.0000009536743164,
				"bytes":	824289280,
				"bits_per_second":	6594307951.1778727,
				"packets":	1609942,
				"omitted":	false,
				"sender":	true
			}
		}, {
			"streams":	[{
					"socket":	5,
					"start":	2,
					"end":	3,
					"seconds":	1,
					"bytes":	824376320,
					"bits_per_second":	6595010560,
					"packets":	1610115,
					"omitted":	false,
					"sender":	true
				}],
			"sum":	{
				"start":	2,
				"end":	3,
				"seconds":	1,
				"bytes":	824376320,
				"bits_per_second":	6595010560,
				"packets":	1610115,
				"omitted":	false,
				"sender":	true
			}
		}, {
			"streams":	[{
					"socket":	5,
					"start":	3,
					"end":	3.999999,
					"seconds":	0.99999898672103882,
					"bytes":	824686080,
					"bits_per_second":	6597495325.10321,
					"packets":	1610716,
					"omitted":	false,
					"sender":	true
				}],
			"sum":	{
				"start":	3,
				"end":	3.999999,
				"seconds":	0.99999898672103882,
				"bytes":	824686080,
				"bits_per_second":	6597495325.10321,
				"packets":	1610716,
				"omitted":	false,
				"sender":	true
			}
		}, {
			"streams":	[{
					"socket":	5,
					"start":	3.999999,
					"end":	5.000081,
					"seconds":	1.0000820159912109,
					"bytes":	824646656,
					"bits_per_second":	6596632218.66993,
					"packets":	1610638,
					"omitted":	false,
					"sender":	true
				}],
			"sum":	{
				"start":	3.999999,
				"end":	5.000081,
				"seconds":	1.0000820159912109,
				"bytes":	824646656,
				"bits_per_second":	6596632218.66993,
				"packets":	1610638,
				"omitted":	false,
				"sender":	true
			}
		}],
	"end":	{
		"streams":	[{
				"udp":	{
					"socket":	5,
					"start":	0,
					"end":	5.000081,
					"seconds":	5.000081,
					"bytes":	4122258432,
					"bits_per_second":	6595506643.9923677,
					"jitter_ms":	0.00042964435206331787,
					"lost_packets":	0,
					"packets":	8051286,
					"lost_percent":	0,
					"out_of_order":	0,
					"sender":	true
				}
			}],
		"sum":	{
			"start":	0,
			"end":	5.000204,
			"seconds":	5.000204,
			"bytes":	4122258432,
			"bits_per_second":	6595506643.9923677,
			"jitter_ms":	0.00042964435206331787,
			"lost_packets":	0,
			"packets":	8051286,
			"lost_percent":	0,
			"sender":	true
		},
		"sum_sent":	{
			"start":	0,
			"end":	5.000081,
			"seconds":	5.000081,
			"bytes":	4122258432,
			"bits_per_second":	6595506643.9923677,
			"jitter_ms":	0,
			"lost_packets":	0,
			"packets":	8051286,
			"lost_percent":	0,
			"sender":	true
		},
		"sum_received":	{
			"start":	0,
			"end":	5.000204,
			"seconds":	5.000204,
			"bytes":	4122348032,
			"bits_per_second":	6595487755.2995834,
			"jitter_ms":	0.00042964435206331787,
			"lost_packets":	0,
			"packets":	8051462,
			"lost_percent":	0,
			"sender":	false
		},
		"cpu_utilization_percent":	{
			"host_total":	101.37284401237396,
			"host_user":	11.035662575151733,
			"host_system":	90.337167152536452,
			"remote_total":	197.64651480654734,
			"remote_user":	27.021102497723643,
			"remote_system":	170.62539802354613
		}
	}
}
