{
	"start":	{
		"connected":	[{
				"socket":	5,
				"local_host":	"192.168.1.110",
				"local_port":	5201,
				"remote_host":	"192.168.1.100",
				"remote_port":	44593
			}],
		"version":	"iperf 3.16",
		"system_info":	"Linux design-lab 6.14.0-37-generic #37~24.04.1-Ubuntu SMP PREEMPT_DYNAMIC Thu Nov 20 10:25:38 UTC 2 x86_64",
		"target_bitrate":	6360248447,
		"timestamp":	{
			"time":	"Fri, 26 Jun 2026 02:16:26 GMT",
			"timesecs":	1782440186
		},
		"accepted_connection":	{
			"host":	"192.168.1.100",
			"port":	33716
		},
		"cookie":	"tnbunmazclyskvoioqawmpzwsb2r75ah22uy",
		"target_bitrate":	6360248447,
		"fq_rate":	0,
		"sock_bufsize":	0,
		"sndbuf_actual":	67108864,
		"rcvbuf_actual":	67108864,
		"test_start":	{
			"protocol":	"UDP",
			"num_streams":	1,
			"blksize":	256,
			"omit":	2,
			"duration":	5,
			"bytes":	0,
			"blocks":	0,
			"reverse":	0,
			"tos":	0,
			"target_bitrate":	6360248447,
			"bidir":	0,
			"fqrate":	0
		}
	},
	"intervals":	[{
			"streams":	[{
					"socket":	5,
					"start":	0,
					"end":	1.000001,
					"seconds":	1.0000009536743164,
					"bytes":	402425344,
					"bits_per_second":	3219399681.74121,
					"jitter_ms":	0.000590392474381229,
					"lost_packets":	0,
					"packets":	1571974,
					"lost_percent":	0,
					"omitted":	true,
					"sender":	false
				}],
			"sum":	{
				"start":	0,
				"end":	1.000001,
				"seconds":	1.0000009536743164,
				"bytes":	402425344,
				"bits_per_second":	3219399681.74121,
				"jitter_ms":	0.000590392474381229,
				"lost_packets":	0,
				"packets":	1571974,
				"lost_percent":	0,
				"omitted":	true,
				"sender":	false
			}
		}, {
			"streams":	[{
					"socket":	5,
					"start":	1,
					"end":	1,
					"seconds":	2,
					"bytes":	399079424,
					"bits_per_second":	1596317696,
					"jitter_ms":	0.00046290874962277308,
					"lost_packets":	24091,
					"packets":	3126225,
					"lost_percent":	0.770609920911003,
					"omitted":	false,
					"sender":	false
				}],
			"sum":	{
				"start":	1,
				"end":	1,
				"seconds":	2,
				"bytes":	399079424,
				"bits_per_second":	1596317696,
				"jitter_ms":	0.00046290874962277308,
				"lost_packets":	24091,
				"packets":	3126225,
				"lost_percent":	0.770609920911003,
				"omitted":	false,
				"sender":	false
			}
		}, {
			"streams":	[{
					"socket":	5,
					"start":	1,
					"end":	2,
					"seconds":	1,
					"bytes":	399310848,
					"bits_per_second":	3194486784,
					"jitter_ms":	0.00061156695531749137,
					"lost_packets":	11152,
					"packets":	1570963,
					"lost_percent":	0.709883046258887,
					"omitted":	false,
					"sender":	false
				}],
			"sum":	{
				"start":	1,
				"end":	2,
				"seconds":	1,
				"bytes":	399310848,
				"bits_per_second":	3194486784,
				"jitter_ms":	0.00061156695531749137,
				"lost_packets":	11152,
				"packets":	1570963,
				"lost_percent":	0.709883046258887,
				"omitted":	false,
				"sender":	false
			}
		}, {
			"streams":	[{
					"socket":	5,
					"start":	2,
					"end":	3,
					"seconds":	1,
					"bytes":	399027712,
					"bits_per_second":	3192221696,
					"jitter_ms":	0.000287016675818815,
					"lost_packets":	12496,
					"packets":	1571200,
					"lost_percent":	0.795315682281059,
					"omitted":	false,
					"sender":	false
				}],
			"sum":	{
				"start":	2,
				"end":	3,
				"seconds":	1,
				"bytes":	399027712,
				"bits_per_second":	3192221696,
				"jitter_ms":	0.000287016675818815,
				"lost_packets":	12496,
				"packets":	1571200,
				"lost_percent":	0.795315682281059,
				"omitted":	false,
				"sender":	false
			}
		}, {
			"streams":	[{
					"socket":	5,
					"start":	3,
					"end":	4,
					"seconds":	1,
					"bytes":	404101376,
					"bits_per_second":	3232811008,
					"jitter_ms":	0.000598314761535199,
					"lost_packets":	4570,
					"packets":	1583105,
					"lost_percent":	0.288673208662723,
					"omitted":	false,
					"sender":	false
				}],
			"sum":	{
				"start":	3,
				"end":	4,
				"seconds":	1,
				"bytes":	404101376,
				"bits_per_second":	3232811008,
				"jitter_ms":	0.000598314761535199,
				"lost_packets":	4570,
				"packets":	1583105,
				"lost_percent":	0.288673208662723,
				"omitted":	false,
				"sender":	false
			}
		}, {
			"streams":	[{
					"socket":	5,
					"start":	4,
					"end":	5,
					"seconds":	1,
					"bytes":	393363968,
					"bits_per_second":	3146911744,
					"jitter_ms":	0.00031385790887428477,
					"lost_packets":	29662,
					"packets":	1566243,
					"lost_percent":	1.8938312892699281,
					"omitted":	false,
					"sender":	false
				}],
			"sum":	{
				"start":	4,
				"end":	5,
				"seconds":	1,
				"bytes":	393363968,
				"bits_per_second":	3146911744,
				"jitter_ms":	0.00031385790887428477,
				"lost_packets":	29662,
				"packets":	1566243,
				"lost_percent":	1.8938312892699281,
				"omitted":	false,
				"sender":	false
			}
		}, {
			"streams":	[{
					"socket":	5,
					"start":	5,
					"end":	5.00027,
					"seconds":	0.00026999998954124749,
					"bytes":	111360,
					"bits_per_second":	3299555683.3675418,
					"jitter_ms":	0.00035458564351021824,
					"lost_packets":	0,
					"packets":	436,
					"lost_percent":	0,
					"omitted":	false,
					"sender":	false
				}],
			"sum":	{
				"start":	5,
				"end":	5.00027,
				"seconds":	0.00026999998954124749,
				"bytes":	111360,
				"bits_per_second":	3299555683.3675418,
				"jitter_ms":	0.00035458564351021824,
				"lost_packets":	0,
				"packets":	436,
				"lost_percent":	0,
				"omitted":	false,
				"sender":	false
			}
		}],
	"end":	{
		"streams":	[{
				"udp":	{
					"socket":	5,
					"start":	0,
					"end":	5.00027,
					"seconds":	5.00027,
					"bytes":	0,
					"bits_per_second":	0,
					"jitter_ms":	0.00035458564351021824,
					"lost_packets":	73735,
					"packets":	7866706,
					"lost_percent":	0,
					"out_of_order":	0,
					"sender":	false
				}
			}],
		"sum":	{
			"start":	0,
			"end":	5.00027,
			"seconds":	5.00027,
			"bytes":	0,
			"bits_per_second":	0,
			"jitter_ms":	0.00035458564351021824,
			"lost_packets":	73735,
			"packets":	7866706,
			"lost_percent":	0.93730463551072074,
			"sender":	false
		},
		"sum_sent":	{
			"start":	0,
			"end":	5.00027,
			"seconds":	5.00027,
			"bytes":	0,
			"bits_per_second":	0,
			"jitter_ms":	0,
			"lost_packets":	0,
			"packets":	0,
			"lost_percent":	0,
			"sender":	true
		},
		"sum_received":	{
			"start":	0,
			"end":	5.00027,
			"seconds":	5.00027,
			"bytes":	1995000576,
			"bits_per_second":	3191828562.8576055,
			"jitter_ms":	0.00035458564351021824,
			"lost_packets":	73735,
			"packets":	7866706,
			"lost_percent":	0.93730463551072074,
			"sender":	false
		},
		"cpu_utilization_percent":	{
			"host_total":	199.42198009850466,
			"host_user":	27.464209278545791,
			"host_system":	171.95774224966493,
			"remote_total":	0,
			"remote_user":	0,
			"remote_system":	0
		}
	}
}
