{
	"start":	{
		"connected":	[{
				"socket":	5,
				"local_host":	"192.168.1.100",
				"local_port":	55686,
				"remote_host":	"192.168.1.110",
				"remote_port":	5201
			}],
		"version":	"iperf 3.16",
		"system_info":	"Linux design-lab 6.14.0-37-generic #37~24.04.1-Ubuntu SMP PREEMPT_DYNAMIC Thu Nov 20 10:25:38 UTC 2 x86_64",
		"timestamp":	{
			"time":	"Fri, 26 Jun 2026 02:16:43 GMT",
			"timesecs":	1782440203
		},
		"connecting_to":	{
			"host":	"192.168.1.110",
			"port":	5201
		},
		"cookie":	"awex3wmttjdv2r3iky7cnjfwtwuy74qkfows",
		"target_bitrate":	6632124352,
		"fq_rate":	0,
		"sock_bufsize":	0,
		"sndbuf_actual":	67108864,
		"rcvbuf_actual":	67108864,
		"test_start":	{
			"protocol":	"UDP",
			"num_streams":	1,
			"blksize":	320,
			"omit":	2,
			"duration":	5,
			"bytes":	0,
			"blocks":	0,
			"reverse":	0,
			"tos":	0,
			"target_bitrate":	6632124352,
			"bidir":	0,
			"fqrate":	0
		}
	},
	"intervals":	[{
			"streams":	[{
					"socket":	5,
					"start":	0,
					"end":	1.000052,
					"seconds":	1.0000519752502441,
					"bytes":	457399040,
					"bits_per_second":	3659002142.4480023,
					"packets":	1429373,
					"omitted":	true,
					"sender":	true
				}],
			"sum":	{
				"start":	0,
				"end":	1.000052,
				"seconds":	1.0000519752502441,
				"bytes":	457399040,
				"bits_per_second":	3659002142.4480023,
				"packets":	1429373,
				"omitted":	true,
				"sender":	true
			}
		}, {
			"streams":	[{
					"socket":	5,
					"start":	1,
					"end":	1.000001,
					"seconds":	2.0000009536743164,
					"bytes":	458381120,
					"bits_per_second":	1833523605.7078145,
					"packets":	2864502,
					"omitted":	false,
					"sender":	true
				}],
			"sum":	{
				"start":	1,
				"end":	1.000001,
				"seconds":	2.0000009536743164,
				"bytes":	458381120,
				"bits_per_second":	1833523605.7078145,
				"packets":	2864502,
				"omitted":	false,
				"sender":	true
			}
		}, {
			"streams":	[{
					"socket":	5,
					"start":	1.000001,
					"end":	2.000001,
					"seconds":	1,
					"bytes":	458552320,
					"bits_per_second":	3668418560,
					"packets":	1432977,
					"omitted":	false,
					"sender":	true
				}],
			"sum":	{
				"start":	1.000001,
				"end":	2.000001,
				"seconds":	1,
				"bytes":	458552320,
				"bits_per_second":	3668418560,
				"packets":	1432977,
				"omitted":	false,
				"sender":	true
			}
		}, {
			"streams":	[{
					"socket":	5,
					"start":	2.000001,
					"end":	3.000001,
					"seconds":	1,
					"bytes":	444235200,
					"bits_per_second":	3553881600,
					"packets":	1388241,
					"omitted":	false,
					"sender":	true
				}],
			"sum":	{
				"start":	2.000001,
				"end":	3.000001,
				"seconds":	1,
				"bytes":	444235200,
				"bits_per_second":	3553881600,
				"packets":	1388241,
				"omitted":	false,
				"sender":	true
			}
		}, {
			"streams":	[{
					"socket":	5,
					"start":	3.000001,
					"end":	4,
					"seconds":	0.99999898672103882,
					"bytes":	413491200,
					"bits_per_second":	3307932951.8588653,
					"packets":	1292160,
					"omitted":	false,
					"sender":	true
				}],
			"sum":	{
				"start":	3.000001,
				"end":	4,
				"seconds":	0.99999898672103882,
				"bytes":	413491200,
				"bits_per_second":	3307932951.8588653,
				"packets":	1292160,
				"omitted":	false,
				"sender":	true
			}
		}, {
			"streams":	[{
					"socket":	5,
					"start":	4,
					"end":	5.000099,
					"seconds":	1.0000989437103271,
					"bytes":	413939520,
					"bits_per_second":	3311188538.7203865,
					"packets":	1293562,
					"omitted":	false,
					"sender":	true
				}],
			"sum":	{
				"start":	4,
				"end":	5.000099,
				"seconds":	1.0000989437103271,
				"bytes":	413939520,
				"bits_per_second":	3311188538.7203865,
				"packets":	1293562,
				"omitted":	false,
				"sender":	true
			}
		}],
	"end":	{
		"streams":	[{
				"udp":	{
					"socket":	5,
					"start":	0,
					"end":	5.000099,
					"seconds":	5.000099,
					"bytes":	2188602240,
					"bits_per_second":	3501694250.4538412,
					"jitter_ms":	0.00091658461348348018,
					"lost_packets":	0,
					"packets":	6839381,
					"lost_percent":	0,
					"out_of_order":	0,
					"sender":	true
				}
			}],
		"sum":	{
			"start":	0,
			"end":	5.000186,
			"seconds":	5.000186,
			"bytes":	2188602240,
			"bits_per_second":	3501694250.4538412,
			"jitter_ms":	0.00091658461348348018,
			"lost_packets":	0,
			"packets":	6839381,
			"lost_percent":	0,
			"sender":	true
		},
		"sum_sent":	{
			"start":	0,
			"end":	5.000099,
			"seconds":	5.000099,
			"bytes":	2188602240,
			"bits_per_second":	3501694250.4538412,
			"jitter_ms":	0,
			"lost_packets":	0,
			"packets":	6839381,
			"lost_percent":	0,
			"sender":	true
		},
		"sum_received":	{
			"start":	0,
			"end":	5.000186,
			"seconds":	5.000186,
			"bytes":	2188641600,
			"bits_per_second":	3501696296.8977551,
			"jitter_ms":	0.00091658461348348018,
			"lost_packets":	0,
			"packets":	6839505,
			"lost_percent":	0,
			"sender":	false
		},
		"cpu_utilization_percent":	{
			"host_total":	101.35091315558284,
			"host_user":	12.653043732902885,
			"host_system":	88.697869422679972,
			"remote_total":	172.81428186745958,
			"remote_user":	23.924599351019,
			"remote_system":	148.88966823114467
		}
	}
}
