{
	"start":	{
		"connected":	[{
				"socket":	5,
				"local_host":	"192.168.1.100",
				"local_port":	53690,
				"remote_host":	"192.168.1.110",
				"remote_port":	5201
			}],
		"version":	"iperf 3.16",
		"system_info":	"Linux design-lab 6.14.0-37-generic #37~24.04.1-Ubuntu SMP PREEMPT_DYNAMIC Thu Nov 20 10:25:38 UTC 2 x86_64",
		"timestamp":	{
			"time":	"Fri, 26 Jun 2026 02:20:55 GMT",
			"timesecs":	1782440455
		},
		"connecting_to":	{
			"host":	"192.168.1.110",
			"port":	5201
		},
		"cookie":	"h6k72t6wr7chvnz37dfqwshqru55fvnmls2a",
		"target_bitrate":	7607726597,
		"fq_rate":	0,
		"sock_bufsize":	0,
		"sndbuf_actual":	67108864,
		"rcvbuf_actual":	67108864,
		"test_start":	{
			"protocol":	"UDP",
			"num_streams":	1,
			"blksize":	1280,
			"omit":	2,
			"duration":	5,
			"bytes":	0,
			"blocks":	0,
			"reverse":	0,
			"tos":	0,
			"target_bitrate":	7607726597,
			"bidir":	0,
			"fqrate":	0
		}
	},
	"intervals":	[{
			"streams":	[{
					"socket":	5,
					"start":	0,
					"end":	1.000053,
					"seconds":	1.00005304813385,
					"bytes":	950936320,
					"bits_per_second":	7607087018.2296476,
					"packets":	742919,
					"omitted":	true,
					"sender":	true
				}],
			"sum":	{
				"start":	0,
				"end":	1.000053,
				"seconds":	1.00005304813385,
				"bytes":	950936320,
				"bits_per_second":	7607087018.2296476,
				"packets":	742919,
				"omitted":	true,
				"sender":	true
			}
		}, {
			"streams":	[{
					"socket":	5,
					"start":	1,
					"end":	1.000052,
					"seconds":	2.0000519752502441,
					"bytes":	951068160,
					"bits_per_second":	3804173778.5579438,
					"packets":	1485965,
					"omitted":	false,
					"sender":	true
				}],
			"sum":	{
				"start":	1,
				"end":	1.000052,
				"seconds":	2.0000519752502441,
				"bytes":	951068160,
				"bits_per_second":	3804173778.5579438,
				"packets":	1485965,
				"omitted":	false,
				"sender":	true
			}
		}, {
			"streams":	[{
					"socket":	5,
					"start":	1.000052,
					"end":	2,
					"seconds":	0.999948024749756,
					"bytes":	950862080,
					"bits_per_second":	7607292030.9069862,
					"packets":	742862,
					"omitted":	false,
					"sender":	true
				}],
			"sum":	{
				"start":	1.000052,
				"end":	2,
				"seconds":	0.999948024749756,
				"bytes":	950862080,
				"bits_per_second":	7607292030.9069862,
				"packets":	742862,
				"omitted":	false,
				"sender":	true
			}
		}, {
			"streams":	[{
					"socket":	5,
					"start":	2,
					"end":	3,
					"seconds":	1,
					"bytes":	950961920,
					"bits_per_second":	7607695360,
					"packets":	742942,
					"omitted":	false,
					"sender":	true
				}],
			"sum":	{
				"start":	2,
				"end":	3,
				"seconds":	1,
				"bytes":	950961920,
				"bits_per_second":	7607695360,
				"packets":	742942,
				"omitted":	false,
				"sender":	true
			}
		}, {
			"streams":	[{
					"socket":	5,
					"start":	3,
					"end":	4.000001,
					"seconds":	1.0000009536743164,
					"bytes":	950968320,
					"bits_per_second":	7607739304.69442,
					"packets":	742944,
					"omitted":	false,
					"sender":	true
				}],
			"sum":	{
				"start":	3,
				"end":	4.000001,
				"seconds":	1.0000009536743164,
				"bytes":	950968320,
				"bits_per_second":	7607739304.69442,
				"packets":	742944,
				"omitted":	false,
				"sender":	true
			}
		}, {
			"streams":	[{
					"socket":	5,
					"start":	4.000001,
					"end":	5.000076,
					"seconds":	1.0000749826431274,
					"bytes":	950965760,
					"bits_per_second":	7607155675.36078,
					"packets":	742941,
					"omitted":	false,
					"sender":	true
				}],
			"sum":	{
				"start":	4.000001,
				"end":	5.000076,
				"seconds":	1.0000749826431274,
				"bytes":	950965760,
				"bits_per_second":	7607155675.36078,
				"packets":	742941,
				"omitted":	false,
				"sender":	true
			}
		}],
	"end":	{
		"streams":	[{
				"udp":	{
					"socket":	5,
					"start":	0,
					"end":	5.000076,
					"seconds":	5.000076,
					"bytes":	4754831360,
					"bits_per_second":	7607614540.2589884,
					"jitter_ms":	0.00079751533219032846,
					"lost_packets":	0,
					"packets":	3714712,
					"lost_percent":	0,
					"out_of_order":	0,
					"sender":	true
				}
			}],
		"sum":	{
			"start":	0,
			"end":	5.000197,
			"seconds":	5.000197,
			"bytes":	4754831360,
			"bits_per_second":	7607614540.2589884,
			"jitter_ms":	0.00079751533219032846,
			"lost_packets":	0,
			"packets":	3714712,
			"lost_percent":	0,
			"sender":	true
		},
		"sum_sent":	{
			"start":	0,
			"end":	5.000076,
			"seconds":	5.000076,
			"bytes":	4754831360,
			"bits_per_second":	7607614540.2589884,
			"jitter_ms":	0,
			"lost_packets":	0,
			"packets":	3714712,
			"lost_percent":	0,
			"sender":	true
		},
		"sum_received":	{
			"start":	0,
			"end":	5.000197,
			"seconds":	5.000197,
			"bytes":	4754917120,
			"bits_per_second":	7607567653.83444,
			"jitter_ms":	0.00079751533219032846,
			"lost_packets":	0,
			"packets":	3714779,
			"lost_percent":	0,
			"sender":	false
		},
		"cpu_utilization_percent":	{
			"host_total":	101.26963955835741,
			"host_user":	87.9378385157902,
			"host_system":	13.33178675769369,
			"remote_total":	96.785522709692074,
			"remote_user":	12.96663454855965,
			"remote_system":	83.8188738758365
		}
	}
}
