{
	"start":	{
		"connected":	[{
				"socket":	5,
				"local_host":	"192.168.1.100",
				"local_port":	52208,
				"remote_host":	"192.168.1.110",
				"remote_port":	5201
			}],
		"version":	"iperf 3.16",
		"system_info":	"Linux design-lab 6.14.0-37-generic #37~24.04.1-Ubuntu SMP PREEMPT_DYNAMIC Thu Nov 20 10:25:38 UTC 2 x86_64",
		"timestamp":	{
			"time":	"Fri, 26 Jun 2026 02:18:07 GMT",
			"timesecs":	1782440287
		},
		"connecting_to":	{
			"host":	"192.168.1.110",
			"port":	5201
		},
		"cookie":	"m3jebu2lfjw3nonuarime2hfy4slkrfxiu3c",
		"target_bitrate":	7252124646,
		"fq_rate":	0,
		"sock_bufsize":	0,
		"sndbuf_actual":	67108864,
		"rcvbuf_actual":	67108864,
		"test_start":	{
			"protocol":	"UDP",
			"num_streams":	1,
			"blksize":	640,
			"omit":	2,
			"duration":	5,
			"bytes":	0,
			"blocks":	0,
			"reverse":	0,
			"tos":	0,
			"target_bitrate":	7252124646,
			"bidir":	0,
			"fqrate":	0
		}
	},
	"intervals":	[{
			"streams":	[{
					"socket":	5,
					"start":	0,
					"end":	1.000052,
					"seconds":	1.0000519752502441,
					"bytes":	906542080,
					"bits_per_second":	7251959717.5789185,
					"packets":	1416473,
					"omitted":	true,
					"sender":	true
				}],
			"sum":	{
				"start":	0,
				"end":	1.000052,
				"seconds":	1.0000519752502441,
				"bytes":	906542080,
				"bits_per_second":	7251959717.5789185,
				"packets":	1416473,
				"omitted":	true,
				"sender":	true
			}
		}, {
			"streams":	[{
					"socket":	5,
					"start":	1.000052,
					"end":	2.000053,
					"seconds":	1.0000009536743164,
					"bytes":	906524800,
					"bits_per_second":	7252191483.771244,
					"packets":	1416447,
					"omitted":	true,
					"sender":	true
				}],
			"sum":	{
				"start":	1.000052,
				"end":	2.000053,
				"seconds":	1.0000009536743164,
				"bytes":	906524800,
				"bits_per_second":	7252191483.771244,
				"packets":	1416447,
				"omitted":	true,
				"sender":	true
			}
		}, {
			"streams":	[{
					"socket":	5,
					"start":	9e-06,
					"end":	0.999992,
					"seconds":	1.0000009536743164,
					"bytes":	906508800,
					"bits_per_second":	7252063483.8933144,
					"packets":	1416433,
					"omitted":	false,
					"sender":	true
				}],
			"sum":	{
				"start":	9e-06,
				"end":	0.999992,
				"seconds":	1.0000009536743164,
				"bytes":	906508800,
				"bits_per_second":	7252063483.8933144,
				"packets":	1416433,
				"omitted":	false,
				"sender":	true
			}
		}, {
			"streams":	[{
					"socket":	5,
					"start":	0.999992,
					"end":	1.999991,
					"seconds":	0.99999898672103882,
					"bytes":	906463360,
					"bits_per_second":	7251714228.00946,
					"packets":	1416355,
					"omitted":	false,
					"sender":	true
				}],
			"sum":	{
				"start":	0.999992,
				"end":	1.999991,
				"seconds":	0.99999898672103882,
				"bytes":	906463360,
				"bits_per_second":	7251714228.00946,
				"packets":	1416355,
				"omitted":	false,
				"sender":	true
			}
		}, {
			"streams":	[{
					"socket":	5,
					"start":	1.999991,
					"end":	2.999992,
					"seconds":	1.0000009536743164,
					"bytes":	906567040,
					"bits_per_second":	7252529403.44898,
					"packets":	1416512,
					"omitted":	false,
					"sender":	true
				}],
			"sum":	{
				"start":	1.999991,
				"end":	2.999992,
				"seconds":	1.0000009536743164,
				"bytes":	906567040,
				"bits_per_second":	7252529403.44898,
				"packets":	1416512,
				"omitted":	false,
				"sender":	true
			}
		}, {
			"streams":	[{
					"socket":	5,
					"start":	2.999992,
					"end":	3.999992,
					"seconds":	1,
					"bytes":	906494080,
					"bits_per_second":	7251952640,
					"packets":	1416397,
					"omitted":	false,
					"sender":	true
				}],
			"sum":	{
				"start":	2.999992,
				"end":	3.999992,
				"seconds":	1,
				"bytes":	906494080,
				"bits_per_second":	7251952640,
				"packets":	1416397,
				"omitted":	false,
				"sender":	true
			}
		}, {
			"streams":	[{
					"socket":	5,
					"start":	3.999992,
					"end":	5.00008,
					"seconds":	1.0000879764556885,
					"bytes":	906537600,
					"bits_per_second":	7251662824.40686,
					"packets":	1416465,
					"omitted":	false,
					"sender":	true
				}],
			"sum":	{
				"start":	3.999992,
				"end":	5.00008,
				"seconds":	1.0000879764556885,
				"bytes":	906537600,
				"bits_per_second":	7251662824.40686,
				"packets":	1416465,
				"omitted":	false,
				"sender":	true
			}
		}],
	"end":	{
		"streams":	[{
				"udp":	{
					"socket":	5,
					"start":	0,
					"end":	5.00008,
					"seconds":	5.00008,
					"bytes":	4532576000,
					"bits_per_second":	7252005567.9109144,
					"jitter_ms":	0.000327205115366088,
					"lost_packets":	0,
					"packets":	7082149,
					"lost_percent":	0,
					"out_of_order":	0,
					"sender":	true
				}
			}],
		"sum":	{
			"start":	0,
			"end":	5.000211,
			"seconds":	5.000211,
			"bytes":	4532576000,
			"bits_per_second":	7252005567.9109144,
			"jitter_ms":	0.000327205115366088,
			"lost_packets":	0,
			"packets":	7082149,
			"lost_percent":	0,
			"sender":	true
		},
		"sum_sent":	{
			"start":	0,
			"end":	5.00008,
			"seconds":	5.00008,
			"bytes":	4532576000,
			"bits_per_second":	7252005567.9109144,
			"jitter_ms":	0,
			"lost_packets":	0,
			"packets":	7082149,
			"lost_percent":	0,
			"sender":	true
		},
		"sum_received":	{
			"start":	0,
			"end":	5.000211,
			"seconds":	5.000211,
			"bytes":	4532700160,
			"bits_per_second":	7252014220.9998732,
			"jitter_ms":	0.000327205115366088,
			"lost_packets":	0,
			"packets":	7082344,
			"lost_percent":	0,
			"sender":	false
		},
		"cpu_utilization_percent":	{
			"host_total":	101.23027524167676,
			"host_user":	14.477079097305809,
			"host_system":	86.7531675748443,
			"remote_total":	180.76347216641057,
			"remote_user":	26.455434529356108,
			"remote_system":	154.30803763705444
		}
	}
}
