{
	"start":	{
		"connected":	[{
				"socket":	5,
				"local_host":	"192.168.1.100",
				"local_port":	35443,
				"remote_host":	"192.168.1.110",
				"remote_port":	5201
			}],
		"version":	"iperf 3.16",
		"system_info":	"Linux design-lab 6.14.0-37-generic #37~24.04.1-Ubuntu SMP PREEMPT_DYNAMIC Thu Nov 20 10:25:38 UTC 2 x86_64",
		"timestamp":	{
			"time":	"Fri, 26 Jun 2026 02:19:48 GMT",
			"timesecs":	1782440388
		},
		"connecting_to":	{
			"host":	"192.168.1.110",
			"port":	5201
		},
		"cookie":	"3o6nfnkewxem4qtbxq64lemnfirb3hnbao26",
		"target_bitrate":	7515596330,
		"fq_rate":	0,
		"sock_bufsize":	0,
		"sndbuf_actual":	67108864,
		"rcvbuf_actual":	67108864,
		"test_start":	{
			"protocol":	"UDP",
			"num_streams":	1,
			"blksize":	1024,
			"omit":	2,
			"duration":	5,
			"bytes":	0,
			"blocks":	0,
			"reverse":	0,
			"tos":	0,
			"target_bitrate":	7515596330,
			"bidir":	0,
			"fqrate":	0
		}
	},
	"intervals":	[{
			"streams":	[{
					"socket":	5,
					"start":	0,
					"end":	1.000053,
					"seconds":	1.00005304813385,
					"bytes":	939488256,
					"bits_per_second":	7515507364.3593845,
					"packets":	917469,
					"omitted":	true,
					"sender":	true
				}],
			"sum":	{
				"start":	0,
				"end":	1.000053,
				"seconds":	1.00005304813385,
				"bytes":	939488256,
				"bits_per_second":	7515507364.3593845,
				"packets":	917469,
				"omitted":	true,
				"sender":	true
			}
		}, {
			"streams":	[{
					"socket":	5,
					"start":	0.999999,
					"end":	1.000001,
					"seconds":	2,
					"bytes":	939432960,
					"bits_per_second":	3757731840,
					"packets":	1834826,
					"omitted":	false,
					"sender":	true
				}],
			"sum":	{
				"start":	0.999999,
				"end":	1.000001,
				"seconds":	2,
				"bytes":	939432960,
				"bits_per_second":	3757731840,
				"packets":	1834826,
				"omitted":	false,
				"sender":	true
			}
		}, {
			"streams":	[{
					"socket":	5,
					"start":	1.000001,
					"end":	2,
					"seconds":	0.99999898672103882,
					"bytes":	939446272,
					"bits_per_second":	7515577791.3768568,
					"packets":	917429,
					"omitted":	false,
					"sender":	true
				}],
			"sum":	{
				"start":	1.000001,
				"end":	2,
				"seconds":	0.99999898672103882,
				"bytes":	939446272,
				"bits_per_second":	7515577791.3768568,
				"packets":	917429,
				"omitted":	false,
				"sender":	true
			}
		}, {
			"streams":	[{
					"socket":	5,
					"start":	2,
					"end":	3.000001,
					"seconds":	1.0000009536743164,
					"bytes":	939433984,
					"bits_per_second":	7515464704.694335,
					"packets":	917419,
					"omitted":	false,
					"sender":	true
				}],
			"sum":	{
				"start":	2,
				"end":	3.000001,
				"seconds":	1.0000009536743164,
				"bytes":	939433984,
				"bits_per_second":	7515464704.694335,
				"packets":	917419,
				"omitted":	false,
				"sender":	true
			}
		}, {
			"streams":	[{
					"socket":	5,
					"start":	3.000001,
					"end":	4,
					"seconds":	0.99999898672103882,
					"bytes":	939443200,
					"bits_per_second":	7515553215.3519545,
					"packets":	917425,
					"omitted":	false,
					"sender":	true
				}],
			"sum":	{
				"start":	3.000001,
				"end":	4,
				"seconds":	0.99999898672103882,
				"bytes":	939443200,
				"bits_per_second":	7515553215.3519545,
				"packets":	917425,
				"omitted":	false,
				"sender":	true
			}
		}, {
			"streams":	[{
					"socket":	5,
					"start":	4,
					"end":	5.000105,
					"seconds":	1.0001050233840942,
					"bytes":	939505664,
					"bits_per_second":	7515256034.3789349,
					"packets":	917485,
					"omitted":	false,
					"sender":	true
				}],
			"sum":	{
				"start":	4,
				"end":	5.000105,
				"seconds":	1.0001050233840942,
				"bytes":	939505664,
				"bits_per_second":	7515256034.3789349,
				"packets":	917485,
				"omitted":	false,
				"sender":	true
			}
		}],
	"end":	{
		"streams":	[{
				"udp":	{
					"socket":	5,
					"start":	0,
					"end":	5.000105,
					"seconds":	5.000105,
					"bytes":	4697266176,
					"bits_per_second":	7515468056.7708082,
					"jitter_ms":	0.0010926376416103274,
					"lost_packets":	0,
					"packets":	4587173,
					"lost_percent":	0,
					"out_of_order":	0,
					"sender":	true
				}
			}],
		"sum":	{
			"start":	0,
			"end":	5.000215,
			"seconds":	5.000215,
			"bytes":	4697266176,
			"bits_per_second":	7515468056.7708082,
			"jitter_ms":	0.0010926376416103274,
			"lost_packets":	0,
			"packets":	4587173,
			"lost_percent":	0,
			"sender":	true
		},
		"sum_sent":	{
			"start":	0,
			"end":	5.000105,
			"seconds":	5.000105,
			"bytes":	4697266176,
			"bits_per_second":	7515468056.7708082,
			"jitter_ms":	0,
			"lost_packets":	0,
			"packets":	4587173,
			"lost_percent":	0,
			"sender":	true
		},
		"sum_received":	{
			"start":	0,
			"end":	5.000215,
			"seconds":	5.000215,
			"bytes":	4697420800,
			"bits_per_second":	7515550111.345212,
			"jitter_ms":	0.0010926376416103274,
			"lost_packets":	0,
			"packets":	4587325,
			"lost_percent":	0,
			"sender":	false
		},
		"cpu_utilization_percent":	{
			"host_total":	101.36462480531634,
			"host_user":	55.254405461127618,
			"host_system":	46.1102050594111,
			"remote_total":	117.91713301872575,
			"remote_user":	16.658993136678593,
			"remote_system":	101.25813988204715
		}
	}
}
