{
	"start":	{
		"connected":	[{
				"socket":	5,
				"local_host":	"192.168.1.110",
				"local_port":	5201,
				"remote_host":	"192.168.1.100",
				"remote_port":	60580
			}],
		"version":	"iperf 3.16",
		"system_info":	"Linux design-lab 6.14.0-37-generic #37~24.04.1-Ubuntu SMP PREEMPT_DYNAMIC Thu Nov 20 10:25:38 UTC 2 x86_64",
		"target_bitrate":	7314285714,
		"timestamp":	{
			"time":	"Fri, 26 Jun 2026 02:18:23 GMT",
			"timesecs":	1782440303
		},
		"accepted_connection":	{
			"host":	"192.168.1.100",
			"port":	59224
		},
		"cookie":	"yf6v7hl7qsx4ctlgvptsk5y76ix5idltf6sr",
		"target_bitrate":	7314285714,
		"fq_rate":	0,
		"sock_bufsize":	0,
		"sndbuf_actual":	67108864,
		"rcvbuf_actual":	67108864,
		"test_start":	{
			"protocol":	"UDP",
			"num_streams":	1,
			"blksize":	704,
			"omit":	2,
			"duration":	5,
			"bytes":	0,
			"blocks":	0,
			"reverse":	0,
			"tos":	0,
			"target_bitrate":	7314285714,
			"bidir":	0,
			"fqrate":	0
		}
	},
	"intervals":	[{
			"streams":	[{
					"socket":	5,
					"start":	0,
					"end":	1.000001,
					"seconds":	1.0000009536743164,
					"bytes":	910992896,
					"bits_per_second":	7287936217.68241,
					"jitter_ms":	0.00039480520469192224,
					"lost_packets":	4544,
					"packets":	1298569,
					"lost_percent":	0.34992364672189158,
					"omitted":	true,
					"sender":	false
				}],
			"sum":	{
				"start":	0,
				"end":	1.000001,
				"seconds":	1.0000009536743164,
				"bytes":	910992896,
				"bits_per_second":	7287936217.68241,
				"jitter_ms":	0.00039480520469192224,
				"lost_packets":	4544,
				"packets":	1298569,
				"lost_percent":	0.34992364672189158,
				"omitted":	true,
				"sender":	false
			}
		}, {
			"streams":	[{
					"socket":	5,
					"start":	1.000001,
					"end":	2.000001,
					"seconds":	1,
					"bytes":	902161920,
					"bits_per_second":	7217295360,
					"jitter_ms":	0.000245077173353279,
					"lost_packets":	17155,
					"packets":	1298636,
					"lost_percent":	1.3210014199513951,
					"omitted":	true,
					"sender":	false
				}],
			"sum":	{
				"start":	1.000001,
				"end":	2.000001,
				"seconds":	1,
				"bytes":	902161920,
				"bits_per_second":	7217295360,
				"jitter_ms":	0.000245077173353279,
				"lost_packets":	17155,
				"packets":	1298636,
				"lost_percent":	1.3210014199513951,
				"omitted":	true,
				"sender":	false
			}
		}, {
			"streams":	[{
					"socket":	5,
					"start":	2.5e-05,
					"end":	0.999999,
					"seconds":	1.0000239610672,
					"bytes":	914281280,
					"bits_per_second":	7314074986.9577341,
					"jitter_ms":	0.00089663045525734076,
					"lost_packets":	0,
					"packets":	1298740,
					"lost_percent":	0,
					"omitted":	false,
					"sender":	false
				}],
			"sum":	{
				"start":	2.5e-05,
				"end":	0.999999,
				"seconds":	1.0000239610672,
				"bytes":	914281280,
				"bits_per_second":	7314074986.9577341,
				"jitter_ms":	0.00089663045525734076,
				"lost_packets":	0,
				"packets":	1298740,
				"lost_percent":	0,
				"omitted":	false,
				"sender":	false
			}
		}, {
			"streams":	[{
					"socket":	5,
					"start":	0.999999,
					"end":	1.999999,
					"seconds":	1,
					"bytes":	914267904,
					"bits_per_second":	7314143232,
					"jitter_ms":	0.000876917732880535,
					"lost_packets":	0,
					"packets":	1298677,
					"lost_percent":	0,
					"omitted":	false,
					"sender":	false
				}],
			"sum":	{
				"start":	0.999999,
				"end":	1.999999,
				"seconds":	1,
				"bytes":	914267904,
				"bits_per_second":	7314143232,
				"jitter_ms":	0.000876917732880535,
				"lost_packets":	0,
				"packets":	1298677,
				"lost_percent":	0,
				"omitted":	false,
				"sender":	false
			}
		}, {
			"streams":	[{
					"socket":	5,
					"start":	1.999999,
					"end":	2.999999,
					"seconds":	1,
					"bytes":	914286208,
					"bits_per_second":	7314289664,
					"jitter_ms":	0.00037228002778082425,
					"lost_packets":	0,
					"packets":	1298712,
					"lost_percent":	0,
					"omitted":	false,
					"sender":	false
				}],
			"sum":	{
				"start":	1.999999,
				"end":	2.999999,
				"seconds":	1,
				"bytes":	914286208,
				"bits_per_second":	7314289664,
				"jitter_ms":	0.00037228002778082425,
				"lost_packets":	0,
				"packets":	1298712,
				"lost_percent":	0,
				"omitted":	false,
				"sender":	false
			}
		}, {
			"streams":	[{
					"socket":	5,
					"start":	2.999999,
					"end":	3.999999,
					"seconds":	1,
					"bytes":	914303104,
					"bits_per_second":	7314424832,
					"jitter_ms":	0.00060041142554162865,
					"lost_packets":	0,
					"packets":	1298726,
					"lost_percent":	0,
					"omitted":	false,
					"sender":	false
				}],
			"sum":	{
				"start":	2.999999,
				"end":	3.999999,
				"seconds":	1,
				"bytes":	914303104,
				"bits_per_second":	7314424832,
				"jitter_ms":	0.00060041142554162865,
				"lost_packets":	0,
				"packets":	1298726,
				"lost_percent":	0,
				"omitted":	false,
				"sender":	false
			}
		}, {
			"streams":	[{
					"socket":	5,
					"start":	3.999999,
					"end":	4.999999,
					"seconds":	1,
					"bytes":	914287616,
					"bits_per_second":	7314300928,
					"jitter_ms":	0.00052524818946555335,
					"lost_packets":	0,
					"packets":	1298706,
					"lost_percent":	0,
					"omitted":	false,
					"sender":	false
				}],
			"sum":	{
				"start":	3.999999,
				"end":	4.999999,
				"seconds":	1,
				"bytes":	914287616,
				"bits_per_second":	7314300928,
				"jitter_ms":	0.00052524818946555335,
				"lost_packets":	0,
				"packets":	1298706,
				"lost_percent":	0,
				"omitted":	false,
				"sender":	false
			}
		}, {
			"streams":	[{
					"socket":	5,
					"start":	4.999999,
					"end":	5.000219,
					"seconds":	0.00022000000171829015,
					"bytes":	97856,
					"bits_per_second":	3558399972.207438,
					"jitter_ms":	0.00048505566453037975,
					"lost_packets":	0,
					"packets":	139,
					"lost_percent":	0,
					"omitted":	false,
					"sender":	false
				}],
			"sum":	{
				"start":	4.999999,
				"end":	5.000219,
				"seconds":	0.00022000000171829015,
				"bytes":	97856,
				"bits_per_second":	3558399972.207438,
				"jitter_ms":	0.00048505566453037975,
				"lost_packets":	0,
				"packets":	139,
				"lost_percent":	0,
				"omitted":	false,
				"sender":	false
			}
		}],
	"end":	{
		"streams":	[{
				"udp":	{
					"socket":	5,
					"start":	0,
					"end":	5.000219,
					"seconds":	5.000219,
					"bytes":	0,
					"bits_per_second":	0,
					"jitter_ms":	0.00048505566453037975,
					"lost_packets":	0,
					"packets":	6493655,
					"lost_percent":	0,
					"out_of_order":	0,
					"sender":	false
				}
			}],
		"sum":	{
			"start":	0,
			"end":	5.000219,
			"seconds":	5.000219,
			"bytes":	0,
			"bits_per_second":	0,
			"jitter_ms":	0.00048505566453037975,
			"lost_packets":	0,
			"packets":	6493655,
			"lost_percent":	0,
			"sender":	false
		},
		"sum_sent":	{
			"start":	0,
			"end":	5.000219,
			"seconds":	5.000219,
			"bytes":	0,
			"bits_per_second":	0,
			"jitter_ms":	0,
			"lost_packets":	0,
			"packets":	0,
			"lost_percent":	0,
			"sender":	true
		},
		"sum_received":	{
			"start":	0,
			"end":	5.000219,
			"seconds":	5.000219,
			"bytes":	4571533120,
			"bits_per_second":	7314132632.990674,
			"jitter_ms":	0.00048505566453037975,
			"lost_packets":	0,
			"packets":	6493655,
			"lost_percent":	0,
			"sender":	false
		},
		"cpu_utilization_percent":	{
			"host_total":	166.37101039020629,
			"host_user":	23.898731558862359,
			"host_system":	142.47226454613167,
			"remote_total":	0,
			"remote_user":	0,
			"remote_system":	0
		}
	}
}
