{
	"start":	{
		"connected":	[{
				"socket":	5,
				"local_host":	"192.168.1.110",
				"local_port":	5201,
				"remote_host":	"192.168.1.100",
				"remote_port":	46921
			}],
		"version":	"iperf 3.16",
		"system_info":	"Linux design-lab 6.14.0-37-generic #37~24.04.1-Ubuntu SMP PREEMPT_DYNAMIC Thu Nov 20 10:25:38 UTC 2 x86_64",
		"target_bitrate":	6972762646,
		"timestamp":	{
			"time":	"Fri, 26 Jun 2026 02:17:16 GMT",
			"timesecs":	1782440236
		},
		"accepted_connection":	{
			"host":	"192.168.1.100",
			"port":	38862
		},
		"cookie":	"4a7vzhnnlzhkkwbz3nic3a2gbsgutl7int6v",
		"target_bitrate":	6972762646,
		"fq_rate":	0,
		"sock_bufsize":	0,
		"sndbuf_actual":	67108864,
		"rcvbuf_actual":	67108864,
		"test_start":	{
			"protocol":	"UDP",
			"num_streams":	1,
			"blksize":	448,
			"omit":	2,
			"duration":	5,
			"bytes":	0,
			"blocks":	0,
			"reverse":	0,
			"tos":	0,
			"target_bitrate":	6972762646,
			"bidir":	0,
			"fqrate":	0
		}
	},
	"intervals":	[{
			"streams":	[{
					"socket":	5,
					"start":	0,
					"end":	1.000002,
					"seconds":	1.0000020265579224,
					"bytes":	691240256,
					"bits_per_second":	5529910841.3153744,
					"jitter_ms":	0.0005391777884835668,
					"lost_packets":	0,
					"packets":	1542947,
					"lost_percent":	0,
					"omitted":	true,
					"sender":	false
				}],
			"sum":	{
				"start":	0,
				"end":	1.000002,
				"seconds":	1.0000020265579224,
				"bytes":	691240256,
				"bits_per_second":	5529910841.3153744,
				"jitter_ms":	0.0005391777884835668,
				"lost_packets":	0,
				"packets":	1542947,
				"lost_percent":	0,
				"omitted":	true,
				"sender":	false
			}
		}, {
			"streams":	[{
					"socket":	5,
					"start":	1,
					"end":	1,
					"seconds":	2,
					"bytes":	697460736,
					"bits_per_second":	2789842944,
					"jitter_ms":	0.00047429714773531339,
					"lost_packets":	0,
					"packets":	3113436,
					"lost_percent":	0,
					"omitted":	false,
					"sender":	false
				}],
			"sum":	{
				"start":	1,
				"end":	1,
				"seconds":	2,
				"bytes":	697460736,
				"bits_per_second":	2789842944,
				"jitter_ms":	0.00047429714773531339,
				"lost_packets":	0,
				"packets":	3113436,
				"lost_percent":	0,
				"omitted":	false,
				"sender":	false
			}
		}, {
			"streams":	[{
					"socket":	5,
					"start":	1,
					"end":	2.000001,
					"seconds":	1.0000009536743164,
					"bytes":	694963584,
					"bits_per_second":	5559703369.85369,
					"jitter_ms":	0.00041180509741958488,
					"lost_packets":	0,
					"packets":	1551260,
					"lost_percent":	0,
					"omitted":	false,
					"sender":	false
				}],
			"sum":	{
				"start":	1,
				"end":	2.000001,
				"seconds":	1.0000009536743164,
				"bytes":	694963584,
				"bits_per_second":	5559703369.85369,
				"jitter_ms":	0.00041180509741958488,
				"lost_packets":	0,
				"packets":	1551260,
				"lost_percent":	0,
				"omitted":	false,
				"sender":	false
			}
		}, {
			"streams":	[{
					"socket":	5,
					"start":	2.000001,
					"end":	3,
					"seconds":	0.99999898672103882,
					"bytes":	706185088,
					"bits_per_second":	5649486428.50574,
					"jitter_ms":	0.00059888139078198566,
					"lost_packets":	0,
					"packets":	1576308,
					"lost_percent":	0,
					"omitted":	false,
					"sender":	false
				}],
			"sum":	{
				"start":	2.000001,
				"end":	3,
				"seconds":	0.99999898672103882,
				"bytes":	706185088,
				"bits_per_second":	5649486428.50574,
				"jitter_ms":	0.00059888139078198566,
				"lost_packets":	0,
				"packets":	1576308,
				"lost_percent":	0,
				"omitted":	false,
				"sender":	false
			}
		}, {
			"streams":	[{
					"socket":	5,
					"start":	3,
					"end":	4,
					"seconds":	1,
					"bytes":	700655424,
					"bits_per_second":	5605243392,
					"jitter_ms":	0.000254019279819956,
					"lost_packets":	0,
					"packets":	1563977,
					"lost_percent":	0,
					"omitted":	false,
					"sender":	false
				}],
			"sum":	{
				"start":	3,
				"end":	4,
				"seconds":	1,
				"bytes":	700655424,
				"bits_per_second":	5605243392,
				"jitter_ms":	0.000254019279819956,
				"lost_packets":	0,
				"packets":	1563977,
				"lost_percent":	0,
				"omitted":	false,
				"sender":	false
			}
		}, {
			"streams":	[{
					"socket":	5,
					"start":	4,
					"end":	5,
					"seconds":	1,
					"bytes":	700561344,
					"bits_per_second":	5604490752,
					"jitter_ms":	0.00041842782891422033,
					"lost_packets":	0,
					"packets":	1563753,
					"lost_percent":	0,
					"omitted":	false,
					"sender":	false
				}],
			"sum":	{
				"start":	4,
				"end":	5,
				"seconds":	1,
				"bytes":	700561344,
				"bits_per_second":	5604490752,
				"jitter_ms":	0.00041842782891422033,
				"lost_packets":	0,
				"packets":	1563753,
				"lost_percent":	0,
				"omitted":	false,
				"sender":	false
			}
		}, {
			"streams":	[{
					"socket":	5,
					"start":	5,
					"end":	5.000234,
					"seconds":	0.00023400000645779073,
					"bytes":	72576,
					"bits_per_second":	2481230700.7552624,
					"jitter_ms":	0.00034077514317491748,
					"lost_packets":	0,
					"packets":	162,
					"lost_percent":	0,
					"omitted":	false,
					"sender":	false
				}],
			"sum":	{
				"start":	5,
				"end":	5.000234,
				"seconds":	0.00023400000645779073,
				"bytes":	72576,
				"bits_per_second":	2481230700.7552624,
				"jitter_ms":	0.00034077514317491748,
				"lost_packets":	0,
				"packets":	162,
				"lost_percent":	0,
				"omitted":	false,
				"sender":	false
			}
		}],
	"end":	{
		"streams":	[{
				"udp":	{
					"socket":	5,
					"start":	0,
					"end":	5.000234,
					"seconds":	5.000234,
					"bytes":	0,
					"bits_per_second":	0,
					"jitter_ms":	0.00034077514317491748,
					"lost_packets":	0,
					"packets":	7812292,
					"lost_percent":	0,
					"out_of_order":	0,
					"sender":	false
				}
			}],
		"sum":	{
			"start":	0,
			"end":	5.000234,
			"seconds":	5.000234,
			"bytes":	0,
			"bits_per_second":	0,
			"jitter_ms":	0.00034077514317491748,
			"lost_packets":	0,
			"packets":	7812292,
			"lost_percent":	0,
			"sender":	false
		},
		"sum_sent":	{
			"start":	0,
			"end":	5.000234,
			"seconds":	5.000234,
			"bytes":	0,
			"bits_per_second":	0,
			"jitter_ms":	0,
			"lost_packets":	0,
			"packets":	0,
			"lost_percent":	0,
			"sender":	true
		},
		"sum_received":	{
			"start":	0,
			"end":	5.000234,
			"seconds":	5.000234,
			"bytes":	3499906816,
			"bits_per_second":	5599588844.842062,
			"jitter_ms":	0.00034077514317491748,
			"lost_packets":	0,
			"packets":	7812292,
			"lost_percent":	0,
			"sender":	false
		},
		"cpu_utilization_percent":	{
			"host_total":	196.5073926719401,
			"host_user":	28.155151185465989,
			"host_system":	168.35222720125574,
			"remote_total":	0,
			"remote_user":	0,
			"remote_system":	0
		}
	}
}
