{
	"start":	{
		"connected":	[{
				"socket":	5,
				"local_host":	"192.168.1.100",
				"local_port":	59706,
				"remote_host":	"192.168.1.110",
				"remote_port":	5201
			}],
		"version":	"iperf 3.16",
		"system_info":	"Linux design-lab 6.14.0-37-generic #37~24.04.1-Ubuntu SMP PREEMPT_DYNAMIC Thu Nov 20 10:25:38 UTC 2 x86_64",
		"timestamp":	{
			"time":	"Fri, 26 Jun 2026 02:20:38 GMT",
			"timesecs":	1782440438
		},
		"connecting_to":	{
			"host":	"192.168.1.110",
			"port":	5201
		},
		"cookie":	"fs7pxkajfhiwjc6tqaudkmrkdqyah3innmrb",
		"target_bitrate":	7588143526,
		"fq_rate":	0,
		"sock_bufsize":	0,
		"sndbuf_actual":	67108864,
		"rcvbuf_actual":	67108864,
		"test_start":	{
			"protocol":	"UDP",
			"num_streams":	1,
			"blksize":	1216,
			"omit":	2,
			"duration":	5,
			"bytes":	0,
			"blocks":	0,
			"reverse":	0,
			"tos":	0,
			"target_bitrate":	7588143526,
			"bidir":	0,
			"fqrate":	0
		}
	},
	"intervals":	[{
			"streams":	[{
					"socket":	5,
					"start":	0,
					"end":	1.000051,
					"seconds":	1.0000510215759277,
					"bytes":	948472704,
					"bits_per_second":	7587394511.1748543,
					"packets":	779994,
					"omitted":	true,
					"sender":	true
				}],
			"sum":	{
				"start":	0,
				"end":	1.000051,
				"seconds":	1.0000510215759277,
				"bytes":	948472704,
				"bits_per_second":	7587394511.1748543,
				"packets":	779994,
				"omitted":	true,
				"sender":	true
			}
		}, {
			"streams":	[{
					"socket":	5,
					"start":	1.000051,
					"end":	2.000051,
					"seconds":	1,
					"bytes":	948608896,
					"bits_per_second":	7588871168,
					"packets":	780107,
					"omitted":	true,
					"sender":	true
				}],
			"sum":	{
				"start":	1.000051,
				"end":	2.000051,
				"seconds":	1,
				"bytes":	948608896,
				"bits_per_second":	7588871168,
				"packets":	780107,
				"omitted":	true,
				"sender":	true
			}
		}, {
			"streams":	[{
					"socket":	5,
					"start":	6e-06,
					"end":	0.999996,
					"seconds":	1.0000020265579224,
					"bytes":	948424064,
					"bits_per_second":	7587377135.740756,
					"packets":	779958,
					"omitted":	false,
					"sender":	true
				}],
			"sum":	{
				"start":	6e-06,
				"end":	0.999996,
				"seconds":	1.0000020265579224,
				"bytes":	948424064,
				"bits_per_second":	7587377135.740756,
				"packets":	779958,
				"omitted":	false,
				"sender":	true
			}
		}, {
			"streams":	[{
					"socket":	5,
					"start":	0.999996,
					"end":	1.999995,
					"seconds":	0.99999898672103882,
					"bytes":	948518912,
					"bits_per_second":	7588158984.9218531,
					"packets":	780035,
					"omitted":	false,
					"sender":	true
				}],
			"sum":	{
				"start":	0.999996,
				"end":	1.999995,
				"seconds":	0.99999898672103882,
				"bytes":	948518912,
				"bits_per_second":	7588158984.9218531,
				"packets":	780035,
				"omitted":	false,
				"sender":	true
			}
		}, {
			"streams":	[{
					"socket":	5,
					"start":	1.999995,
					"end":	2.999996,
					"seconds":	1.0000009536743164,
					"bytes":	948511616,
					"bits_per_second":	7588085691.4375658,
					"packets":	780026,
					"omitted":	false,
					"sender":	true
				}],
			"sum":	{
				"start":	1.999995,
				"end":	2.999996,
				"seconds":	1.0000009536743164,
				"bytes":	948511616,
				"bits_per_second":	7588085691.4375658,
				"packets":	780026,
				"omitted":	false,
				"sender":	true
			}
		}, {
			"streams":	[{
					"socket":	5,
					"start":	2.999996,
					"end":	3.999995,
					"seconds":	0.99999898672103882,
					"bytes":	948521344,
					"bits_per_second":	7588178440.9415684,
					"packets":	780034,
					"omitted":	false,
					"sender":	true
				}],
			"sum":	{
				"start":	2.999996,
				"end":	3.999995,
				"seconds":	0.99999898672103882,
				"bytes":	948521344,
				"bits_per_second":	7588178440.9415684,
				"packets":	780034,
				"omitted":	false,
				"sender":	true
			}
		}, {
			"streams":	[{
					"socket":	5,
					"start":	3.999995,
					"end":	5.000075,
					"seconds":	1.0000799894332886,
					"bytes":	948516480,
					"bits_per_second":	7587524918.1817322,
					"packets":	780031,
					"omitted":	false,
					"sender":	true
				}],
			"sum":	{
				"start":	3.999995,
				"end":	5.000075,
				"seconds":	1.0000799894332886,
				"bytes":	948516480,
				"bits_per_second":	7587524918.1817322,
				"packets":	780031,
				"omitted":	false,
				"sender":	true
			}
		}],
	"end":	{
		"streams":	[{
				"udp":	{
					"socket":	5,
					"start":	0,
					"end":	5.000075,
					"seconds":	5.000075,
					"bytes":	4742498496,
					"bits_per_second":	7587883775.34337,
					"jitter_ms":	0.00076112615898375042,
					"lost_packets":	0,
					"packets":	3900081,
					"lost_percent":	0,
					"out_of_order":	0,
					"sender":	true
				}
			}],
		"sum":	{
			"start":	0,
			"end":	5.000143,
			"seconds":	5.000143,
			"bytes":	4742498496,
			"bits_per_second":	7587883775.34337,
			"jitter_ms":	0.00076112615898375042,
			"lost_packets":	0,
			"packets":	3900081,
			"lost_percent":	0,
			"sender":	true
		},
		"sum_sent":	{
			"start":	0,
			"end":	5.000075,
			"seconds":	5.000075,
			"bytes":	4742498496,
			"bits_per_second":	7587883775.34337,
			"jitter_ms":	0,
			"lost_packets":	0,
			"packets":	3900081,
			"lost_percent":	0,
			"sender":	true
		},
		"sum_received":	{
			"start":	0,
			"end":	5.000143,
			"seconds":	5.000143,
			"bytes":	4742688192,
			"bits_per_second":	7588084087.9950838,
			"jitter_ms":	0.00076112615898375042,
			"lost_packets":	0,
			"packets":	3900237,
			"lost_percent":	0,
			"sender":	false
		},
		"cpu_utilization_percent":	{
			"host_total":	101.249525212417,
			"host_user":	25.512309908193686,
			"host_system":	75.7372010195273,
			"remote_total":	101.376908434432,
			"remote_user":	15.097936837293352,
			"remote_system":	86.2789573117815
		}
	}
}
