{
	"start":	{
		"connected":	[{
				"socket":	5,
				"local_host":	"192.168.1.100",
				"local_port":	35714,
				"remote_host":	"192.168.1.110",
				"remote_port":	5201
			}],
		"version":	"iperf 3.16",
		"system_info":	"Linux design-lab 6.14.0-37-generic #37~24.04.1-Ubuntu SMP PREEMPT_DYNAMIC Thu Nov 20 10:25:38 UTC 2 x86_64",
		"timestamp":	{
			"time":	"Fri, 26 Jun 2026 02:16:59 GMT",
			"timesecs":	1782440219
		},
		"connecting_to":	{
			"host":	"192.168.1.110",
			"port":	5201
		},
		"cookie":	"lmju5vvconzdflanabb5n4h5attlxy2ssoyc",
		"target_bitrate":	6826666667,
		"fq_rate":	0,
		"sock_bufsize":	0,
		"sndbuf_actual":	67108864,
		"rcvbuf_actual":	67108864,
		"test_start":	{
			"protocol":	"UDP",
			"num_streams":	1,
			"blksize":	384,
			"omit":	2,
			"duration":	5,
			"bytes":	0,
			"blocks":	0,
			"reverse":	0,
			"tos":	0,
			"target_bitrate":	6826666667,
			"bidir":	0,
			"fqrate":	0
		}
	},
	"intervals":	[{
			"streams":	[{
					"socket":	5,
					"start":	0,
					"end":	1.000052,
					"seconds":	1.0000519752502441,
					"bytes":	805570944,
					"bits_per_second":	6444232611.39739,
					"packets":	2097842,
					"omitted":	true,
					"sender":	true
				}],
			"sum":	{
				"start":	0,
				"end":	1.000052,
				"seconds":	1.0000519752502441,
				"bytes":	805570944,
				"bits_per_second":	6444232611.39739,
				"packets":	2097842,
				"omitted":	true,
				"sender":	true
			}
		}, {
			"streams":	[{
					"socket":	5,
					"start":	1.000001,
					"end":	1.000052,
					"seconds":	2.00005292892456,
					"bytes":	798561792,
					"bits_per_second":	3194162636.2033973,
					"packets":	4160751,
					"omitted":	false,
					"sender":	true
				}],
			"sum":	{
				"start":	1.000001,
				"end":	1.000052,
				"seconds":	2.00005292892456,
				"bytes":	798561792,
				"bits_per_second":	3194162636.2033973,
				"packets":	4160751,
				"omitted":	false,
				"sender":	true
			}
		}, {
			"streams":	[{
					"socket":	5,
					"start":	1.000052,
					"end":	2,
					"seconds":	0.999948024749756,
					"bytes":	799349760,
					"bits_per_second":	6395130468.5064449,
					"packets":	2081642,
					"omitted":	false,
					"sender":	true
				}],
			"sum":	{
				"start":	1.000052,
				"end":	2,
				"seconds":	0.999948024749756,
				"bytes":	799349760,
				"bits_per_second":	6395130468.5064449,
				"packets":	2081642,
				"omitted":	false,
				"sender":	true
			}
		}, {
			"streams":	[{
					"socket":	5,
					"start":	2,
					"end":	3,
					"seconds":	1,
					"bytes":	797872896,
					"bits_per_second":	6382983168,
					"packets":	2077808,
					"omitted":	false,
					"sender":	true
				}],
			"sum":	{
				"start":	2,
				"end":	3,
				"seconds":	1,
				"bytes":	797872896,
				"bits_per_second":	6382983168,
				"packets":	2077808,
				"omitted":	false,
				"sender":	true
			}
		}, {
			"streams":	[{
					"socket":	5,
					"start":	3,
					"end":	4.000052,
					"seconds":	1.0000519752502441,
					"bytes":	795561984,
					"bits_per_second":	6364165092.9267,
					"packets":	2071779,
					"omitted":	false,
					"sender":	true
				}],
			"sum":	{
				"start":	3,
				"end":	4.000052,
				"seconds":	1.0000519752502441,
				"bytes":	795561984,
				"bits_per_second":	6364165092.9267,
				"packets":	2071779,
				"omitted":	false,
				"sender":	true
			}
		}, {
			"streams":	[{
					"socket":	5,
					"start":	4.000052,
					"end":	5.000117,
					"seconds":	1.0000649690628052,
					"bytes":	798130560,
					"bits_per_second":	6384629676.5935535,
					"packets":	2078466,
					"omitted":	false,
					"sender":	true
				}],
			"sum":	{
				"start":	4.000052,
				"end":	5.000117,
				"seconds":	1.0000649690628052,
				"bytes":	798130560,
				"bits_per_second":	6384629676.5935535,
				"packets":	2078466,
				"omitted":	false,
				"sender":	true
			}
		}],
	"end":	{
		"streams":	[{
				"udp":	{
					"socket":	5,
					"start":	0,
					"end":	5.000117,
					"seconds":	5.000117,
					"bytes":	3989485056,
					"bits_per_second":	6383026726.7745934,
					"jitter_ms":	0.000794228460220522,
					"lost_packets":	3184704,
					"packets":	10389283,
					"lost_percent":	30.653741937725634,
					"out_of_order":	0,
					"sender":	true
				}
			}],
		"sum":	{
			"start":	0,
			"end":	5.000253,
			"seconds":	5.000253,
			"bytes":	3989485056,
			"bits_per_second":	6383026726.7745934,
			"jitter_ms":	0.000794228460220522,
			"lost_packets":	3184704,
			"packets":	10389283,
			"lost_percent":	30.653741937725634,
			"sender":	true
		},
		"sum_sent":	{
			"start":	0,
			"end":	5.000117,
			"seconds":	5.000117,
			"bytes":	3989485056,
			"bits_per_second":	6383026726.7745934,
			"jitter_ms":	0,
			"lost_packets":	0,
			"packets":	10389283,
			"lost_percent":	0,
			"sender":	true
		},
		"sum_received":	{
			"start":	0,
			"end":	5.000253,
			"seconds":	5.000253,
			"bytes":	2766754944,
			"bits_per_second":	4426583925.2533827,
			"jitter_ms":	0.000794228460220522,
			"lost_packets":	3184704,
			"packets":	10389795,
			"lost_percent":	30.653741937725634,
			"sender":	false
		},
		"cpu_utilization_percent":	{
			"host_total":	101.21809103456314,
			"host_user":	15.791329200844173,
			"host_system":	85.426747548947475,
			"remote_total":	177.11189625643956,
			"remote_user":	25.137191313295322,
			"remote_system":	151.97470494314427
		}
	}
}
