{
	"start":	{
		"connected":	[{
				"socket":	5,
				"local_host":	"192.168.1.100",
				"local_port":	49694,
				"remote_host":	"192.168.1.110",
				"remote_port":	5201
			}],
		"version":	"iperf 3.16",
		"system_info":	"Linux design-lab 6.14.0-37-generic #37~24.04.1-Ubuntu SMP PREEMPT_DYNAMIC Thu Nov 20 10:25:38 UTC 2 x86_64",
		"timestamp":	{
			"time":	"Fri, 26 Jun 2026 02:21:45 GMT",
			"timesecs":	1782440505
		},
		"connecting_to":	{
			"host":	"192.168.1.110",
			"port":	5201
		},
		"cookie":	"nwcs7fzvcvjvuzgpoira5vwjn3b3h3hwekbs",
		"target_bitrate":	7656697009,
		"fq_rate":	0,
		"sock_bufsize":	0,
		"sndbuf_actual":	67108864,
		"rcvbuf_actual":	67108864,
		"test_start":	{
			"protocol":	"UDP",
			"num_streams":	1,
			"blksize":	1472,
			"omit":	2,
			"duration":	5,
			"bytes":	0,
			"blocks":	0,
			"reverse":	0,
			"tos":	0,
			"target_bitrate":	7656697009,
			"bidir":	0,
			"fqrate":	0
		}
	},
	"intervals":	[{
			"streams":	[{
					"socket":	5,
					"start":	0,
					"end":	1.000052,
					"seconds":	1.0000519752502441,
					"bytes":	957078208,
					"bits_per_second":	7656227729.6478252,
					"packets":	650189,
					"omitted":	true,
					"sender":	true
				}],
			"sum":	{
				"start":	0,
				"end":	1.000052,
				"seconds":	1.0000519752502441,
				"bytes":	957078208,
				"bits_per_second":	7656227729.6478252,
				"packets":	650189,
				"omitted":	true,
				"sender":	true
			}
		}, {
			"streams":	[{
					"socket":	5,
					"start":	1.000001,
					"end":	1.000005,
					"seconds":	2.0000059604644775,
					"bytes":	957088512,
					"bits_per_second":	3828342638.649847,
					"packets":	1300392,
					"omitted":	false,
					"sender":	true
				}],
			"sum":	{
				"start":	1.000001,
				"end":	1.000005,
				"seconds":	2.0000059604644775,
				"bytes":	957088512,
				"bits_per_second":	3828342638.649847,
				"packets":	1300392,
				"omitted":	false,
				"sender":	true
			}
		}, {
			"streams":	[{
					"socket":	5,
					"start":	1.000005,
					"end":	2.000001,
					"seconds":	0.9999960064888,
					"bytes":	957087040,
					"bits_per_second":	7656726897.22462,
					"packets":	650196,
					"omitted":	false,
					"sender":	true
				}],
			"sum":	{
				"start":	1.000005,
				"end":	2.000001,
				"seconds":	0.9999960064888,
				"bytes":	957087040,
				"bits_per_second":	7656726897.22462,
				"packets":	650196,
				"omitted":	false,
				"sender":	true
			}
		}, {
			"streams":	[{
					"socket":	5,
					"start":	2.000001,
					"end":	3,
					"seconds":	0.99999898672103882,
					"bytes":	957078208,
					"bits_per_second":	7656633422.30556,
					"packets":	650193,
					"omitted":	false,
					"sender":	true
				}],
			"sum":	{
				"start":	2.000001,
				"end":	3,
				"seconds":	0.99999898672103882,
				"bytes":	957078208,
				"bits_per_second":	7656633422.30556,
				"packets":	650193,
				"omitted":	false,
				"sender":	true
			}
		}, {
			"streams":	[{
					"socket":	5,
					"start":	3,
					"end":	4,
					"seconds":	1,
					"bytes":	957087040,
					"bits_per_second":	7656696320,
					"packets":	650195,
					"omitted":	false,
					"sender":	true
				}],
			"sum":	{
				"start":	3,
				"end":	4,
				"seconds":	1,
				"bytes":	957087040,
				"bits_per_second":	7656696320,
				"packets":	650195,
				"omitted":	false,
				"sender":	true
			}
		}, {
			"streams":	[{
					"socket":	5,
					"start":	4,
					"end":	5.000094,
					"seconds":	1.0000940561294556,
					"bytes":	957084096,
					"bits_per_second":	7655952678.7237444,
					"packets":	650192,
					"omitted":	false,
					"sender":	true
				}],
			"sum":	{
				"start":	4,
				"end":	5.000094,
				"seconds":	1.0000940561294556,
				"bytes":	957084096,
				"bits_per_second":	7655952678.7237444,
				"packets":	650192,
				"omitted":	false,
				"sender":	true
			}
		}],
	"end":	{
		"streams":	[{
				"udp":	{
					"socket":	5,
					"start":	0,
					"end":	5.000094,
					"seconds":	5.000094,
					"bytes":	4785432256,
					"bits_per_second":	7656547666.50387,
					"jitter_ms":	0.0009147094973641582,
					"lost_packets":	0,
					"packets":	3250973,
					"lost_percent":	0,
					"out_of_order":	0,
					"sender":	true
				}
			}],
		"sum":	{
			"start":	0,
			"end":	5.000176,
			"seconds":	5.000176,
			"bytes":	4785432256,
			"bits_per_second":	7656547666.50387,
			"jitter_ms":	0.0009147094973641582,
			"lost_packets":	0,
			"packets":	3250973,
			"lost_percent":	0,
			"sender":	true
		},
		"sum_sent":	{
			"start":	0,
			"end":	5.000094,
			"seconds":	5.000094,
			"bytes":	4785432256,
			"bits_per_second":	7656547666.50387,
			"jitter_ms":	0,
			"lost_packets":	0,
			"packets":	3250973,
			"lost_percent":	0,
			"sender":	true
		},
		"sum_received":	{
			"start":	0,
			"end":	5.000176,
			"seconds":	5.000176,
			"bytes":	4785495552,
			"bits_per_second":	7656523373.57725,
			"jitter_ms":	0.0009147094973641582,
			"lost_packets":	0,
			"packets":	3251016,
			"lost_percent":	0,
			"sender":	false
		},
		"cpu_utilization_percent":	{
			"host_total":	101.36087966639964,
			"host_user":	23.5710963489319,
			"host_system":	77.789783317467737,
			"remote_total":	86.122152837041838,
			"remote_user":	11.835695308743418,
			"remote_system":	74.286443243020855
		}
	}
}
