{
	"start":	{
		"connected":	[{
				"socket":	5,
				"local_host":	"192.168.1.110",
				"local_port":	5201,
				"remote_host":	"192.168.1.100",
				"remote_port":	36466
			}],
		"version":	"iperf 3.16",
		"system_info":	"Linux design-lab 6.14.0-37-generic #37~24.04.1-Ubuntu SMP PREEMPT_DYNAMIC Thu Nov 20 10:25:38 UTC 2 x86_64",
		"target_bitrate":	7366906475,
		"timestamp":	{
			"time":	"Fri, 26 Jun 2026 02:18:40 GMT",
			"timesecs":	1782440320
		},
		"accepted_connection":	{
			"host":	"192.168.1.100",
			"port":	38436
		},
		"cookie":	"v5aaha4mxoajraqor3yaqta775bgwjlp5cbw",
		"target_bitrate":	7366906475,
		"fq_rate":	0,
		"sock_bufsize":	0,
		"sndbuf_actual":	67108864,
		"rcvbuf_actual":	67108864,
		"test_start":	{
			"protocol":	"UDP",
			"num_streams":	1,
			"blksize":	768,
			"omit":	2,
			"duration":	5,
			"bytes":	0,
			"blocks":	0,
			"reverse":	0,
			"tos":	0,
			"target_bitrate":	7366906475,
			"bidir":	0,
			"fqrate":	0
		}
	},
	"intervals":	[{
			"streams":	[{
					"socket":	5,
					"start":	0,
					"end":	1.000001,
					"seconds":	1.0000009536743164,
					"bytes":	920712192,
					"bits_per_second":	7365690511.5301361,
					"jitter_ms":	0.0015562910398589083,
					"lost_packets":	0,
					"packets":	1198844,
					"lost_percent":	0,
					"omitted":	true,
					"sender":	false
				}],
			"sum":	{
				"start":	0,
				"end":	1.000001,
				"seconds":	1.0000009536743164,
				"bytes":	920712192,
				"bits_per_second":	7365690511.5301361,
				"jitter_ms":	0.0015562910398589083,
				"lost_packets":	0,
				"packets":	1198844,
				"lost_percent":	0,
				"omitted":	true,
				"sender":	false
			}
		}, {
			"streams":	[{
					"socket":	5,
					"start":	1.000001,
					"end":	2.000001,
					"seconds":	1,
					"bytes":	920829696,
					"bits_per_second":	7366637568,
					"jitter_ms":	0.000609604896363276,
					"lost_packets":	0,
					"packets":	1198997,
					"lost_percent":	0,
					"omitted":	true,
					"sender":	false
				}],
			"sum":	{
				"start":	1.000001,
				"end":	2.000001,
				"seconds":	1,
				"bytes":	920829696,
				"bits_per_second":	7366637568,
				"jitter_ms":	0.000609604896363276,
				"lost_packets":	0,
				"packets":	1198997,
				"lost_percent":	0,
				"omitted":	true,
				"sender":	false
			}
		}, {
			"streams":	[{
					"socket":	5,
					"start":	4e-06,
					"end":	1,
					"seconds":	1.0000040531158447,
					"bytes":	920865024,
					"bits_per_second":	7366890333.1400642,
					"jitter_ms":	0.00056663871574295075,
					"lost_packets":	0,
					"packets":	1199051,
					"lost_percent":	0,
					"omitted":	false,
					"sender":	false
				}],
			"sum":	{
				"start":	4e-06,
				"end":	1,
				"seconds":	1.0000040531158447,
				"bytes":	920865024,
				"bits_per_second":	7366890333.1400642,
				"jitter_ms":	0.00056663871574295075,
				"lost_packets":	0,
				"packets":	1199051,
				"lost_percent":	0,
				"omitted":	false,
				"sender":	false
			}
		}, {
			"streams":	[{
					"socket":	5,
					"start":	1,
					"end":	2,
					"seconds":	1,
					"bytes":	920857344,
					"bits_per_second":	7366858752,
					"jitter_ms":	0.00087184615690363051,
					"lost_packets":	0,
					"packets":	1199033,
					"lost_percent":	0,
					"omitted":	false,
					"sender":	false
				}],
			"sum":	{
				"start":	1,
				"end":	2,
				"seconds":	1,
				"bytes":	920857344,
				"bits_per_second":	7366858752,
				"jitter_ms":	0.00087184615690363051,
				"lost_packets":	0,
				"packets":	1199033,
				"lost_percent":	0,
				"omitted":	false,
				"sender":	false
			}
		}, {
			"streams":	[{
					"socket":	5,
					"start":	2,
					"end":	3,
					"seconds":	1,
					"bytes":	920851200,
					"bits_per_second":	7366809600,
					"jitter_ms":	0.00087545897351168247,
					"lost_packets":	0,
					"packets":	1199027,
					"lost_percent":	0,
					"omitted":	false,
					"sender":	false
				}],
			"sum":	{
				"start":	2,
				"end":	3,
				"seconds":	1,
				"bytes":	920851200,
				"bits_per_second":	7366809600,
				"jitter_ms":	0.00087545897351168247,
				"lost_packets":	0,
				"packets":	1199027,
				"lost_percent":	0,
				"omitted":	false,
				"sender":	false
			}
		}, {
			"streams":	[{
					"socket":	5,
					"start":	3,
					"end":	4,
					"seconds":	1,
					"bytes":	920875776,
					"bits_per_second":	7367006208,
					"jitter_ms":	0.00086262723249516671,
					"lost_packets":	0,
					"packets":	1199057,
					"lost_percent":	0,
					"omitted":	false,
					"sender":	false
				}],
			"sum":	{
				"start":	3,
				"end":	4,
				"seconds":	1,
				"bytes":	920875776,
				"bits_per_second":	7367006208,
				"jitter_ms":	0.00086262723249516671,
				"lost_packets":	0,
				"packets":	1199057,
				"lost_percent":	0,
				"omitted":	false,
				"sender":	false
			}
		}, {
			"streams":	[{
					"socket":	5,
					"start":	4,
					"end":	5,
					"seconds":	1,
					"bytes":	920855808,
					"bits_per_second":	7366846464,
					"jitter_ms":	0.00070640319236753464,
					"lost_packets":	0,
					"packets":	1199031,
					"lost_percent":	0,
					"omitted":	false,
					"sender":	false
				}],
			"sum":	{
				"start":	4,
				"end":	5,
				"seconds":	1,
				"bytes":	920855808,
				"bits_per_second":	7366846464,
				"jitter_ms":	0.00070640319236753464,
				"lost_packets":	0,
				"packets":	1199031,
				"lost_percent":	0,
				"omitted":	false,
				"sender":	false
			}
		}, {
			"streams":	[{
					"socket":	5,
					"start":	5,
					"end":	5.000177,
					"seconds":	0.00017699999443721026,
					"bytes":	162048,
					"bits_per_second":	7324203620.0169764,
					"jitter_ms":	0.000550864542950973,
					"lost_packets":	0,
					"packets":	211,
					"lost_percent":	0,
					"omitted":	false,
					"sender":	false
				}],
			"sum":	{
				"start":	5,
				"end":	5.000177,
				"seconds":	0.00017699999443721026,
				"bytes":	162048,
				"bits_per_second":	7324203620.0169764,
				"jitter_ms":	0.000550864542950973,
				"lost_packets":	0,
				"packets":	211,
				"lost_percent":	0,
				"omitted":	false,
				"sender":	false
			}
		}],
	"end":	{
		"streams":	[{
				"udp":	{
					"socket":	5,
					"start":	0,
					"end":	5.000177,
					"seconds":	5.000177,
					"bytes":	0,
					"bits_per_second":	0,
					"jitter_ms":	0.000550864542950973,
					"lost_packets":	0,
					"packets":	5995402,
					"lost_percent":	0,
					"out_of_order":	0,
					"sender":	false
				}
			}],
		"sum":	{
			"start":	0,
			"end":	5.000177,
			"seconds":	5.000177,
			"bytes":	0,
			"bits_per_second":	0,
			"jitter_ms":	0.000550864542950973,
			"lost_packets":	0,
			"packets":	5995402,
			"lost_percent":	0,
			"sender":	false
		},
		"sum_sent":	{
			"start":	0,
			"end":	5.000177,
			"seconds":	5.000177,
			"bytes":	0,
			"bits_per_second":	0,
			"jitter_ms":	0,
			"lost_packets":	0,
			"packets":	0,
			"lost_percent":	0,
			"sender":	true
		},
		"sum_received":	{
			"start":	0,
			"end":	5.000177,
			"seconds":	5.000177,
			"bytes":	4604468736,
			"bits_per_second":	7366889189.7226839,
			"jitter_ms":	0.000550864542950973,
			"lost_packets":	0,
			"packets":	5995402,
			"lost_percent":	0,
			"sender":	false
		},
		"cpu_utilization_percent":	{
			"host_total":	199.419887257362,
			"host_user":	26.67527214614573,
			"host_system":	172.74461511121626,
			"remote_total":	0,
			"remote_user":	0,
			"remote_system":	0
		}
	}
}
