{
	"start":	{
		"connected":	[{
				"socket":	5,
				"local_host":	"192.168.1.100",
				"local_port":	36996,
				"remote_host":	"192.168.1.110",
				"remote_port":	5201
			}],
		"version":	"iperf 3.16",
		"system_info":	"Linux design-lab 6.14.0-37-generic #37~24.04.1-Ubuntu SMP PREEMPT_DYNAMIC Thu Nov 20 10:25:38 UTC 2 x86_64",
		"timestamp":	{
			"time":	"Fri, 26 Jun 2026 02:21:28 GMT",
			"timesecs":	1782440488
		},
		"connecting_to":	{
			"host":	"192.168.1.110",
			"port":	5201
		},
		"cookie":	"ex7bltjppbejjnuq6fsl25tkmdoibsfmtuxj",
		"target_bitrate":	7641791045,
		"fq_rate":	0,
		"sock_bufsize":	0,
		"sndbuf_actual":	67108864,
		"rcvbuf_actual":	67108864,
		"test_start":	{
			"protocol":	"UDP",
			"num_streams":	1,
			"blksize":	1408,
			"omit":	2,
			"duration":	5,
			"bytes":	0,
			"blocks":	0,
			"reverse":	0,
			"tos":	0,
			"target_bitrate":	7641791045,
			"bidir":	0,
			"fqrate":	0
		}
	},
	"intervals":	[{
			"streams":	[{
					"socket":	5,
					"start":	0,
					"end":	1.000052,
					"seconds":	1.0000519752502441,
					"bytes":	955222400,
					"bits_per_second":	7641382037.256403,
					"packets":	678425,
					"omitted":	true,
					"sender":	true
				}],
			"sum":	{
				"start":	0,
				"end":	1.000052,
				"seconds":	1.0000519752502441,
				"bytes":	955222400,
				"bits_per_second":	7641382037.256403,
				"packets":	678425,
				"omitted":	true,
				"sender":	true
			}
		}, {
			"streams":	[{
					"socket":	5,
					"start":	1,
					"end":	1.000001,
					"seconds":	2.0000009536743164,
					"bytes":	955225216,
					"bits_per_second":	3820899042.053359,
					"packets":	1356852,
					"omitted":	false,
					"sender":	true
				}],
			"sum":	{
				"start":	1,
				"end":	1.000001,
				"seconds":	2.0000009536743164,
				"bytes":	955225216,
				"bits_per_second":	3820899042.053359,
				"packets":	1356852,
				"omitted":	false,
				"sender":	true
			}
		}, {
			"streams":	[{
					"socket":	5,
					"start":	1.000001,
					"end":	2.000001,
					"seconds":	1,
					"bytes":	955226624,
					"bits_per_second":	7641812992,
					"packets":	678429,
					"omitted":	false,
					"sender":	true
				}],
			"sum":	{
				"start":	1.000001,
				"end":	2.000001,
				"seconds":	1,
				"bytes":	955226624,
				"bits_per_second":	7641812992,
				"packets":	678429,
				"omitted":	false,
				"sender":	true
			}
		}, {
			"streams":	[{
					"socket":	5,
					"start":	2.000001,
					"end":	3.000001,
					"seconds":	1,
					"bytes":	955222400,
					"bits_per_second":	7641779200,
					"packets":	678428,
					"omitted":	false,
					"sender":	true
				}],
			"sum":	{
				"start":	2.000001,
				"end":	3.000001,
				"seconds":	1,
				"bytes":	955222400,
				"bits_per_second":	7641779200,
				"packets":	678428,
				"omitted":	false,
				"sender":	true
			}
		}, {
			"streams":	[{
					"socket":	5,
					"start":	3.000001,
					"end":	4,
					"seconds":	0.99999898672103882,
					"bytes":	955215360,
					"bits_per_second":	7641730623.2048674,
					"packets":	678420,
					"omitted":	false,
					"sender":	true
				}],
			"sum":	{
				"start":	3.000001,
				"end":	4,
				"seconds":	0.99999898672103882,
				"bytes":	955215360,
				"bits_per_second":	7641730623.2048674,
				"packets":	678420,
				"omitted":	false,
				"sender":	true
			}
		}, {
			"streams":	[{
					"socket":	5,
					"start":	4,
					"end":	5.000082,
					"seconds":	1.0000820159912109,
					"bytes":	955226624,
					"bits_per_second":	7641186292.53219,
					"packets":	678427,
					"omitted":	false,
					"sender":	true
				}],
			"sum":	{
				"start":	4,
				"end":	5.000082,
				"seconds":	1.0000820159912109,
				"bytes":	955226624,
				"bits_per_second":	7641186292.53219,
				"packets":	678427,
				"omitted":	false,
				"sender":	true
			}
		}],
	"end":	{
		"streams":	[{
				"udp":	{
					"socket":	5,
					"start":	0,
					"end":	5.000082,
					"seconds":	5.000082,
					"bytes":	4776121856,
					"bits_per_second":	7641669646.217802,
					"jitter_ms":	0.001026940724867051,
					"lost_packets":	0,
					"packets":	3392132,
					"lost_percent":	0,
					"out_of_order":	0,
					"sender":	true
				}
			}],
		"sum":	{
			"start":	0,
			"end":	5.000188,
			"seconds":	5.000188,
			"bytes":	4776121856,
			"bits_per_second":	7641669646.217802,
			"jitter_ms":	0.001026940724867051,
			"lost_packets":	0,
			"packets":	3392132,
			"lost_percent":	0,
			"sender":	true
		},
		"sum_sent":	{
			"start":	0,
			"end":	5.000082,
			"seconds":	5.000082,
			"bytes":	4776121856,
			"bits_per_second":	7641669646.217802,
			"jitter_ms":	0,
			"lost_packets":	0,
			"packets":	3392132,
			"lost_percent":	0,
			"sender":	true
		},
		"sum_received":	{
			"start":	0,
			"end":	5.000188,
			"seconds":	5.000188,
			"bytes":	4776262656,
			"bits_per_second":	7641732920.4421921,
			"jitter_ms":	0.001026940724867051,
			"lost_packets":	0,
			"packets":	3392232,
			"lost_percent":	0,
			"sender":	false
		},
		"cpu_utilization_percent":	{
			"host_total":	101.22685522462682,
			"host_user":	15.139090064995358,
			"host_system":	86.087765159631459,
			"remote_total":	88.356515743034464,
			"remote_user":	12.748837284383161,
			"remote_system":	75.607692743943147
		}
	}
}
