{
	"start":	{
		"connected":	[{
				"socket":	5,
				"local_host":	"192.168.1.110",
				"local_port":	5201,
				"remote_host":	"192.168.1.100",
				"remote_port":	36996
			}],
		"version":	"iperf 3.16",
		"system_info":	"Linux design-lab 6.14.0-37-generic #37~24.04.1-Ubuntu SMP PREEMPT_DYNAMIC Thu Nov 20 10:25:38 UTC 2 x86_64",
		"target_bitrate":	7641791045,
		"timestamp":	{
			"time":	"Fri, 26 Jun 2026 02:21:28 GMT",
			"timesecs":	1782440488
		},
		"accepted_connection":	{
			"host":	"192.168.1.100",
			"port":	53026
		},
		"cookie":	"ex7bltjppbejjnuq6fsl25tkmdoibsfmtuxj",
		"target_bitrate":	7641791045,
		"fq_rate":	0,
		"sock_bufsize":	0,
		"sndbuf_actual":	67108864,
		"rcvbuf_actual":	67108864,
		"test_start":	{
			"protocol":	"UDP",
			"num_streams":	1,
			"blksize":	1408,
			"omit":	2,
			"duration":	5,
			"bytes":	0,
			"blocks":	0,
			"reverse":	0,
			"tos":	0,
			"target_bitrate":	7641791045,
			"bidir":	0,
			"fqrate":	0
		}
	},
	"intervals":	[{
			"streams":	[{
					"socket":	5,
					"start":	0,
					"end":	1.000018,
					"seconds":	1.0000180006027222,
					"bytes":	955085824,
					"bits_per_second":	7640549057.5118361,
					"jitter_ms":	0.0043030827981954253,
					"lost_packets":	0,
					"packets":	678328,
					"lost_percent":	0,
					"omitted":	true,
					"sender":	false
				}],
			"sum":	{
				"start":	0,
				"end":	1.000018,
				"seconds":	1.0000180006027222,
				"bytes":	955085824,
				"bits_per_second":	7640549057.5118361,
				"jitter_ms":	0.0043030827981954253,
				"lost_packets":	0,
				"packets":	678328,
				"lost_percent":	0,
				"omitted":	true,
				"sender":	false
			}
		}, {
			"streams":	[{
					"socket":	5,
					"start":	0.999996,
					"end":	1,
					"seconds":	1.9999959468841553,
					"bytes":	955271680,
					"bits_per_second":	3821094463.6692576,
					"jitter_ms":	0.0036557538175401431,
					"lost_packets":	0,
					"packets":	1356881,
					"lost_percent":	0,
					"omitted":	false,
					"sender":	false
				}],
			"sum":	{
				"start":	0.999996,
				"end":	1,
				"seconds":	1.9999959468841553,
				"bytes":	955271680,
				"bits_per_second":	3821094463.6692576,
				"jitter_ms":	0.0036557538175401431,
				"lost_packets":	0,
				"packets":	1356881,
				"lost_percent":	0,
				"omitted":	false,
				"sender":	false
			}
		}, {
			"streams":	[{
					"socket":	5,
					"start":	1,
					"end":	2,
					"seconds":	1,
					"bytes":	955209728,
					"bits_per_second":	7641677824,
					"jitter_ms":	0.00031670832617013817,
					"lost_packets":	0,
					"packets":	678417,
					"lost_percent":	0,
					"omitted":	false,
					"sender":	false
				}],
			"sum":	{
				"start":	1,
				"end":	2,
				"seconds":	1,
				"bytes":	955209728,
				"bits_per_second":	7641677824,
				"jitter_ms":	0.00031670832617013817,
				"lost_packets":	0,
				"packets":	678417,
				"lost_percent":	0,
				"omitted":	false,
				"sender":	false
			}
		}, {
			"streams":	[{
					"socket":	5,
					"start":	2,
					"end":	3.000008,
					"seconds":	1.0000079870224,
					"bytes":	955211136,
					"bits_per_second":	7641628054.14556,
					"jitter_ms":	0.0034165435550014755,
					"lost_packets":	0,
					"packets":	678418,
					"lost_percent":	0,
					"omitted":	false,
					"sender":	false
				}],
			"sum":	{
				"start":	2,
				"end":	3.000008,
				"seconds":	1.0000079870224,
				"bytes":	955211136,
				"bits_per_second":	7641628054.14556,
				"jitter_ms":	0.0034165435550014755,
				"lost_packets":	0,
				"packets":	678418,
				"lost_percent":	0,
				"omitted":	false,
				"sender":	false
			}
		}, {
			"streams":	[{
					"socket":	5,
					"start":	3.000008,
					"end":	4.00004,
					"seconds":	1.0000319480895996,
					"bytes":	955242112,
					"bits_per_second":	7641692758.5150585,
					"jitter_ms":	0.000679048147186982,
					"lost_packets":	0,
					"packets":	678442,
					"lost_percent":	0,
					"omitted":	false,
					"sender":	false
				}],
			"sum":	{
				"start":	3.000008,
				"end":	4.00004,
				"seconds":	1.0000319480895996,
				"bytes":	955242112,
				"bits_per_second":	7641692758.5150585,
				"jitter_ms":	0.000679048147186982,
				"lost_packets":	0,
				"packets":	678442,
				"lost_percent":	0,
				"omitted":	false,
				"sender":	false
			}
		}, {
			"streams":	[{
					"socket":	5,
					"start":	4.00004,
					"end":	5,
					"seconds":	0.99996000528335571,
					"bytes":	955195648,
					"bits_per_second":	7641870818.4580164,
					"jitter_ms":	0.0018816185899843173,
					"lost_packets":	0,
					"packets":	678406,
					"lost_percent":	0,
					"omitted":	false,
					"sender":	false
				}],
			"sum":	{
				"start":	4.00004,
				"end":	5,
				"seconds":	0.99996000528335571,
				"bytes":	955195648,
				"bits_per_second":	7641870818.4580164,
				"jitter_ms":	0.0018816185899843173,
				"lost_packets":	0,
				"packets":	678406,
				"lost_percent":	0,
				"omitted":	false,
				"sender":	false
			}
		}, {
			"streams":	[{
					"socket":	5,
					"start":	5,
					"end":	5.000188,
					"seconds":	0.00018800000543706119,
					"bytes":	125312,
					"bits_per_second":	5332425377.69828,
					"jitter_ms":	0.001026940724867051,
					"lost_packets":	0,
					"packets":	89,
					"lost_percent":	0,
					"omitted":	false,
					"sender":	false
				}],
			"sum":	{
				"start":	5,
				"end":	5.000188,
				"seconds":	0.00018800000543706119,
				"bytes":	125312,
				"bits_per_second":	5332425377.69828,
				"jitter_ms":	0.001026940724867051,
				"lost_packets":	0,
				"packets":	89,
				"lost_percent":	0,
				"omitted":	false,
				"sender":	false
			}
		}],
	"end":	{
		"streams":	[{
				"udp":	{
					"socket":	5,
					"start":	0,
					"end":	5.000188,
					"seconds":	5.000188,
					"bytes":	0,
					"bits_per_second":	0,
					"jitter_ms":	0.001026940724867051,
					"lost_packets":	0,
					"packets":	3392232,
					"lost_percent":	0,
					"out_of_order":	0,
					"sender":	false
				}
			}],
		"sum":	{
			"start":	0,
			"end":	5.000188,
			"seconds":	5.000188,
			"bytes":	0,
			"bits_per_second":	0,
			"jitter_ms":	0.001026940724867051,
			"lost_packets":	0,
			"packets":	3392232,
			"lost_percent":	0,
			"sender":	false
		},
		"sum_sent":	{
			"start":	0,
			"end":	5.000188,
			"seconds":	5.000188,
			"bytes":	0,
			"bits_per_second":	0,
			"jitter_ms":	0,
			"lost_packets":	0,
			"packets":	0,
			"lost_percent":	0,
			"sender":	true
		},
		"sum_received":	{
			"start":	0,
			"end":	5.000188,
			"seconds":	5.000188,
			"bytes":	4776262656,
			"bits_per_second":	7641732920.4421921,
			"jitter_ms":	0.001026940724867051,
			"lost_packets":	0,
			"packets":	3392232,
			"lost_percent":	0,
			"sender":	false
		},
		"cpu_utilization_percent":	{
			"host_total":	88.356515743034464,
			"host_user":	12.748837284383161,
			"host_system":	75.607692743943147,
			"remote_total":	0,
			"remote_user":	0,
			"remote_system":	0
		}
	}
}
