{
	"start":	{
		"connected":	[{
				"socket":	5,
				"local_host":	"192.168.1.110",
				"local_port":	5201,
				"remote_host":	"192.168.1.100",
				"remote_port":	55686
			}],
		"version":	"iperf 3.16",
		"system_info":	"Linux design-lab 6.14.0-37-generic #37~24.04.1-Ubuntu SMP PREEMPT_DYNAMIC Thu Nov 20 10:25:38 UTC 2 x86_64",
		"target_bitrate":	6632124352,
		"timestamp":	{
			"time":	"Fri, 26 Jun 2026 02:16:43 GMT",
			"timesecs":	1782440203
		},
		"accepted_connection":	{
			"host":	"192.168.1.100",
			"port":	56360
		},
		"cookie":	"awex3wmttjdv2r3iky7cnjfwtwuy74qkfows",
		"target_bitrate":	6632124352,
		"fq_rate":	0,
		"sock_bufsize":	0,
		"sndbuf_actual":	67108864,
		"rcvbuf_actual":	67108864,
		"test_start":	{
			"protocol":	"UDP",
			"num_streams":	1,
			"blksize":	320,
			"omit":	2,
			"duration":	5,
			"bytes":	0,
			"blocks":	0,
			"reverse":	0,
			"tos":	0,
			"target_bitrate":	6632124352,
			"bidir":	0,
			"fqrate":	0
		}
	},
	"intervals":	[{
			"streams":	[{
					"socket":	5,
					"start":	0,
					"end":	1.000001,
					"seconds":	1.0000009536743164,
					"bytes":	457352000,
					"bits_per_second":	3658812510.68448,
					"jitter_ms":	0.00055437422548355029,
					"lost_packets":	0,
					"packets":	1429226,
					"lost_percent":	0,
					"omitted":	true,
					"sender":	false
				}],
			"sum":	{
				"start":	0,
				"end":	1.000001,
				"seconds":	1.0000009536743164,
				"bytes":	457352000,
				"bits_per_second":	3658812510.68448,
				"jitter_ms":	0.00055437422548355029,
				"lost_packets":	0,
				"packets":	1429226,
				"lost_percent":	0,
				"omitted":	true,
				"sender":	false
			}
		}, {
			"streams":	[{
					"socket":	5,
					"start":	1.000001,
					"end":	2.000001,
					"seconds":	1,
					"bytes":	458256960,
					"bits_per_second":	3666055680,
					"jitter_ms":	0.00053611995185745239,
					"lost_packets":	0,
					"packets":	1432055,
					"lost_percent":	0,
					"omitted":	true,
					"sender":	false
				}],
			"sum":	{
				"start":	1.000001,
				"end":	2.000001,
				"seconds":	1,
				"bytes":	458256960,
				"bits_per_second":	3666055680,
				"jitter_ms":	0.00053611995185745239,
				"lost_packets":	0,
				"packets":	1432055,
				"lost_percent":	0,
				"omitted":	true,
				"sender":	false
			}
		}, {
			"streams":	[{
					"socket":	5,
					"start":	1.5e-05,
					"end":	0.999999,
					"seconds":	1.0000139474868774,
					"bytes":	458379200,
					"bits_per_second":	3666982454.8103318,
					"jitter_ms":	0.0004734511632899399,
					"lost_packets":	0,
					"packets":	1432464,
					"lost_percent":	0,
					"omitted":	false,
					"sender":	false
				}],
			"sum":	{
				"start":	1.5e-05,
				"end":	0.999999,
				"seconds":	1.0000139474868774,
				"bytes":	458379200,
				"bits_per_second":	3666982454.8103318,
				"jitter_ms":	0.0004734511632899399,
				"lost_packets":	0,
				"packets":	1432464,
				"lost_percent":	0,
				"omitted":	false,
				"sender":	false
			}
		}, {
			"streams":	[{
					"socket":	5,
					"start":	0.999999,
					"end":	1.999999,
					"seconds":	1,
					"bytes":	458555840,
					"bits_per_second":	3668446720,
					"jitter_ms":	0.00054063951714026376,
					"lost_packets":	0,
					"packets":	1432989,
					"lost_percent":	0,
					"omitted":	false,
					"sender":	false
				}],
			"sum":	{
				"start":	0.999999,
				"end":	1.999999,
				"seconds":	1,
				"bytes":	458555840,
				"bits_per_second":	3668446720,
				"jitter_ms":	0.00054063951714026376,
				"lost_packets":	0,
				"packets":	1432989,
				"lost_percent":	0,
				"omitted":	false,
				"sender":	false
			}
		}, {
			"streams":	[{
					"socket":	5,
					"start":	1.999999,
					"end":	2.999999,
					"seconds":	1,
					"bytes":	444234880,
					"bits_per_second":	3553879040,
					"jitter_ms":	0.00062354426255938034,
					"lost_packets":	0,
					"packets":	1388249,
					"lost_percent":	0,
					"omitted":	false,
					"sender":	false
				}],
			"sum":	{
				"start":	1.999999,
				"end":	2.999999,
				"seconds":	1,
				"bytes":	444234880,
				"bits_per_second":	3553879040,
				"jitter_ms":	0.00062354426255938034,
				"lost_packets":	0,
				"packets":	1388249,
				"lost_percent":	0,
				"omitted":	false,
				"sender":	false
			}
		}, {
			"streams":	[{
					"socket":	5,
					"start":	2.999999,
					"end":	3.999999,
					"seconds":	1,
					"bytes":	410323520,
					"bits_per_second":	3282588160,
					"jitter_ms":	0.00058730536490005526,
					"lost_packets":	0,
					"packets":	1282262,
					"lost_percent":	0,
					"omitted":	false,
					"sender":	false
				}],
			"sum":	{
				"start":	2.999999,
				"end":	3.999999,
				"seconds":	1,
				"bytes":	410323520,
				"bits_per_second":	3282588160,
				"jitter_ms":	0.00058730536490005526,
				"lost_packets":	0,
				"packets":	1282262,
				"lost_percent":	0,
				"omitted":	false,
				"sender":	false
			}
		}, {
			"streams":	[{
					"socket":	5,
					"start":	3.999999,
					"end":	4.999999,
					"seconds":	1,
					"bytes":	417102720,
					"bits_per_second":	3336821760,
					"jitter_ms":	0.00078240704480473625,
					"lost_packets":	0,
					"packets":	1303447,
					"lost_percent":	0,
					"omitted":	false,
					"sender":	false
				}],
			"sum":	{
				"start":	3.999999,
				"end":	4.999999,
				"seconds":	1,
				"bytes":	417102720,
				"bits_per_second":	3336821760,
				"jitter_ms":	0.00078240704480473625,
				"lost_packets":	0,
				"packets":	1303447,
				"lost_percent":	0,
				"omitted":	false,
				"sender":	false
			}
		}, {
			"streams":	[{
					"socket":	5,
					"start":	4.999999,
					"end":	5.000186,
					"seconds":	0.00018699999782256782,
					"bytes":	38720,
					"bits_per_second":	1656470607.5232749,
					"jitter_ms":	0.00091658461348348018,
					"lost_packets":	0,
					"packets":	122,
					"lost_percent":	0,
					"omitted":	false,
					"sender":	false
				}],
			"sum":	{
				"start":	4.999999,
				"end":	5.000186,
				"seconds":	0.00018699999782256782,
				"bytes":	38720,
				"bits_per_second":	1656470607.5232749,
				"jitter_ms":	0.00091658461348348018,
				"lost_packets":	0,
				"packets":	122,
				"lost_percent":	0,
				"omitted":	false,
				"sender":	false
			}
		}],
	"end":	{
		"streams":	[{
				"udp":	{
					"socket":	5,
					"start":	0,
					"end":	5.000186,
					"seconds":	5.000186,
					"bytes":	0,
					"bits_per_second":	0,
					"jitter_ms":	0.00091658461348348018,
					"lost_packets":	0,
					"packets":	6839505,
					"lost_percent":	0,
					"out_of_order":	0,
					"sender":	false
				}
			}],
		"sum":	{
			"start":	0,
			"end":	5.000186,
			"seconds":	5.000186,
			"bytes":	0,
			"bits_per_second":	0,
			"jitter_ms":	0.00091658461348348018,
			"lost_packets":	0,
			"packets":	6839505,
			"lost_percent":	0,
			"sender":	false
		},
		"sum_sent":	{
			"start":	0,
			"end":	5.000186,
			"seconds":	5.000186,
			"bytes":	0,
			"bits_per_second":	0,
			"jitter_ms":	0,
			"lost_packets":	0,
			"packets":	0,
			"lost_percent":	0,
			"sender":	true
		},
		"sum_received":	{
			"start":	0,
			"end":	5.000186,
			"seconds":	5.000186,
			"bytes":	2188641600,
			"bits_per_second":	3501696296.8977551,
			"jitter_ms":	0.00091658461348348018,
			"lost_packets":	0,
			"packets":	6839505,
			"lost_percent":	0,
			"sender":	false
		},
		"cpu_utilization_percent":	{
			"host_total":	172.81428186745958,
			"host_user":	23.924599351019,
			"host_system":	148.88966823114467,
			"remote_total":	0,
			"remote_user":	0,
			"remote_system":	0
		}
	}
}
