{
	"start":	{
		"connected":	[{
				"socket":	5,
				"local_host":	"192.168.1.110",
				"local_port":	5201,
				"remote_host":	"192.168.1.100",
				"remote_port":	59706
			}],
		"version":	"iperf 3.16",
		"system_info":	"Linux design-lab 6.14.0-37-generic #37~24.04.1-Ubuntu SMP PREEMPT_DYNAMIC Thu Nov 20 10:25:38 UTC 2 x86_64",
		"target_bitrate":	7588143526,
		"timestamp":	{
			"time":	"Fri, 26 Jun 2026 02:20:38 GMT",
			"timesecs":	1782440438
		},
		"accepted_connection":	{
			"host":	"192.168.1.100",
			"port":	50142
		},
		"cookie":	"fs7pxkajfhiwjc6tqaudkmrkdqyah3innmrb",
		"target_bitrate":	7588143526,
		"fq_rate":	0,
		"sock_bufsize":	0,
		"sndbuf_actual":	67108864,
		"rcvbuf_actual":	67108864,
		"test_start":	{
			"protocol":	"UDP",
			"num_streams":	1,
			"blksize":	1216,
			"omit":	2,
			"duration":	5,
			"bytes":	0,
			"blocks":	0,
			"reverse":	0,
			"tos":	0,
			"target_bitrate":	7588143526,
			"bidir":	0,
			"fqrate":	0
		}
	},
	"intervals":	[{
			"streams":	[{
					"socket":	5,
					"start":	0,
					"end":	1.000004,
					"seconds":	1.0000040531158447,
					"bytes":	948387584,
					"bits_per_second":	7587069920.72669,
					"jitter_ms":	0.0016553399839929841,
					"lost_packets":	0,
					"packets":	779924,
					"lost_percent":	0,
					"omitted":	true,
					"sender":	false
				}],
			"sum":	{
				"start":	0,
				"end":	1.000004,
				"seconds":	1.0000040531158447,
				"bytes":	948387584,
				"bits_per_second":	7587069920.72669,
				"jitter_ms":	0.0016553399839929841,
				"lost_packets":	0,
				"packets":	779924,
				"lost_percent":	0,
				"omitted":	true,
				"sender":	false
			}
		}, {
			"streams":	[{
					"socket":	5,
					"start":	1.000025,
					"end":	1,
					"seconds":	2.0000250339508057,
					"bytes":	948539584,
					"bits_per_second":	3794110845.2078748,
					"jitter_ms":	0.00043906625863969712,
					"lost_packets":	0,
					"packets":	1560074,
					"lost_percent":	0,
					"omitted":	false,
					"sender":	false
				}],
			"sum":	{
				"start":	1.000025,
				"end":	1,
				"seconds":	2.0000250339508057,
				"bytes":	948539584,
				"bits_per_second":	3794110845.2078748,
				"jitter_ms":	0.00043906625863969712,
				"lost_packets":	0,
				"packets":	1560074,
				"lost_percent":	0,
				"omitted":	false,
				"sender":	false
			}
		}, {
			"streams":	[{
					"socket":	5,
					"start":	1,
					"end":	2,
					"seconds":	1,
					"bytes":	948533504,
					"bits_per_second":	7588268032,
					"jitter_ms":	0.00086831796656152978,
					"lost_packets":	0,
					"packets":	780044,
					"lost_percent":	0,
					"omitted":	false,
					"sender":	false
				}],
			"sum":	{
				"start":	1,
				"end":	2,
				"seconds":	1,
				"bytes":	948533504,
				"bits_per_second":	7588268032,
				"jitter_ms":	0.00086831796656152978,
				"lost_packets":	0,
				"packets":	780044,
				"lost_percent":	0,
				"omitted":	false,
				"sender":	false
			}
		}, {
			"streams":	[{
					"socket":	5,
					"start":	2,
					"end":	3.000017,
					"seconds":	1.0000170469284058,
					"bytes":	948534720,
					"bits_per_second":	7588148405.3774,
					"jitter_ms":	0.00070074778635861022,
					"lost_packets":	0,
					"packets":	780045,
					"lost_percent":	0,
					"omitted":	false,
					"sender":	false
				}],
			"sum":	{
				"start":	2,
				"end":	3.000017,
				"seconds":	1.0000170469284058,
				"bytes":	948534720,
				"bits_per_second":	7588148405.3774,
				"jitter_ms":	0.00070074778635861022,
				"lost_packets":	0,
				"packets":	780045,
				"lost_percent":	0,
				"omitted":	false,
				"sender":	false
			}
		}, {
			"streams":	[{
					"socket":	5,
					"start":	3.000017,
					"end":	4.000015,
					"seconds":	0.99999797344207764,
					"bytes":	948494592,
					"bits_per_second":	7587972113.465,
					"jitter_ms":	0.0016348099410326035,
					"lost_packets":	0,
					"packets":	780016,
					"lost_percent":	0,
					"omitted":	false,
					"sender":	false
				}],
			"sum":	{
				"start":	3.000017,
				"end":	4.000015,
				"seconds":	0.99999797344207764,
				"bytes":	948494592,
				"bits_per_second":	7587972113.465,
				"jitter_ms":	0.0016348099410326035,
				"lost_packets":	0,
				"packets":	780016,
				"lost_percent":	0,
				"omitted":	false,
				"sender":	false
			}
		}, {
			"streams":	[{
					"socket":	5,
					"start":	4.000015,
					"end":	5.000005,
					"seconds":	0.99998998641967773,
					"bytes":	948517696,
					"bits_per_second":	7588217553.2259722,
					"jitter_ms":	0.0016118949237471961,
					"lost_packets":	0,
					"packets":	780031,
					"lost_percent":	0,
					"omitted":	false,
					"sender":	false
				}],
			"sum":	{
				"start":	4.000015,
				"end":	5.000005,
				"seconds":	0.99998998641967773,
				"bytes":	948517696,
				"bits_per_second":	7588217553.2259722,
				"jitter_ms":	0.0016118949237471961,
				"lost_packets":	0,
				"packets":	780031,
				"lost_percent":	0,
				"omitted":	false,
				"sender":	false
			}
		}, {
			"streams":	[{
					"socket":	5,
					"start":	5.000005,
					"end":	5.000143,
					"seconds":	0.00013800000306218863,
					"bytes":	62016,
					"bits_per_second":	3595130355.0074835,
					"jitter_ms":	0.00076112615898375042,
					"lost_packets":	0,
					"packets":	51,
					"lost_percent":	0,
					"omitted":	false,
					"sender":	false
				}],
			"sum":	{
				"start":	5.000005,
				"end":	5.000143,
				"seconds":	0.00013800000306218863,
				"bytes":	62016,
				"bits_per_second":	3595130355.0074835,
				"jitter_ms":	0.00076112615898375042,
				"lost_packets":	0,
				"packets":	51,
				"lost_percent":	0,
				"omitted":	false,
				"sender":	false
			}
		}],
	"end":	{
		"streams":	[{
				"udp":	{
					"socket":	5,
					"start":	0,
					"end":	5.000143,
					"seconds":	5.000143,
					"bytes":	0,
					"bits_per_second":	0,
					"jitter_ms":	0.00076112615898375042,
					"lost_packets":	0,
					"packets":	3900237,
					"lost_percent":	0,
					"out_of_order":	0,
					"sender":	false
				}
			}],
		"sum":	{
			"start":	0,
			"end":	5.000143,
			"seconds":	5.000143,
			"bytes":	0,
			"bits_per_second":	0,
			"jitter_ms":	0.00076112615898375042,
			"lost_packets":	0,
			"packets":	3900237,
			"lost_percent":	0,
			"sender":	false
		},
		"sum_sent":	{
			"start":	0,
			"end":	5.000143,
			"seconds":	5.000143,
			"bytes":	0,
			"bits_per_second":	0,
			"jitter_ms":	0,
			"lost_packets":	0,
			"packets":	0,
			"lost_percent":	0,
			"sender":	true
		},
		"sum_received":	{
			"start":	0,
			"end":	5.000143,
			"seconds":	5.000143,
			"bytes":	4742688192,
			"bits_per_second":	7588084087.9950838,
			"jitter_ms":	0.00076112615898375042,
			"lost_packets":	0,
			"packets":	3900237,
			"lost_percent":	0,
			"sender":	false
		},
		"cpu_utilization_percent":	{
			"host_total":	101.376908434432,
			"host_user":	15.097936837293352,
			"host_system":	86.2789573117815,
			"remote_total":	0,
			"remote_user":	0,
			"remote_system":	0
		}
	}
}
