{
	"start":	{
		"connected":	[{
				"socket":	5,
				"local_host":	"192.168.1.100",
				"local_port":	39522,
				"remote_host":	"192.168.1.110",
				"remote_port":	5201
			}],
		"version":	"iperf 3.16",
		"system_info":	"Linux design-lab 6.14.0-37-generic #37~24.04.1-Ubuntu SMP PREEMPT_DYNAMIC Thu Nov 20 10:25:38 UTC 2 x86_64",
		"timestamp":	{
			"time":	"Fri, 26 Jun 2026 02:20:04 GMT",
			"timesecs":	1782440404
		},
		"connecting_to":	{
			"host":	"192.168.1.110",
			"port":	5201
		},
		"cookie":	"2zvyknfc7ope5mwxf5grdeac7uwqtjtbeua4",
		"target_bitrate":	7542461005,
		"fq_rate":	0,
		"sock_bufsize":	0,
		"sndbuf_actual":	67108864,
		"rcvbuf_actual":	67108864,
		"test_start":	{
			"protocol":	"UDP",
			"num_streams":	1,
			"blksize":	1088,
			"omit":	2,
			"duration":	5,
			"bytes":	0,
			"blocks":	0,
			"reverse":	0,
			"tos":	0,
			"target_bitrate":	7542461005,
			"bidir":	0,
			"fqrate":	0
		}
	},
	"intervals":	[{
			"streams":	[{
					"socket":	5,
					"start":	0,
					"end":	1.000052,
					"seconds":	1.0000519752502441,
					"bytes":	942780288,
					"bits_per_second":	7541850314.4426031,
					"packets":	866526,
					"omitted":	true,
					"sender":	true
				}],
			"sum":	{
				"start":	0,
				"end":	1.000052,
				"seconds":	1.0000519752502441,
				"bytes":	942780288,
				"bits_per_second":	7541850314.4426031,
				"packets":	866526,
				"omitted":	true,
				"sender":	true
			}
		}, {
			"streams":	[{
					"socket":	5,
					"start":	1,
					"end":	1.000001,
					"seconds":	2.0000009536743164,
					"bytes":	942830336,
					"bits_per_second":	3771319545.694705,
					"packets":	1733109,
					"omitted":	false,
					"sender":	true
				}],
			"sum":	{
				"start":	1,
				"end":	1.000001,
				"seconds":	2.0000009536743164,
				"bytes":	942830336,
				"bits_per_second":	3771319545.694705,
				"packets":	1733109,
				"omitted":	false,
				"sender":	true
			}
		}, {
			"streams":	[{
					"socket":	5,
					"start":	1.000001,
					"end":	2,
					"seconds":	0.99999898672103882,
					"bytes":	942783552,
					"bits_per_second":	7542276058.42965,
					"packets":	866529,
					"omitted":	false,
					"sender":	true
				}],
			"sum":	{
				"start":	1.000001,
				"end":	2,
				"seconds":	0.99999898672103882,
				"bytes":	942783552,
				"bits_per_second":	7542276058.42965,
				"packets":	866529,
				"omitted":	false,
				"sender":	true
			}
		}, {
			"streams":	[{
					"socket":	5,
					"start":	2,
					"end":	3.000001,
					"seconds":	1.0000009536743164,
					"bytes":	942806400,
					"bits_per_second":	7542444006.9648676,
					"packets":	866554,
					"omitted":	false,
					"sender":	true
				}],
			"sum":	{
				"start":	2,
				"end":	3.000001,
				"seconds":	1.0000009536743164,
				"bytes":	942806400,
				"bits_per_second":	7542444006.9648676,
				"packets":	866554,
				"omitted":	false,
				"sender":	true
			}
		}, {
			"streams":	[{
					"socket":	5,
					"start":	3.000001,
					"end":	4,
					"seconds":	0.99999898672103882,
					"bytes":	942811840,
					"bits_per_second":	7542502362.6589584,
					"packets":	866556,
					"omitted":	false,
					"sender":	true
				}],
			"sum":	{
				"start":	3.000001,
				"end":	4,
				"seconds":	0.99999898672103882,
				"bytes":	942811840,
				"bits_per_second":	7542502362.6589584,
				"packets":	866556,
				"omitted":	false,
				"sender":	true
			}
		}, {
			"streams":	[{
					"socket":	5,
					"start":	4,
					"end":	5.000095,
					"seconds":	1.000095009803772,
					"bytes":	942824896,
					"bits_per_second":	7541882615.212657,
					"packets":	866566,
					"omitted":	false,
					"sender":	true
				}],
			"sum":	{
				"start":	4,
				"end":	5.000095,
				"seconds":	1.000095009803772,
				"bytes":	942824896,
				"bits_per_second":	7541882615.212657,
				"packets":	866566,
				"omitted":	false,
				"sender":	true
			}
		}],
	"end":	{
		"streams":	[{
				"udp":	{
					"socket":	5,
					"start":	0,
					"end":	5.000095,
					"seconds":	5.000095,
					"bytes":	4714062464,
					"bits_per_second":	7542356637.6238852,
					"jitter_ms":	0.00082248175661742541,
					"lost_packets":	0,
					"packets":	4332778,
					"lost_percent":	0,
					"out_of_order":	0,
					"sender":	true
				}
			}],
		"sum":	{
			"start":	0,
			"end":	5.000201,
			"seconds":	5.000201,
			"bytes":	4714062464,
			"bits_per_second":	7542356637.6238852,
			"jitter_ms":	0.00082248175661742541,
			"lost_packets":	0,
			"packets":	4332778,
			"lost_percent":	0,
			"sender":	true
		},
		"sum_sent":	{
			"start":	0,
			"end":	5.000095,
			"seconds":	5.000095,
			"bytes":	4714062464,
			"bits_per_second":	7542356637.6238852,
			"jitter_ms":	0,
			"lost_packets":	0,
			"packets":	4332778,
			"lost_percent":	0,
			"sender":	true
		},
		"sum_received":	{
			"start":	0,
			"end":	5.000201,
			"seconds":	5.000201,
			"bytes":	4714148416,
			"bits_per_second":	7542334263.7625971,
			"jitter_ms":	0.00082248175661742541,
			"lost_packets":	0,
			"packets":	4332857,
			"lost_percent":	0,
			"sender":	false
		},
		"cpu_utilization_percent":	{
			"host_total":	101.39680801021534,
			"host_user":	14.357754439314782,
			"host_system":	87.039053570900549,
			"remote_total":	111.60247323549551,
			"remote_user":	15.670843628838682,
			"remote_system":	95.931629606656827
		}
	}
}
