{
	"start":	{
		"connected":	[{
				"socket":	5,
				"local_host":	"192.168.1.110",
				"local_port":	35122,
				"remote_host":	"192.168.1.100",
				"remote_port":	5201
			}],
		"version":	"iperf 3.16",
		"system_info":	"Linux design-lab 6.14.0-37-generic #37~24.04.1-Ubuntu SMP PREEMPT_DYNAMIC Thu Nov 20 10:25:38 UTC 2 x86_64",
		"timestamp":	{
			"time":	"Fri, 26 Jun 2026 02:21:20 GMT",
			"timesecs":	1782440480
		},
		"connecting_to":	{
			"host":	"192.168.1.100",
			"port":	5201
		},
		"cookie":	"bbsmv2ewfwi5f4a7qngb3kf52pe2puudmpn5",
		"target_bitrate":	7641791045,
		"fq_rate":	0,
		"sock_bufsize":	0,
		"sndbuf_actual":	67108864,
		"rcvbuf_actual":	67108864,
		"test_start":	{
			"protocol":	"UDP",
			"num_streams":	1,
			"blksize":	1408,
			"omit":	2,
			"duration":	5,
			"bytes":	0,
			"blocks":	0,
			"reverse":	0,
			"tos":	0,
			"target_bitrate":	7641791045,
			"bidir":	0,
			"fqrate":	0
		}
	},
	"intervals":	[{
			"streams":	[{
					"socket":	5,
					"start":	0,
					"end":	1.000052,
					"seconds":	1.0000519752502441,
					"bytes":	955253376,
					"bits_per_second":	7641629832.37719,
					"packets":	678447,
					"omitted":	true,
					"sender":	true
				}],
			"sum":	{
				"start":	0,
				"end":	1.000052,
				"seconds":	1.0000519752502441,
				"bytes":	955253376,
				"bits_per_second":	7641629832.37719,
				"packets":	678447,
				"omitted":	true,
				"sender":	true
			}
		}, {
			"streams":	[{
					"socket":	5,
					"start":	1.000052,
					"end":	2.000052,
					"seconds":	1,
					"bytes":	955225216,
					"bits_per_second":	7641801728,
					"packets":	678427,
					"omitted":	true,
					"sender":	true
				}],
			"sum":	{
				"start":	1.000052,
				"end":	2.000052,
				"seconds":	1,
				"bytes":	955225216,
				"bits_per_second":	7641801728,
				"packets":	678427,
				"omitted":	true,
				"sender":	true
			}
		}, {
			"streams":	[{
					"socket":	5,
					"start":	8e-06,
					"end":	0.999993,
					"seconds":	1.0000009536743164,
					"bytes":	955220992,
					"bits_per_second":	7641760648.2491379,
					"packets":	678425,
					"omitted":	false,
					"sender":	true
				}],
			"sum":	{
				"start":	8e-06,
				"end":	0.999993,
				"seconds":	1.0000009536743164,
				"bytes":	955220992,
				"bits_per_second":	7641760648.2491379,
				"packets":	678425,
				"omitted":	false,
				"sender":	true
			}
		}, {
			"streams":	[{
					"socket":	5,
					"start":	0.999993,
					"end":	1.999993,
					"seconds":	1,
					"bytes":	955204096,
					"bits_per_second":	7641632768,
					"packets":	678419,
					"omitted":	false,
					"sender":	true
				}],
			"sum":	{
				"start":	0.999993,
				"end":	1.999993,
				"seconds":	1,
				"bytes":	955204096,
				"bits_per_second":	7641632768,
				"packets":	678419,
				"omitted":	false,
				"sender":	true
			}
		}, {
			"streams":	[{
					"socket":	5,
					"start":	1.999993,
					"end":	2.999993,
					"seconds":	1,
					"bytes":	955232256,
					"bits_per_second":	7641858048,
					"packets":	678433,
					"omitted":	false,
					"sender":	true
				}],
			"sum":	{
				"start":	1.999993,
				"end":	2.999993,
				"seconds":	1,
				"bytes":	955232256,
				"bits_per_second":	7641858048,
				"packets":	678433,
				"omitted":	false,
				"sender":	true
			}
		}, {
			"streams":	[{
					"socket":	5,
					"start":	2.999993,
					"end":	3.999993,
					"seconds":	1,
					"bytes":	955208320,
					"bits_per_second":	7641666560,
					"packets":	678416,
					"omitted":	false,
					"sender":	true
				}],
			"sum":	{
				"start":	2.999993,
				"end":	3.999993,
				"seconds":	1,
				"bytes":	955208320,
				"bits_per_second":	7641666560,
				"packets":	678416,
				"omitted":	false,
				"sender":	true
			}
		}, {
			"streams":	[{
					"socket":	5,
					"start":	3.999993,
					"end":	5.000104,
					"seconds":	1.0001109838485718,
					"bytes":	955215360,
					"bits_per_second":	7640874866.3008823,
					"packets":	678423,
					"omitted":	false,
					"sender":	true
				}],
			"sum":	{
				"start":	3.999993,
				"end":	5.000104,
				"seconds":	1.0001109838485718,
				"bytes":	955215360,
				"bits_per_second":	7640874866.3008823,
				"packets":	678423,
				"omitted":	false,
				"sender":	true
			}
		}],
	"end":	{
		"streams":	[{
				"udp":	{
					"socket":	5,
					"start":	0,
					"end":	5.000104,
					"seconds":	5.000104,
					"bytes":	4776099328,
					"bits_per_second":	7641599979.5204258,
					"jitter_ms":	0.00038139858083780377,
					"lost_packets":	0,
					"packets":	3392116,
					"lost_percent":	0,
					"out_of_order":	0,
					"sender":	true
				}
			}],
		"sum":	{
			"start":	0,
			"end":	5.000222,
			"seconds":	5.000222,
			"bytes":	4776099328,
			"bits_per_second":	7641599979.5204258,
			"jitter_ms":	0.00038139858083780377,
			"lost_packets":	0,
			"packets":	3392116,
			"lost_percent":	0,
			"sender":	true
		},
		"sum_sent":	{
			"start":	0,
			"end":	5.000104,
			"seconds":	5.000104,
			"bytes":	4776099328,
			"bits_per_second":	7641599979.5204258,
			"jitter_ms":	0,
			"lost_packets":	0,
			"packets":	3392116,
			"lost_percent":	0,
			"sender":	true
		},
		"sum_received":	{
			"start":	0,
			"end":	5.000222,
			"seconds":	5.000222,
			"bytes":	4776306304,
			"bits_per_second":	7641750792.6648054,
			"jitter_ms":	0.00038139858083780377,
			"lost_packets":	0,
			"packets":	3392263,
			"lost_percent":	0,
			"sender":	false
		},
		"cpu_utilization_percent":	{
			"host_total":	101.29584360111244,
			"host_user":	38.21013736385,
			"host_system":	63.085706237262443,
			"remote_total":	169.28977721576416,
			"remote_user":	19.668822120885814,
			"remote_system":	149.6209408096253
		}
	}
}
