{
	"start":	{
		"connected":	[{
				"socket":	5,
				"local_host":	"192.168.1.110",
				"local_port":	45472,
				"remote_host":	"192.168.1.100",
				"remote_port":	5201
			}],
		"version":	"iperf 3.16",
		"system_info":	"Linux design-lab 6.14.0-37-generic #37~24.04.1-Ubuntu SMP PREEMPT_DYNAMIC Thu Nov 20 10:25:38 UTC 2 x86_64",
		"timestamp":	{
			"time":	"Fri, 26 Jun 2026 02:17:58 GMT",
			"timesecs":	1782440278
		},
		"connecting_to":	{
			"host":	"192.168.1.100",
			"port":	5201
		},
		"cookie":	"ajimtr27arl7vizgzbylk3z2qtss3vtmf2s2",
		"target_bitrate":	7252124646,
		"fq_rate":	0,
		"sock_bufsize":	0,
		"sndbuf_actual":	67108864,
		"rcvbuf_actual":	67108864,
		"test_start":	{
			"protocol":	"UDP",
			"num_streams":	1,
			"blksize":	640,
			"omit":	2,
			"duration":	5,
			"bytes":	0,
			"blocks":	0,
			"reverse":	0,
			"tos":	0,
			"target_bitrate":	7252124646,
			"bidir":	0,
			"fqrate":	0
		}
	},
	"intervals":	[{
			"streams":	[{
					"socket":	5,
					"start":	0,
					"end":	1.000053,
					"seconds":	1.00005304813385,
					"bytes":	906554880,
					"bits_per_second":	7252054332.0511055,
					"packets":	1416493,
					"omitted":	true,
					"sender":	true
				}],
			"sum":	{
				"start":	0,
				"end":	1.000053,
				"seconds":	1.00005304813385,
				"bytes":	906554880,
				"bits_per_second":	7252054332.0511055,
				"packets":	1416493,
				"omitted":	true,
				"sender":	true
			}
		}, {
			"streams":	[{
					"socket":	5,
					"start":	0.999999,
					"end":	1,
					"seconds":	1.9999990463256836,
					"bytes":	906535680,
					"bits_per_second":	3626144449.0804143,
					"packets":	2832871,
					"omitted":	false,
					"sender":	true
				}],
			"sum":	{
				"start":	0.999999,
				"end":	1,
				"seconds":	1.9999990463256836,
				"bytes":	906535680,
				"bits_per_second":	3626144449.0804143,
				"packets":	2832871,
				"omitted":	false,
				"sender":	true
			}
		}, {
			"streams":	[{
					"socket":	5,
					"start":	1,
					"end":	2.000001,
					"seconds":	1.0000009536743164,
					"bytes":	906498560,
					"bits_per_second":	7251981563.97144,
					"packets":	1416405,
					"omitted":	false,
					"sender":	true
				}],
			"sum":	{
				"start":	1,
				"end":	2.000001,
				"seconds":	1.0000009536743164,
				"bytes":	906498560,
				"bits_per_second":	7251981563.97144,
				"packets":	1416405,
				"omitted":	false,
				"sender":	true
			}
		}, {
			"streams":	[{
					"socket":	5,
					"start":	2.000001,
					"end":	3.000001,
					"seconds":	1,
					"bytes":	906474880,
					"bits_per_second":	7251799040,
					"packets":	1416375,
					"omitted":	false,
					"sender":	true
				}],
			"sum":	{
				"start":	2.000001,
				"end":	3.000001,
				"seconds":	1,
				"bytes":	906474880,
				"bits_per_second":	7251799040,
				"packets":	1416375,
				"omitted":	false,
				"sender":	true
			}
		}, {
			"streams":	[{
					"socket":	5,
					"start":	3.000001,
					"end":	4,
					"seconds":	0.99999898672103882,
					"bytes":	906561280,
					"bits_per_second":	7252497588.8032227,
					"packets":	1416503,
					"omitted":	false,
					"sender":	true
				}],
			"sum":	{
				"start":	3.000001,
				"end":	4,
				"seconds":	0.99999898672103882,
				"bytes":	906561280,
				"bits_per_second":	7252497588.8032227,
				"packets":	1416503,
				"omitted":	false,
				"sender":	true
			}
		}, {
			"streams":	[{
					"socket":	5,
					"start":	4,
					"end":	5.000114,
					"seconds":	1.0001139640808105,
					"bytes":	906475520,
					"bits_per_second":	7250977808.979022,
					"packets":	1416369,
					"omitted":	false,
					"sender":	true
				}],
			"sum":	{
				"start":	4,
				"end":	5.000114,
				"seconds":	1.0001139640808105,
				"bytes":	906475520,
				"bits_per_second":	7250977808.979022,
				"packets":	1416369,
				"omitted":	false,
				"sender":	true
			}
		}],
	"end":	{
		"streams":	[{
				"udp":	{
					"socket":	5,
					"start":	0,
					"end":	5.000114,
					"seconds":	5.000114,
					"bytes":	4532553600,
					"bits_per_second":	7251920416.21451,
					"jitter_ms":	0.00055970293626125681,
					"lost_packets":	0,
					"packets":	7082114,
					"lost_percent":	0,
					"out_of_order":	0,
					"sender":	true
				}
			}],
		"sum":	{
			"start":	0,
			"end":	5.000235,
			"seconds":	5.000235,
			"bytes":	4532553600,
			"bits_per_second":	7251920416.21451,
			"jitter_ms":	0.00055970293626125681,
			"lost_packets":	0,
			"packets":	7082114,
			"lost_percent":	0,
			"sender":	true
		},
		"sum_sent":	{
			"start":	0,
			"end":	5.000114,
			"seconds":	5.000114,
			"bytes":	4532553600,
			"bits_per_second":	7251920416.21451,
			"jitter_ms":	0,
			"lost_packets":	0,
			"packets":	7082114,
			"lost_percent":	0,
			"sender":	true
		},
		"sum_received":	{
			"start":	0,
			"end":	5.000235,
			"seconds":	5.000235,
			"bytes":	4532680320,
			"bits_per_second":	7251947670.45949,
			"jitter_ms":	0.00055970293626125681,
			"lost_packets":	0,
			"packets":	7082313,
			"lost_percent":	0,
			"sender":	false
		},
		"cpu_utilization_percent":	{
			"host_total":	101.1607923288656,
			"host_user":	11.428021261979719,
			"host_system":	89.732771066885874,
			"remote_total":	195.3869867318835,
			"remote_user":	26.344268196518978,
			"remote_system":	169.04270425014
		}
	}
}
