{
	"start":	{
		"connected":	[{
				"socket":	5,
				"local_host":	"192.168.1.110",
				"local_port":	50698,
				"remote_host":	"192.168.1.100",
				"remote_port":	5201
			}],
		"version":	"iperf 3.16",
		"system_info":	"Linux design-lab 6.14.0-37-generic #37~24.04.1-Ubuntu SMP PREEMPT_DYNAMIC Thu Nov 20 10:25:38 UTC 2 x86_64",
		"timestamp":	{
			"time":	"Fri, 26 Jun 2026 02:19:56 GMT",
			"timesecs":	1782440396
		},
		"connecting_to":	{
			"host":	"192.168.1.100",
			"port":	5201
		},
		"cookie":	"2ywf7ljyw6onjeixhwyk5yf6wn6zadgf7vre",
		"target_bitrate":	7542461005,
		"fq_rate":	0,
		"sock_bufsize":	0,
		"sndbuf_actual":	67108864,
		"rcvbuf_actual":	67108864,
		"test_start":	{
			"protocol":	"UDP",
			"num_streams":	1,
			"blksize":	1088,
			"omit":	2,
			"duration":	5,
			"bytes":	0,
			"blocks":	0,
			"reverse":	0,
			"tos":	0,
			"target_bitrate":	7542461005,
			"bidir":	0,
			"fqrate":	0
		}
	},
	"intervals":	[{
			"streams":	[{
					"socket":	5,
					"start":	0,
					"end":	1.000053,
					"seconds":	1.00005304813385,
					"bytes":	942821632,
					"bits_per_second":	7542172957.7994137,
					"packets":	866565,
					"omitted":	true,
					"sender":	true
				}],
			"sum":	{
				"start":	0,
				"end":	1.000053,
				"seconds":	1.00005304813385,
				"bytes":	942821632,
				"bits_per_second":	7542172957.7994137,
				"packets":	866565,
				"omitted":	true,
				"sender":	true
			}
		}, {
			"streams":	[{
					"socket":	5,
					"start":	1.000053,
					"end":	2.000052,
					"seconds":	0.99999898672103882,
					"bytes":	942787904,
					"bits_per_second":	7542310874.4649277,
					"packets":	866533,
					"omitted":	true,
					"sender":	true
				}],
			"sum":	{
				"start":	1.000053,
				"end":	2.000052,
				"seconds":	0.99999898672103882,
				"bytes":	942787904,
				"bits_per_second":	7542310874.4649277,
				"packets":	866533,
				"omitted":	true,
				"sender":	true
			}
		}, {
			"streams":	[{
					"socket":	5,
					"start":	9e-06,
					"end":	0.999993,
					"seconds":	1.0000020265579224,
					"bytes":	942829248,
					"bits_per_second":	7542618698.4463215,
					"packets":	866572,
					"omitted":	false,
					"sender":	true
				}],
			"sum":	{
				"start":	9e-06,
				"end":	0.999993,
				"seconds":	1.0000020265579224,
				"bytes":	942829248,
				"bits_per_second":	7542618698.4463215,
				"packets":	866572,
				"omitted":	false,
				"sender":	true
			}
		}, {
			"streams":	[{
					"socket":	5,
					"start":	0.999993,
					"end":	1.999993,
					"seconds":	1,
					"bytes":	942783552,
					"bits_per_second":	7542268416,
					"packets":	866542,
					"omitted":	false,
					"sender":	true
				}],
			"sum":	{
				"start":	0.999993,
				"end":	1.999993,
				"seconds":	1,
				"bytes":	942783552,
				"bits_per_second":	7542268416,
				"packets":	866542,
				"omitted":	false,
				"sender":	true
			}
		}, {
			"streams":	[{
					"socket":	5,
					"start":	1.999993,
					"end":	2.999993,
					"seconds":	1,
					"bytes":	942761792,
					"bits_per_second":	7542094336,
					"packets":	866510,
					"omitted":	false,
					"sender":	true
				}],
			"sum":	{
				"start":	1.999993,
				"end":	2.999993,
				"seconds":	1,
				"bytes":	942761792,
				"bits_per_second":	7542094336,
				"packets":	866510,
				"omitted":	false,
				"sender":	true
			}
		}, {
			"streams":	[{
					"socket":	5,
					"start":	2.999993,
					"end":	3.999994,
					"seconds":	1.0000009536743164,
					"bytes":	942877120,
					"bits_per_second":	7543009766.4253178,
					"packets":	866616,
					"omitted":	false,
					"sender":	true
				}],
			"sum":	{
				"start":	2.999993,
				"end":	3.999994,
				"seconds":	1.0000009536743164,
				"bytes":	942877120,
				"bits_per_second":	7543009766.4253178,
				"packets":	866616,
				"omitted":	false,
				"sender":	true
			}
		}, {
			"streams":	[{
					"socket":	5,
					"start":	3.999994,
					"end":	5.000126,
					"seconds":	1.0001319646835327,
					"bytes":	942767232,
					"bits_per_second":	7541142691.4912424,
					"packets":	866520,
					"omitted":	false,
					"sender":	true
				}],
			"sum":	{
				"start":	3.999994,
				"end":	5.000126,
				"seconds":	1.0001319646835327,
				"bytes":	942767232,
				"bits_per_second":	7541142691.4912424,
				"packets":	866520,
				"omitted":	false,
				"sender":	true
			}
		}],
	"end":	{
		"streams":	[{
				"udp":	{
					"socket":	5,
					"start":	0,
					"end":	5.000126,
					"seconds":	5.000126,
					"bytes":	4714042880,
					"bits_per_second":	7542278542.5807276,
					"jitter_ms":	0.00067522986550705975,
					"lost_packets":	0,
					"packets":	4332760,
					"lost_percent":	0,
					"out_of_order":	0,
					"sender":	true
				}
			}],
		"sum":	{
			"start":	0,
			"end":	5.000276,
			"seconds":	5.000276,
			"bytes":	4714042880,
			"bits_per_second":	7542278542.5807276,
			"jitter_ms":	0.00067522986550705975,
			"lost_packets":	0,
			"packets":	4332760,
			"lost_percent":	0,
			"sender":	true
		},
		"sum_sent":	{
			"start":	0,
			"end":	5.000126,
			"seconds":	5.000126,
			"bytes":	4714042880,
			"bits_per_second":	7542278542.5807276,
			"jitter_ms":	0,
			"lost_packets":	0,
			"packets":	4332760,
			"lost_percent":	0,
			"sender":	true
		},
		"sum_received":	{
			"start":	0,
			"end":	5.000276,
			"seconds":	5.000276,
			"bytes":	4714153856,
			"bits_per_second":	7542229838.5129137,
			"jitter_ms":	0.00067522986550705975,
			"lost_packets":	0,
			"packets":	4332862,
			"lost_percent":	0,
			"sender":	false
		},
		"cpu_utilization_percent":	{
			"host_total":	101.47460074145719,
			"host_user":	35.46998309701582,
			"host_system":	66.004603359827,
			"remote_total":	131.42570011485256,
			"remote_user":	16.456556023473347,
			"remote_system":	114.96912980623632
		}
	}
}
