{
	"start":	{
		"connected":	[{
				"socket":	5,
				"local_host":	"192.168.1.100",
				"local_port":	5201,
				"remote_host":	"192.168.1.110",
				"remote_port":	38949
			}],
		"version":	"iperf 3.16",
		"system_info":	"Linux design-lab 6.14.0-37-generic #37~24.04.1-Ubuntu SMP PREEMPT_DYNAMIC Thu Nov 20 10:25:38 UTC 2 x86_64",
		"target_bitrate":	6360248447,
		"timestamp":	{
			"time":	"Fri, 26 Jun 2026 02:16:17 GMT",
			"timesecs":	1782440177
		},
		"accepted_connection":	{
			"host":	"192.168.1.110",
			"port":	56182
		},
		"cookie":	"ygld4ofdon2kj7ikrvqidsum23ibr5o54rkj",
		"target_bitrate":	6360248447,
		"fq_rate":	0,
		"sock_bufsize":	0,
		"sndbuf_actual":	67108864,
		"rcvbuf_actual":	67108864,
		"test_start":	{
			"protocol":	"UDP",
			"num_streams":	1,
			"blksize":	256,
			"omit":	2,
			"duration":	5,
			"bytes":	0,
			"blocks":	0,
			"reverse":	0,
			"tos":	0,
			"target_bitrate":	6360248447,
			"bidir":	0,
			"fqrate":	0
		}
	},
	"intervals":	[{
			"streams":	[{
					"socket":	5,
					"start":	0,
					"end":	1.000011,
					"seconds":	1.0000109672546387,
					"bytes":	197086208,
					"bits_per_second":	1576672372.2326119,
					"jitter_ms":	0.0017707143587676829,
					"lost_packets":	0,
					"packets":	769868,
					"lost_percent":	0,
					"omitted":	true,
					"sender":	false
				}],
			"sum":	{
				"start":	0,
				"end":	1.000011,
				"seconds":	1.0000109672546387,
				"bytes":	197086208,
				"bits_per_second":	1576672372.2326119,
				"jitter_ms":	0.0017707143587676829,
				"lost_packets":	0,
				"packets":	769868,
				"lost_percent":	0,
				"omitted":	true,
				"sender":	false
			}
		}, {
			"streams":	[{
					"socket":	5,
					"start":	1.000043,
					"end":	1.000007,
					"seconds":	2.0000500679016113,
					"bytes":	362732800,
					"bits_per_second":	1450894878.3689907,
					"jitter_ms":	0.00070309960895674863,
					"lost_packets":	0,
					"packets":	2104656,
					"lost_percent":	0,
					"omitted":	false,
					"sender":	false
				}],
			"sum":	{
				"start":	1.000043,
				"end":	1.000007,
				"seconds":	2.0000500679016113,
				"bytes":	362732800,
				"bits_per_second":	1450894878.3689907,
				"jitter_ms":	0.00070309960895674863,
				"lost_packets":	0,
				"packets":	2104656,
				"lost_percent":	0,
				"omitted":	false,
				"sender":	false
			}
		}, {
			"streams":	[{
					"socket":	5,
					"start":	1.000007,
					"end":	2,
					"seconds":	0.99999302625656128,
					"bytes":	320132352,
					"bits_per_second":	2561076676.2916675,
					"jitter_ms":	0.0014422083880634958,
					"lost_packets":	0,
					"packets":	1250520,
					"lost_percent":	0,
					"omitted":	false,
					"sender":	false
				}],
			"sum":	{
				"start":	1.000007,
				"end":	2,
				"seconds":	0.99999302625656128,
				"bytes":	320132352,
				"bits_per_second":	2561076676.2916675,
				"jitter_ms":	0.0014422083880634958,
				"lost_packets":	0,
				"packets":	1250520,
				"lost_percent":	0,
				"omitted":	false,
				"sender":	false
			}
		}, {
			"streams":	[{
					"socket":	5,
					"start":	2,
					"end":	3.000003,
					"seconds":	1.0000029802322388,
					"bytes":	188615168,
					"bits_per_second":	1508916847.0773668,
					"jitter_ms":	0.00078461189839408379,
					"lost_packets":	0,
					"packets":	736780,
					"lost_percent":	0,
					"omitted":	false,
					"sender":	false
				}],
			"sum":	{
				"start":	2,
				"end":	3.000003,
				"seconds":	1.0000029802322388,
				"bytes":	188615168,
				"bits_per_second":	1508916847.0773668,
				"jitter_ms":	0.00078461189839408379,
				"lost_packets":	0,
				"packets":	736780,
				"lost_percent":	0,
				"omitted":	false,
				"sender":	false
			}
		}, {
			"streams":	[{
					"socket":	5,
					"start":	3.000003,
					"end":	3.999999,
					"seconds":	0.9999960064888,
					"bytes":	207466752,
					"bits_per_second":	1659740644.1928515,
					"jitter_ms":	0.001745893043386,
					"lost_packets":	0,
					"packets":	810421,
					"lost_percent":	0,
					"omitted":	false,
					"sender":	false
				}],
			"sum":	{
				"start":	3.000003,
				"end":	3.999999,
				"seconds":	0.9999960064888,
				"bytes":	207466752,
				"bits_per_second":	1659740644.1928515,
				"jitter_ms":	0.001745893043386,
				"lost_packets":	0,
				"packets":	810421,
				"lost_percent":	0,
				"omitted":	false,
				"sender":	false
			}
		}, {
			"streams":	[{
					"socket":	5,
					"start":	3.999999,
					"end":	5.000002,
					"seconds":	1.0000029802322388,
					"bytes":	175523840,
					"bits_per_second":	1404186535.1980186,
					"jitter_ms":	0.0015649867960775474,
					"lost_packets":	0,
					"packets":	685642,
					"lost_percent":	0,
					"omitted":	false,
					"sender":	false
				}],
			"sum":	{
				"start":	3.999999,
				"end":	5.000002,
				"seconds":	1.0000029802322388,
				"bytes":	175523840,
				"bits_per_second":	1404186535.1980186,
				"jitter_ms":	0.0015649867960775474,
				"lost_packets":	0,
				"packets":	685642,
				"lost_percent":	0,
				"omitted":	false,
				"sender":	false
			}
		}, {
			"streams":	[{
					"socket":	5,
					"start":	5.000002,
					"end":	5.00018,
					"seconds":	0.00017800000205170363,
					"bytes":	7168,
					"bits_per_second":	322157299.65746462,
					"jitter_ms":	0.0015057807677239026,
					"lost_packets":	0,
					"packets":	29,
					"lost_percent":	0,
					"omitted":	false,
					"sender":	false
				}],
			"sum":	{
				"start":	5.000002,
				"end":	5.00018,
				"seconds":	0.00017800000205170363,
				"bytes":	7168,
				"bits_per_second":	322157299.65746462,
				"jitter_ms":	0.0015057807677239026,
				"lost_packets":	0,
				"packets":	29,
				"lost_percent":	0,
				"omitted":	false,
				"sender":	false
			}
		}],
	"end":	{
		"streams":	[{
				"udp":	{
					"socket":	5,
					"start":	0,
					"end":	5.00018,
					"seconds":	5.00018,
					"bytes":	0,
					"bits_per_second":	0,
					"jitter_ms":	0.0015057807677239026,
					"lost_packets":	0,
					"packets":	4900317,
					"lost_percent":	0,
					"out_of_order":	0,
					"sender":	false
				}
			}],
		"sum":	{
			"start":	0,
			"end":	5.00018,
			"seconds":	5.00018,
			"bytes":	0,
			"bits_per_second":	0,
			"jitter_ms":	0.0015057807677239026,
			"lost_packets":	0,
			"packets":	4900317,
			"lost_percent":	0,
			"sender":	false
		},
		"sum_sent":	{
			"start":	0,
			"end":	5.00018,
			"seconds":	5.00018,
			"bytes":	0,
			"bits_per_second":	0,
			"jitter_ms":	0,
			"lost_packets":	0,
			"packets":	0,
			"lost_percent":	0,
			"sender":	true
		},
		"sum_received":	{
			"start":	0,
			"end":	5.00018,
			"seconds":	5.00018,
			"bytes":	1254481152,
			"bits_per_second":	2007097587.6868432,
			"jitter_ms":	0.0015057807677239026,
			"lost_packets":	0,
			"packets":	4900317,
			"lost_percent":	0,
			"sender":	false
		},
		"cpu_utilization_percent":	{
			"host_total":	126.56411490068122,
			"host_user":	13.918543043614095,
			"host_system":	112.64554328660587,
			"remote_total":	0,
			"remote_user":	0,
			"remote_system":	0
		}
	}
}
