{
	"start":	{
		"connected":	[{
				"socket":	5,
				"local_host":	"192.168.1.110",
				"local_port":	44990,
				"remote_host":	"192.168.1.100",
				"remote_port":	5201
			}],
		"version":	"iperf 3.16",
		"system_info":	"Linux design-lab 6.14.0-37-generic #37~24.04.1-Ubuntu SMP PREEMPT_DYNAMIC Thu Nov 20 10:25:38 UTC 2 x86_64",
		"timestamp":	{
			"time":	"Fri, 26 Jun 2026 02:16:51 GMT",
			"timesecs":	1782440211
		},
		"connecting_to":	{
			"host":	"192.168.1.100",
			"port":	5201
		},
		"cookie":	"cwrcxuc6ryeytlvc6rsn3a56zecn46ojlyxi",
		"target_bitrate":	6826666667,
		"fq_rate":	0,
		"sock_bufsize":	0,
		"sndbuf_actual":	67108864,
		"rcvbuf_actual":	67108864,
		"test_start":	{
			"protocol":	"UDP",
			"num_streams":	1,
			"blksize":	384,
			"omit":	2,
			"duration":	5,
			"bytes":	0,
			"blocks":	0,
			"reverse":	0,
			"tos":	0,
			"target_bitrate":	6826666667,
			"bidir":	0,
			"fqrate":	0
		}
	},
	"intervals":	[{
			"streams":	[{
					"socket":	5,
					"start":	0,
					"end":	1.000053,
					"seconds":	1.00005304813385,
					"bytes":	550591872,
					"bits_per_second":	4404501325.4241457,
					"packets":	1433834,
					"omitted":	true,
					"sender":	true
				}],
			"sum":	{
				"start":	0,
				"end":	1.000053,
				"seconds":	1.00005304813385,
				"bytes":	550591872,
				"bits_per_second":	4404501325.4241457,
				"packets":	1433834,
				"omitted":	true,
				"sender":	true
			}
		}, {
			"streams":	[{
					"socket":	5,
					"start":	1,
					"end":	1.000052,
					"seconds":	2.0000519752502441,
					"bytes":	551341056,
					"bits_per_second":	2205306913.310658,
					"packets":	2872584,
					"omitted":	false,
					"sender":	true
				}],
			"sum":	{
				"start":	1,
				"end":	1.000052,
				"seconds":	2.0000519752502441,
				"bytes":	551341056,
				"bits_per_second":	2205306913.310658,
				"packets":	2872584,
				"omitted":	false,
				"sender":	true
			}
		}, {
			"streams":	[{
					"socket":	5,
					"start":	1.000052,
					"end":	2.000052,
					"seconds":	1,
					"bytes":	551398656,
					"bits_per_second":	4411189248,
					"packets":	1435935,
					"omitted":	false,
					"sender":	true
				}],
			"sum":	{
				"start":	1.000052,
				"end":	2.000052,
				"seconds":	1,
				"bytes":	551398656,
				"bits_per_second":	4411189248,
				"packets":	1435935,
				"omitted":	false,
				"sender":	true
			}
		}, {
			"streams":	[{
					"socket":	5,
					"start":	2.000052,
					"end":	3,
					"seconds":	0.999948024749756,
					"bytes":	551710080,
					"bits_per_second":	4413910054.0796156,
					"packets":	1436753,
					"omitted":	false,
					"sender":	true
				}],
			"sum":	{
				"start":	2.000052,
				"end":	3,
				"seconds":	0.999948024749756,
				"bytes":	551710080,
				"bits_per_second":	4413910054.0796156,
				"packets":	1436753,
				"omitted":	false,
				"sender":	true
			}
		}, {
			"streams":	[{
					"socket":	5,
					"start":	3,
					"end":	4.000001,
					"seconds":	1.0000009536743164,
					"bytes":	550313472,
					"bits_per_second":	4402503577.44541,
					"packets":	1433110,
					"omitted":	false,
					"sender":	true
				}],
			"sum":	{
				"start":	3,
				"end":	4.000001,
				"seconds":	1.0000009536743164,
				"bytes":	550313472,
				"bits_per_second":	4402503577.44541,
				"packets":	1433110,
				"omitted":	false,
				"sender":	true
			}
		}, {
			"streams":	[{
					"socket":	5,
					"start":	4.000001,
					"end":	5.000167,
					"seconds":	1.0001660585403442,
					"bytes":	549936000,
					"bits_per_second":	4398757548.7421274,
					"packets":	1432125,
					"omitted":	false,
					"sender":	true
				}],
			"sum":	{
				"start":	4.000001,
				"end":	5.000167,
				"seconds":	1.0001660585403442,
				"bytes":	549936000,
				"bits_per_second":	4398757548.7421274,
				"packets":	1432125,
				"omitted":	false,
				"sender":	true
			}
		}],
	"end":	{
		"streams":	[{
				"udp":	{
					"socket":	5,
					"start":	0,
					"end":	5.000167,
					"seconds":	5.000167,
					"bytes":	2754703872,
					"bits_per_second":	4407378988.7417755,
					"jitter_ms":	0.0057211946211066225,
					"lost_packets":	5553620,
					"packets":	7173707,
					"lost_percent":	77.416320460258547,
					"out_of_order":	0,
					"sender":	true
				}
			}],
		"sum":	{
			"start":	0,
			"end":	5.000259,
			"seconds":	5.000259,
			"bytes":	2754703872,
			"bits_per_second":	4407378988.7417755,
			"jitter_ms":	0.0057211946211066225,
			"lost_packets":	5553620,
			"packets":	7173707,
			"lost_percent":	77.416320460258547,
			"sender":	true
		},
		"sum_sent":	{
			"start":	0,
			"end":	5.000167,
			"seconds":	5.000167,
			"bytes":	2754703872,
			"bits_per_second":	4407378988.7417755,
			"jitter_ms":	0,
			"lost_packets":	0,
			"packets":	7173707,
			"lost_percent":	0,
			"sender":	true
		},
		"sum_received":	{
			"start":	0,
			"end":	5.000259,
			"seconds":	5.000259,
			"bytes":	611243904,
			"bits_per_second":	977939589.12928319,
			"jitter_ms":	0.0057211946211066225,
			"lost_packets":	5553620,
			"packets":	7145402,
			"lost_percent":	77.416320460258547,
			"sender":	false
		},
		"cpu_utilization_percent":	{
			"host_total":	101.45409338823544,
			"host_user":	13.608011448191021,
			"host_system":	87.8460819400444,
			"remote_total":	199.09685195988968,
			"remote_user":	19.44158900800138,
			"remote_system":	179.65526295188829
		}
	}
}
