{
	"start":	{
		"connected":	[{
				"socket":	5,
				"local_host":	"192.168.1.100",
				"local_port":	5201,
				"remote_host":	"192.168.1.110",
				"remote_port":	60378
			}],
		"version":	"iperf 3.16",
		"system_info":	"Linux design-lab 6.14.0-37-generic #37~24.04.1-Ubuntu SMP PREEMPT_DYNAMIC Thu Nov 20 10:25:38 UTC 2 x86_64",
		"target_bitrate":	7656697009,
		"timestamp":	{
			"time":	"Fri, 26 Jun 2026 02:21:37 GMT",
			"timesecs":	1782440497
		},
		"accepted_connection":	{
			"host":	"192.168.1.110",
			"port":	37762
		},
		"cookie":	"oi6rcnscr53wxupfibqpampbep6v7irlyyel",
		"target_bitrate":	7656697009,
		"fq_rate":	0,
		"sock_bufsize":	0,
		"sndbuf_actual":	67108864,
		"rcvbuf_actual":	67108864,
		"test_start":	{
			"protocol":	"UDP",
			"num_streams":	1,
			"blksize":	1472,
			"omit":	2,
			"duration":	5,
			"bytes":	0,
			"blocks":	0,
			"reverse":	0,
			"tos":	0,
			"target_bitrate":	7656697009,
			"bidir":	0,
			"fqrate":	0
		}
	},
	"intervals":	[{
			"streams":	[{
					"socket":	5,
					"start":	0,
					"end":	1.000003,
					"seconds":	1.0000029802322388,
					"bytes":	956984000,
					"bits_per_second":	7655849183.7914476,
					"jitter_ms":	0.0009193073979119386,
					"lost_packets":	0,
					"packets":	650125,
					"lost_percent":	0,
					"omitted":	true,
					"sender":	false
				}],
			"sum":	{
				"start":	0,
				"end":	1.000003,
				"seconds":	1.0000029802322388,
				"bytes":	956984000,
				"bits_per_second":	7655849183.7914476,
				"jitter_ms":	0.0009193073979119386,
				"lost_packets":	0,
				"packets":	650125,
				"lost_percent":	0,
				"omitted":	true,
				"sender":	false
			}
		}, {
			"streams":	[{
					"socket":	5,
					"start":	1.000003,
					"end":	2.000017,
					"seconds":	1.0000139474868774,
					"bytes":	957081152,
					"bits_per_second":	7656542426.47498,
					"jitter_ms":	0.0019913829909202776,
					"lost_packets":	0,
					"packets":	650194,
					"lost_percent":	0,
					"omitted":	true,
					"sender":	false
				}],
			"sum":	{
				"start":	1.000003,
				"end":	2.000017,
				"seconds":	1.0000139474868774,
				"bytes":	957081152,
				"bits_per_second":	7656542426.47498,
				"jitter_ms":	0.0019913829909202776,
				"lost_packets":	0,
				"packets":	650194,
				"lost_percent":	0,
				"omitted":	true,
				"sender":	false
			}
		}, {
			"streams":	[{
					"socket":	5,
					"start":	1.7e-05,
					"end":	0.999988,
					"seconds":	1.0000050067901611,
					"bytes":	957085568,
					"bits_per_second":	7656646208.7790947,
					"jitter_ms":	0.0037139073297743717,
					"lost_packets":	0,
					"packets":	650200,
					"lost_percent":	0,
					"omitted":	false,
					"sender":	false
				}],
			"sum":	{
				"start":	1.7e-05,
				"end":	0.999988,
				"seconds":	1.0000050067901611,
				"bytes":	957085568,
				"bits_per_second":	7656646208.7790947,
				"jitter_ms":	0.0037139073297743717,
				"lost_packets":	0,
				"packets":	650200,
				"lost_percent":	0,
				"omitted":	false,
				"sender":	false
			}
		}, {
			"streams":	[{
					"socket":	5,
					"start":	0.999988,
					"end":	1.999998,
					"seconds":	1.0000100135803223,
					"bytes":	957063488,
					"bits_per_second":	7656431235.71084,
					"jitter_ms":	0.0049422678459478779,
					"lost_packets":	0,
					"packets":	650180,
					"lost_percent":	0,
					"omitted":	false,
					"sender":	false
				}],
			"sum":	{
				"start":	0.999988,
				"end":	1.999998,
				"seconds":	1.0000100135803223,
				"bytes":	957063488,
				"bits_per_second":	7656431235.71084,
				"jitter_ms":	0.0049422678459478779,
				"lost_packets":	0,
				"packets":	650180,
				"lost_percent":	0,
				"omitted":	false,
				"sender":	false
			}
		}, {
			"streams":	[{
					"socket":	5,
					"start":	1.999998,
					"end":	2.999992,
					"seconds":	0.99999397993087769,
					"bytes":	957109120,
					"bits_per_second":	7656919055.1819763,
					"jitter_ms":	0.0031403459310417616,
					"lost_packets":	0,
					"packets":	650211,
					"lost_percent":	0,
					"omitted":	false,
					"sender":	false
				}],
			"sum":	{
				"start":	1.999998,
				"end":	2.999992,
				"seconds":	0.99999397993087769,
				"bytes":	957109120,
				"bits_per_second":	7656919055.1819763,
				"jitter_ms":	0.0031403459310417616,
				"lost_packets":	0,
				"packets":	650211,
				"lost_percent":	0,
				"omitted":	false,
				"sender":	false
			}
		}, {
			"streams":	[{
					"socket":	5,
					"start":	2.999992,
					"end":	3.999993,
					"seconds":	1.0000009536743164,
					"bytes":	957084096,
					"bits_per_second":	7656665466.0347958,
					"jitter_ms":	0.0029860113991924354,
					"lost_packets":	0,
					"packets":	650194,
					"lost_percent":	0,
					"omitted":	false,
					"sender":	false
				}],
			"sum":	{
				"start":	2.999992,
				"end":	3.999993,
				"seconds":	1.0000009536743164,
				"bytes":	957084096,
				"bits_per_second":	7656665466.0347958,
				"jitter_ms":	0.0029860113991924354,
				"lost_packets":	0,
				"packets":	650194,
				"lost_percent":	0,
				"omitted":	false,
				"sender":	false
			}
		}, {
			"streams":	[{
					"socket":	5,
					"start":	3.999993,
					"end":	4.99999,
					"seconds":	0.99999701976776123,
					"bytes":	957079680,
					"bits_per_second":	7656660258.6257439,
					"jitter_ms":	0.0037505840759438549,
					"lost_packets":	0,
					"packets":	650191,
					"lost_percent":	0,
					"omitted":	false,
					"sender":	false
				}],
			"sum":	{
				"start":	3.999993,
				"end":	4.99999,
				"seconds":	0.99999701976776123,
				"bytes":	957079680,
				"bits_per_second":	7656660258.6257439,
				"jitter_ms":	0.0037505840759438549,
				"lost_packets":	0,
				"packets":	650191,
				"lost_percent":	0,
				"omitted":	false,
				"sender":	false
			}
		}, {
			"streams":	[{
					"socket":	5,
					"start":	4.99999,
					"end":	5.000241,
					"seconds":	0.00025099999038502574,
					"bytes":	113344,
					"bits_per_second":	3612557907.3093677,
					"jitter_ms":	0.0014426684275177083,
					"lost_packets":	0,
					"packets":	77,
					"lost_percent":	0,
					"omitted":	false,
					"sender":	false
				}],
			"sum":	{
				"start":	4.99999,
				"end":	5.000241,
				"seconds":	0.00025099999038502574,
				"bytes":	113344,
				"bits_per_second":	3612557907.3093677,
				"jitter_ms":	0.0014426684275177083,
				"lost_packets":	0,
				"packets":	77,
				"lost_percent":	0,
				"omitted":	false,
				"sender":	false
			}
		}],
	"end":	{
		"streams":	[{
				"udp":	{
					"socket":	5,
					"start":	0,
					"end":	5.000241,
					"seconds":	5.000241,
					"bytes":	0,
					"bits_per_second":	0,
					"jitter_ms":	0.0014426684275177083,
					"lost_packets":	0,
					"packets":	3251047,
					"lost_percent":	0,
					"out_of_order":	0,
					"sender":	false
				}
			}],
		"sum":	{
			"start":	0,
			"end":	5.000241,
			"seconds":	5.000241,
			"bytes":	0,
			"bits_per_second":	0,
			"jitter_ms":	0.0014426684275177083,
			"lost_packets":	0,
			"packets":	3251047,
			"lost_percent":	0,
			"sender":	false
		},
		"sum_sent":	{
			"start":	0,
			"end":	5.000241,
			"seconds":	5.000241,
			"bytes":	0,
			"bits_per_second":	0,
			"jitter_ms":	0,
			"lost_packets":	0,
			"packets":	0,
			"lost_percent":	0,
			"sender":	true
		},
		"sum_received":	{
			"start":	0,
			"end":	5.000241,
			"seconds":	5.000241,
			"bytes":	4785541184,
			"bits_per_second":	7656496851.25177,
			"jitter_ms":	0.0014426684275177083,
			"lost_packets":	0,
			"packets":	3251047,
			"lost_percent":	0,
			"sender":	false
		},
		"cpu_utilization_percent":	{
			"host_total":	103.20491557620997,
			"host_user":	12.680710680347266,
			"host_system":	90.524190610715749,
			"remote_total":	0,
			"remote_user":	0,
			"remote_system":	0
		}
	}
}
