{
	"start":	{
		"connected":	[{
				"socket":	5,
				"local_host":	"192.168.1.110",
				"local_port":	60247,
				"remote_host":	"192.168.1.100",
				"remote_port":	5201
			}],
		"version":	"iperf 3.16",
		"system_info":	"Linux design-lab 6.14.0-37-generic #37~24.04.1-Ubuntu SMP PREEMPT_DYNAMIC Thu Nov 20 10:25:38 UTC 2 x86_64",
		"timestamp":	{
			"time":	"Fri, 26 Jun 2026 02:21:03 GMT",
			"timesecs":	1782440463
		},
		"connecting_to":	{
			"host":	"192.168.1.100",
			"port":	5201
		},
		"cookie":	"cbeszhsyuddd7sfrayit34kbbwkceltjpcoy",
		"target_bitrate":	7625531915,
		"fq_rate":	0,
		"sock_bufsize":	0,
		"sndbuf_actual":	67108864,
		"rcvbuf_actual":	67108864,
		"test_start":	{
			"protocol":	"UDP",
			"num_streams":	1,
			"blksize":	1344,
			"omit":	2,
			"duration":	5,
			"bytes":	0,
			"blocks":	0,
			"reverse":	0,
			"tos":	0,
			"target_bitrate":	7625531915,
			"bidir":	0,
			"fqrate":	0
		}
	},
	"intervals":	[{
			"streams":	[{
					"socket":	5,
					"start":	0,
					"end":	1.000054,
					"seconds":	1.0000540018081665,
					"bytes":	837584832,
					"bits_per_second":	6700316826.7760658,
					"packets":	623204,
					"omitted":	true,
					"sender":	true
				}],
			"sum":	{
				"start":	0,
				"end":	1.000054,
				"seconds":	1.0000540018081665,
				"bytes":	837584832,
				"bits_per_second":	6700316826.7760658,
				"packets":	623204,
				"omitted":	true,
				"sender":	true
			}
		}, {
			"streams":	[{
					"socket":	5,
					"start":	0.999999,
					"end":	1.000001,
					"seconds":	2,
					"bytes":	885448704,
					"bits_per_second":	3541794816,
					"packets":	1280305,
					"omitted":	false,
					"sender":	true
				}],
			"sum":	{
				"start":	0.999999,
				"end":	1.000001,
				"seconds":	2,
				"bytes":	885448704,
				"bits_per_second":	3541794816,
				"packets":	1280305,
				"omitted":	false,
				"sender":	true
			}
		}, {
			"streams":	[{
					"socket":	5,
					"start":	1.000001,
					"end":	2.000002,
					"seconds":	1.0000009536743164,
					"bytes":	882665280,
					"bits_per_second":	7061315505.8047619,
					"packets":	656745,
					"omitted":	false,
					"sender":	true
				}],
			"sum":	{
				"start":	1.000001,
				"end":	2.000002,
				"seconds":	1.0000009536743164,
				"bytes":	882665280,
				"bits_per_second":	7061315505.8047619,
				"packets":	656745,
				"omitted":	false,
				"sender":	true
			}
		}, {
			"streams":	[{
					"socket":	5,
					"start":	2.000002,
					"end":	3.000001,
					"seconds":	0.99999898672103882,
					"bytes":	1324924608,
					"bits_per_second":	10599407604.156727,
					"packets":	985816,
					"omitted":	false,
					"sender":	true
				}],
			"sum":	{
				"start":	2.000002,
				"end":	3.000001,
				"seconds":	0.99999898672103882,
				"bytes":	1324924608,
				"bits_per_second":	10599407604.156727,
				"packets":	985816,
				"omitted":	false,
				"sender":	true
			}
		}, {
			"streams":	[{
					"socket":	5,
					"start":	3.000001,
					"end":	4.000001,
					"seconds":	1,
					"bytes":	953194368,
					"bits_per_second":	7625554944,
					"packets":	709222,
					"omitted":	false,
					"sender":	true
				}],
			"sum":	{
				"start":	3.000001,
				"end":	4.000001,
				"seconds":	1,
				"bytes":	953194368,
				"bits_per_second":	7625554944,
				"packets":	709222,
				"omitted":	false,
				"sender":	true
			}
		}, {
			"streams":	[{
					"socket":	5,
					"start":	4.000001,
					"end":	5.000123,
					"seconds":	1.0001219511032104,
					"bytes":	953184960,
					"bits_per_second":	7624549857.733366,
					"packets":	709215,
					"omitted":	false,
					"sender":	true
				}],
			"sum":	{
				"start":	4.000001,
				"end":	5.000123,
				"seconds":	1.0001219511032104,
				"bytes":	953184960,
				"bits_per_second":	7624549857.733366,
				"packets":	709215,
				"omitted":	false,
				"sender":	true
			}
		}],
	"end":	{
		"streams":	[{
				"udp":	{
					"socket":	5,
					"start":	0,
					"end":	5.000123,
					"seconds":	5.000123,
					"bytes":	4999432704,
					"bits_per_second":	7998895553.5693817,
					"jitter_ms":	0.0014408351865824252,
					"lost_packets":	456099,
					"packets":	3719816,
					"lost_percent":	12.261332280951532,
					"out_of_order":	0,
					"sender":	true
				}
			}],
		"sum":	{
			"start":	0,
			"end":	5.000256,
			"seconds":	5.000256,
			"bytes":	4999432704,
			"bits_per_second":	7998895553.5693817,
			"jitter_ms":	0.0014408351865824252,
			"lost_packets":	456099,
			"packets":	3719816,
			"lost_percent":	12.261332280951532,
			"sender":	true
		},
		"sum_sent":	{
			"start":	0,
			"end":	5.000123,
			"seconds":	5.000123,
			"bytes":	4999432704,
			"bits_per_second":	7998895553.5693817,
			"jitter_ms":	0,
			"lost_packets":	0,
			"packets":	3719816,
			"lost_percent":	0,
			"sender":	true
		},
		"sum_received":	{
			"start":	0,
			"end":	5.000256,
			"seconds":	5.000256,
			"bytes":	4372834368,
			"bits_per_second":	6996176784.54863,
			"jitter_ms":	0.0014408351865824252,
			"lost_packets":	456099,
			"packets":	3709696,
			"lost_percent":	12.261332280951532,
			"sender":	false
		},
		"cpu_utilization_percent":	{
			"host_total":	101.39017688329541,
			"host_user":	10.485621982736209,
			"host_system":	90.9045549005592,
			"remote_total":	142.71258912521014,
			"remote_user":	16.502763324354625,
			"remote_system":	126.20979723050445
		}
	}
}
