{
	"start":	{
		"connected":	[{
				"socket":	5,
				"local_host":	"192.168.1.100",
				"local_port":	5201,
				"remote_host":	"192.168.1.110",
				"remote_port":	59651
			}],
		"version":	"iperf 3.16",
		"system_info":	"Linux design-lab 6.14.0-37-generic #37~24.04.1-Ubuntu SMP PREEMPT_DYNAMIC Thu Nov 20 10:25:38 UTC 2 x86_64",
		"target_bitrate":	7588143526,
		"timestamp":	{
			"time":	"Fri, 26 Jun 2026 02:20:30 GMT",
			"timesecs":	1782440430
		},
		"accepted_connection":	{
			"host":	"192.168.1.110",
			"port":	56216
		},
		"cookie":	"r5fhbzuureknio6s7qcnqcsqalek44ed3b3u",
		"target_bitrate":	7588143526,
		"fq_rate":	0,
		"sock_bufsize":	0,
		"sndbuf_actual":	67108864,
		"rcvbuf_actual":	67108864,
		"test_start":	{
			"protocol":	"UDP",
			"num_streams":	1,
			"blksize":	1216,
			"omit":	2,
			"duration":	5,
			"bytes":	0,
			"blocks":	0,
			"reverse":	0,
			"tos":	0,
			"target_bitrate":	7588143526,
			"bidir":	0,
			"fqrate":	0
		}
	},
	"intervals":	[{
			"streams":	[{
					"socket":	5,
					"start":	0,
					"end":	1.000007,
					"seconds":	1.0000070333480835,
					"bytes":	948393664,
					"bits_per_second":	7587095949.3132458,
					"jitter_ms":	0.00309334121773974,
					"lost_packets":	0,
					"packets":	779929,
					"lost_percent":	0,
					"omitted":	true,
					"sender":	false
				}],
			"sum":	{
				"start":	0,
				"end":	1.000007,
				"seconds":	1.0000070333480835,
				"bytes":	948393664,
				"bits_per_second":	7587095949.3132458,
				"jitter_ms":	0.00309334121773974,
				"lost_packets":	0,
				"packets":	779929,
				"lost_percent":	0,
				"omitted":	true,
				"sender":	false
			}
		}, {
			"streams":	[{
					"socket":	5,
					"start":	0.999998,
					"end":	0.999999,
					"seconds":	1.9999970197677612,
					"bytes":	948517696,
					"bits_per_second":	3794076437.6144581,
					"jitter_ms":	0.0031679851977301846,
					"lost_packets":	0,
					"packets":	1560067,
					"lost_percent":	0,
					"omitted":	false,
					"sender":	false
				}],
			"sum":	{
				"start":	0.999998,
				"end":	0.999999,
				"seconds":	1.9999970197677612,
				"bytes":	948517696,
				"bits_per_second":	3794076437.6144581,
				"jitter_ms":	0.0031679851977301846,
				"lost_packets":	0,
				"packets":	1560067,
				"lost_percent":	0,
				"omitted":	false,
				"sender":	false
			}
		}, {
			"streams":	[{
					"socket":	5,
					"start":	0.999999,
					"end":	1.999999,
					"seconds":	1,
					"bytes":	948511616,
					"bits_per_second":	7588092928,
					"jitter_ms":	0.0036564944928338212,
					"lost_packets":	0,
					"packets":	780027,
					"lost_percent":	0,
					"omitted":	false,
					"sender":	false
				}],
			"sum":	{
				"start":	0.999999,
				"end":	1.999999,
				"seconds":	1,
				"bytes":	948511616,
				"bits_per_second":	7588092928,
				"jitter_ms":	0.0036564944928338212,
				"lost_packets":	0,
				"packets":	780027,
				"lost_percent":	0,
				"omitted":	false,
				"sender":	false
			}
		}, {
			"streams":	[{
					"socket":	5,
					"start":	1.999999,
					"end":	3.000006,
					"seconds":	1.0000070333480835,
					"bytes":	948528640,
					"bits_per_second":	7588175749.7186337,
					"jitter_ms":	0.0012071275486584664,
					"lost_packets":	0,
					"packets":	780042,
					"lost_percent":	0,
					"omitted":	false,
					"sender":	false
				}],
			"sum":	{
				"start":	1.999999,
				"end":	3.000006,
				"seconds":	1.0000070333480835,
				"bytes":	948528640,
				"bits_per_second":	7588175749.7186337,
				"jitter_ms":	0.0012071275486584664,
				"lost_packets":	0,
				"packets":	780042,
				"lost_percent":	0,
				"omitted":	false,
				"sender":	false
			}
		}, {
			"streams":	[{
					"socket":	5,
					"start":	3.000006,
					"end":	3.999999,
					"seconds":	0.99999302625656128,
					"bytes":	948511616,
					"bits_per_second":	7588145845.7823038,
					"jitter_ms":	0.00079333030308276469,
					"lost_packets":	0,
					"packets":	780040,
					"lost_percent":	0,
					"omitted":	false,
					"sender":	false
				}],
			"sum":	{
				"start":	3.000006,
				"end":	3.999999,
				"seconds":	0.99999302625656128,
				"bytes":	948511616,
				"bits_per_second":	7588145845.7823038,
				"jitter_ms":	0.00079333030308276469,
				"lost_packets":	0,
				"packets":	780040,
				"lost_percent":	0,
				"omitted":	false,
				"sender":	false
			}
		}, {
			"streams":	[{
					"socket":	5,
					"start":	3.999999,
					"end":	4.999999,
					"seconds":	1,
					"bytes":	948501888,
					"bits_per_second":	7588015104,
					"jitter_ms":	0.0038905209590062162,
					"lost_packets":	0,
					"packets":	780019,
					"lost_percent":	0,
					"omitted":	false,
					"sender":	false
				}],
			"sum":	{
				"start":	3.999999,
				"end":	4.999999,
				"seconds":	1,
				"bytes":	948501888,
				"bits_per_second":	7588015104,
				"jitter_ms":	0.0038905209590062162,
				"lost_packets":	0,
				"packets":	780019,
				"lost_percent":	0,
				"omitted":	false,
				"sender":	false
			}
		}, {
			"streams":	[{
					"socket":	5,
					"start":	4.999999,
					"end":	5.000231,
					"seconds":	0.00023200000578071922,
					"bytes":	162944,
					"bits_per_second":	5618758480.68765,
					"jitter_ms":	0.0013049959864932543,
					"lost_packets":	0,
					"packets":	135,
					"lost_percent":	0,
					"omitted":	false,
					"sender":	false
				}],
			"sum":	{
				"start":	4.999999,
				"end":	5.000231,
				"seconds":	0.00023200000578071922,
				"bytes":	162944,
				"bits_per_second":	5618758480.68765,
				"jitter_ms":	0.0013049959864932543,
				"lost_packets":	0,
				"packets":	135,
				"lost_percent":	0,
				"omitted":	false,
				"sender":	false
			}
		}],
	"end":	{
		"streams":	[{
				"udp":	{
					"socket":	5,
					"start":	0,
					"end":	5.000231,
					"seconds":	5.000231,
					"bytes":	0,
					"bits_per_second":	0,
					"jitter_ms":	0.0013049959864932543,
					"lost_packets":	0,
					"packets":	3900294,
					"lost_percent":	0,
					"out_of_order":	0,
					"sender":	false
				}
			}],
		"sum":	{
			"start":	0,
			"end":	5.000231,
			"seconds":	5.000231,
			"bytes":	0,
			"bits_per_second":	0,
			"jitter_ms":	0.0013049959864932543,
			"lost_packets":	0,
			"packets":	3900294,
			"lost_percent":	0,
			"sender":	false
		},
		"sum_sent":	{
			"start":	0,
			"end":	5.000231,
			"seconds":	5.000231,
			"bytes":	0,
			"bits_per_second":	0,
			"jitter_ms":	0,
			"lost_packets":	0,
			"packets":	0,
			"lost_percent":	0,
			"sender":	true
		},
		"sum_received":	{
			"start":	0,
			"end":	5.000231,
			"seconds":	5.000231,
			"bytes":	4742757504,
			"bits_per_second":	7588061437.961566,
			"jitter_ms":	0.0013049959864932543,
			"lost_packets":	0,
			"packets":	3900294,
			"lost_percent":	0,
			"sender":	false
		},
		"cpu_utilization_percent":	{
			"host_total":	120.6556741005959,
			"host_user":	15.650535709745059,
			"host_system":	105.00512410563859,
			"remote_total":	0,
			"remote_user":	0,
			"remote_system":	0
		}
	}
}
