{
	"start":	{
		"connected":	[{
				"socket":	5,
				"local_host":	"192.168.1.100",
				"local_port":	5201,
				"remote_host":	"192.168.1.110",
				"remote_port":	42232
			}],
		"version":	"iperf 3.16",
		"system_info":	"Linux design-lab 6.14.0-37-generic #37~24.04.1-Ubuntu SMP PREEMPT_DYNAMIC Thu Nov 20 10:25:38 UTC 2 x86_64",
		"target_bitrate":	7607726597,
		"timestamp":	{
			"time":	"Fri, 26 Jun 2026 02:20:46 GMT",
			"timesecs":	1782440446
		},
		"accepted_connection":	{
			"host":	"192.168.1.110",
			"port":	58608
		},
		"cookie":	"qdg2m4vlt5lrutl2i7ewt37dhv6jdiqd4c6o",
		"target_bitrate":	7607726597,
		"fq_rate":	0,
		"sock_bufsize":	0,
		"sndbuf_actual":	67108864,
		"rcvbuf_actual":	67108864,
		"test_start":	{
			"protocol":	"UDP",
			"num_streams":	1,
			"blksize":	1280,
			"omit":	2,
			"duration":	5,
			"bytes":	0,
			"blocks":	0,
			"reverse":	0,
			"tos":	0,
			"target_bitrate":	7607726597,
			"bidir":	0,
			"fqrate":	0
		}
	},
	"intervals":	[{
			"streams":	[{
					"socket":	5,
					"start":	0,
					"end":	1.000013,
					"seconds":	1.000012993812561,
					"bytes":	950831360,
					"bits_per_second":	7606552041.8885317,
					"jitter_ms":	0.0034589968979004022,
					"lost_packets":	0,
					"packets":	742837,
					"lost_percent":	0,
					"omitted":	true,
					"sender":	false
				}],
			"sum":	{
				"start":	0,
				"end":	1.000013,
				"seconds":	1.000012993812561,
				"bytes":	950831360,
				"bits_per_second":	7606552041.8885317,
				"jitter_ms":	0.0034589968979004022,
				"lost_packets":	0,
				"packets":	742837,
				"lost_percent":	0,
				"omitted":	true,
				"sender":	false
			}
		}, {
			"streams":	[{
					"socket":	5,
					"start":	0.999988,
					"end":	1.000002,
					"seconds":	1.9999899864196777,
					"bytes":	950923520,
					"bits_per_second":	3803713124.3934469,
					"jitter_ms":	0.0047357294265824943,
					"lost_packets":	0,
					"packets":	1485884,
					"lost_percent":	0,
					"omitted":	false,
					"sender":	false
				}],
			"sum":	{
				"start":	0.999988,
				"end":	1.000002,
				"seconds":	1.9999899864196777,
				"bytes":	950923520,
				"bits_per_second":	3803713124.3934469,
				"jitter_ms":	0.0047357294265824943,
				"lost_packets":	0,
				"packets":	1485884,
				"lost_percent":	0,
				"omitted":	false,
				"sender":	false
			}
		}, {
			"streams":	[{
					"socket":	5,
					"start":	1.000002,
					"end":	2.000009,
					"seconds":	1.0000070333480835,
					"bytes":	950968320,
					"bits_per_second":	7607693052.44665,
					"jitter_ms":	0.0035313932725410135,
					"lost_packets":	0,
					"packets":	742945,
					"lost_percent":	0,
					"omitted":	false,
					"sender":	false
				}],
			"sum":	{
				"start":	1.000002,
				"end":	2.000009,
				"seconds":	1.0000070333480835,
				"bytes":	950968320,
				"bits_per_second":	7607693052.44665,
				"jitter_ms":	0.0035313932725410135,
				"lost_packets":	0,
				"packets":	742945,
				"lost_percent":	0,
				"omitted":	false,
				"sender":	false
			}
		}, {
			"streams":	[{
					"socket":	5,
					"start":	2.000009,
					"end":	3.000003,
					"seconds":	0.99999397993087769,
					"bytes":	950983680,
					"bits_per_second":	7607915240.1756229,
					"jitter_ms":	0.0037487765807049048,
					"lost_packets":	0,
					"packets":	742958,
					"lost_percent":	0,
					"omitted":	false,
					"sender":	false
				}],
			"sum":	{
				"start":	2.000009,
				"end":	3.000003,
				"seconds":	0.99999397993087769,
				"bytes":	950983680,
				"bits_per_second":	7607915240.1756229,
				"jitter_ms":	0.0037487765807049048,
				"lost_packets":	0,
				"packets":	742958,
				"lost_percent":	0,
				"omitted":	false,
				"sender":	false
			}
		}, {
			"streams":	[{
					"socket":	5,
					"start":	3.000003,
					"end":	4.000002,
					"seconds":	0.99999898672103882,
					"bytes":	950935040,
					"bits_per_second":	7607488028.5075665,
					"jitter_ms":	0.0049909215941001672,
					"lost_packets":	0,
					"packets":	742923,
					"lost_percent":	0,
					"omitted":	false,
					"sender":	false
				}],
			"sum":	{
				"start":	3.000003,
				"end":	4.000002,
				"seconds":	0.99999898672103882,
				"bytes":	950935040,
				"bits_per_second":	7607488028.5075665,
				"jitter_ms":	0.0049909215941001672,
				"lost_packets":	0,
				"packets":	742923,
				"lost_percent":	0,
				"omitted":	false,
				"sender":	false
			}
		}, {
			"streams":	[{
					"socket":	5,
					"start":	4.000002,
					"end":	5.000011,
					"seconds":	1.0000089406967163,
					"bytes":	950960640,
					"bits_per_second":	7607617102.6027517,
					"jitter_ms":	0.0033591084586727946,
					"lost_packets":	0,
					"packets":	742940,
					"lost_percent":	0,
					"omitted":	false,
					"sender":	false
				}],
			"sum":	{
				"start":	4.000002,
				"end":	5.000011,
				"seconds":	1.0000089406967163,
				"bytes":	950960640,
				"bits_per_second":	7607617102.6027517,
				"jitter_ms":	0.0033591084586727946,
				"lost_packets":	0,
				"packets":	742940,
				"lost_percent":	0,
				"omitted":	false,
				"sender":	false
			}
		}, {
			"streams":	[{
					"socket":	5,
					"start":	5.000011,
					"end":	5.000237,
					"seconds":	0.00022600000374950469,
					"bytes":	163840,
					"bits_per_second":	5799645921.4787626,
					"jitter_ms":	0.000785329286826223,
					"lost_packets":	0,
					"packets":	129,
					"lost_percent":	0,
					"omitted":	false,
					"sender":	false
				}],
			"sum":	{
				"start":	5.000011,
				"end":	5.000237,
				"seconds":	0.00022600000374950469,
				"bytes":	163840,
				"bits_per_second":	5799645921.4787626,
				"jitter_ms":	0.000785329286826223,
				"lost_packets":	0,
				"packets":	129,
				"lost_percent":	0,
				"omitted":	false,
				"sender":	false
			}
		}],
	"end":	{
		"streams":	[{
				"udp":	{
					"socket":	5,
					"start":	0,
					"end":	5.000237,
					"seconds":	5.000237,
					"bytes":	0,
					"bits_per_second":	0,
					"jitter_ms":	0.000785329286826223,
					"lost_packets":	0,
					"packets":	3714804,
					"lost_percent":	0,
					"out_of_order":	0,
					"sender":	false
				}
			}],
		"sum":	{
			"start":	0,
			"end":	5.000237,
			"seconds":	5.000237,
			"bytes":	0,
			"bits_per_second":	0,
			"jitter_ms":	0.000785329286826223,
			"lost_packets":	0,
			"packets":	3714804,
			"lost_percent":	0,
			"sender":	false
		},
		"sum_sent":	{
			"start":	0,
			"end":	5.000237,
			"seconds":	5.000237,
			"bytes":	0,
			"bits_per_second":	0,
			"jitter_ms":	0,
			"lost_packets":	0,
			"packets":	0,
			"lost_percent":	0,
			"sender":	true
		},
		"sum_received":	{
			"start":	0,
			"end":	5.000237,
			"seconds":	5.000237,
			"bytes":	4754949120,
			"bits_per_second":	7607557993.7510958,
			"jitter_ms":	0.000785329286826223,
			"lost_packets":	0,
			"packets":	3714804,
			"lost_percent":	0,
			"sender":	false
		},
		"cpu_utilization_percent":	{
			"host_total":	116.09062943823942,
			"host_user":	14.714834144305296,
			"host_system":	101.37580957915455,
			"remote_total":	0,
			"remote_user":	0,
			"remote_system":	0
		}
	}
}
