{
	"start":	{
		"connected":	[{
				"socket":	5,
				"local_host":	"192.168.1.100",
				"local_port":	5201,
				"remote_host":	"192.168.1.110",
				"remote_port":	45472
			}],
		"version":	"iperf 3.16",
		"system_info":	"Linux design-lab 6.14.0-37-generic #37~24.04.1-Ubuntu SMP PREEMPT_DYNAMIC Thu Nov 20 10:25:38 UTC 2 x86_64",
		"target_bitrate":	7252124646,
		"timestamp":	{
			"time":	"Fri, 26 Jun 2026 02:17:58 GMT",
			"timesecs":	1782440278
		},
		"accepted_connection":	{
			"host":	"192.168.1.110",
			"port":	49004
		},
		"cookie":	"ajimtr27arl7vizgzbylk3z2qtss3vtmf2s2",
		"target_bitrate":	7252124646,
		"fq_rate":	0,
		"sock_bufsize":	0,
		"sndbuf_actual":	67108864,
		"rcvbuf_actual":	67108864,
		"test_start":	{
			"protocol":	"UDP",
			"num_streams":	1,
			"blksize":	640,
			"omit":	2,
			"duration":	5,
			"bytes":	0,
			"blocks":	0,
			"reverse":	0,
			"tos":	0,
			"target_bitrate":	7252124646,
			"bidir":	0,
			"fqrate":	0
		}
	},
	"intervals":	[{
			"streams":	[{
					"socket":	5,
					"start":	0,
					"end":	1.000001,
					"seconds":	1.0000009536743164,
					"bytes":	906414080,
					"bits_per_second":	7251305724.61597,
					"jitter_ms":	0.00029863526942619636,
					"lost_packets":	0,
					"packets":	1416272,
					"lost_percent":	0,
					"omitted":	true,
					"sender":	false
				}],
			"sum":	{
				"start":	0,
				"end":	1.000001,
				"seconds":	1.0000009536743164,
				"bytes":	906414080,
				"bits_per_second":	7251305724.61597,
				"jitter_ms":	0.00029863526942619636,
				"lost_packets":	0,
				"packets":	1416272,
				"lost_percent":	0,
				"omitted":	true,
				"sender":	false
			}
		}, {
			"streams":	[{
					"socket":	5,
					"start":	1,
					"end":	1.000001,
					"seconds":	2.0000009536743164,
					"bytes":	906530560,
					"bits_per_second":	3626120510.931,
					"jitter_ms":	0.000386932357646076,
					"lost_packets":	0,
					"packets":	2832886,
					"lost_percent":	0,
					"omitted":	false,
					"sender":	false
				}],
			"sum":	{
				"start":	1,
				"end":	1.000001,
				"seconds":	2.0000009536743164,
				"bytes":	906530560,
				"bits_per_second":	3626120510.931,
				"jitter_ms":	0.000386932357646076,
				"lost_packets":	0,
				"packets":	2832886,
				"lost_percent":	0,
				"omitted":	false,
				"sender":	false
			}
		}, {
			"streams":	[{
					"socket":	5,
					"start":	1.000001,
					"end":	2,
					"seconds":	0.99999898672103882,
					"bytes":	906478080,
					"bits_per_second":	7251831988.1287832,
					"jitter_ms":	0.0004318262760706008,
					"lost_packets":	0,
					"packets":	1416374,
					"lost_percent":	0,
					"omitted":	false,
					"sender":	false
				}],
			"sum":	{
				"start":	1.000001,
				"end":	2,
				"seconds":	0.99999898672103882,
				"bytes":	906478080,
				"bits_per_second":	7251831988.1287832,
				"jitter_ms":	0.0004318262760706008,
				"lost_packets":	0,
				"packets":	1416374,
				"lost_percent":	0,
				"omitted":	false,
				"sender":	false
			}
		}, {
			"streams":	[{
					"socket":	5,
					"start":	2,
					"end":	3,
					"seconds":	1,
					"bytes":	906504960,
					"bits_per_second":	7252039680,
					"jitter_ms":	0.0004660434813420119,
					"lost_packets":	0,
					"packets":	1416416,
					"lost_percent":	0,
					"omitted":	false,
					"sender":	false
				}],
			"sum":	{
				"start":	2,
				"end":	3,
				"seconds":	1,
				"bytes":	906504960,
				"bits_per_second":	7252039680,
				"jitter_ms":	0.0004660434813420119,
				"lost_packets":	0,
				"packets":	1416416,
				"lost_percent":	0,
				"omitted":	false,
				"sender":	false
			}
		}, {
			"streams":	[{
					"socket":	5,
					"start":	3,
					"end":	4,
					"seconds":	1,
					"bytes":	906554880,
					"bits_per_second":	7252439040,
					"jitter_ms":	0.00048344564816359137,
					"lost_packets":	0,
					"packets":	1416497,
					"lost_percent":	0,
					"omitted":	false,
					"sender":	false
				}],
			"sum":	{
				"start":	3,
				"end":	4,
				"seconds":	1,
				"bytes":	906554880,
				"bits_per_second":	7252439040,
				"jitter_ms":	0.00048344564816359137,
				"lost_packets":	0,
				"packets":	1416497,
				"lost_percent":	0,
				"omitted":	false,
				"sender":	false
			}
		}, {
			"streams":	[{
					"socket":	5,
					"start":	4,
					"end":	5.000002,
					"seconds":	1.0000020265579224,
					"bytes":	906472960,
					"bits_per_second":	7251768983.8701143,
					"jitter_ms":	0.0028872223766396514,
					"lost_packets":	0,
					"packets":	1416365,
					"lost_percent":	0,
					"omitted":	false,
					"sender":	false
				}],
			"sum":	{
				"start":	4,
				"end":	5.000002,
				"seconds":	1.0000020265579224,
				"bytes":	906472960,
				"bits_per_second":	7251768983.8701143,
				"jitter_ms":	0.0028872223766396514,
				"lost_packets":	0,
				"packets":	1416365,
				"lost_percent":	0,
				"omitted":	false,
				"sender":	false
			}
		}, {
			"streams":	[{
					"socket":	5,
					"start":	5.000002,
					"end":	5.000235,
					"seconds":	0.00023299999884329736,
					"bytes":	130560,
					"bits_per_second":	4482746803.36998,
					"jitter_ms":	0.00055970293626125681,
					"lost_packets":	0,
					"packets":	206,
					"lost_percent":	0,
					"omitted":	false,
					"sender":	false
				}],
			"sum":	{
				"start":	5.000002,
				"end":	5.000235,
				"seconds":	0.00023299999884329736,
				"bytes":	130560,
				"bits_per_second":	4482746803.36998,
				"jitter_ms":	0.00055970293626125681,
				"lost_packets":	0,
				"packets":	206,
				"lost_percent":	0,
				"omitted":	false,
				"sender":	false
			}
		}],
	"end":	{
		"streams":	[{
				"udp":	{
					"socket":	5,
					"start":	0,
					"end":	5.000235,
					"seconds":	5.000235,
					"bytes":	0,
					"bits_per_second":	0,
					"jitter_ms":	0.00055970293626125681,
					"lost_packets":	0,
					"packets":	7082313,
					"lost_percent":	0,
					"out_of_order":	0,
					"sender":	false
				}
			}],
		"sum":	{
			"start":	0,
			"end":	5.000235,
			"seconds":	5.000235,
			"bytes":	0,
			"bits_per_second":	0,
			"jitter_ms":	0.00055970293626125681,
			"lost_packets":	0,
			"packets":	7082313,
			"lost_percent":	0,
			"sender":	false
		},
		"sum_sent":	{
			"start":	0,
			"end":	5.000235,
			"seconds":	5.000235,
			"bytes":	0,
			"bits_per_second":	0,
			"jitter_ms":	0,
			"lost_packets":	0,
			"packets":	0,
			"lost_percent":	0,
			"sender":	true
		},
		"sum_received":	{
			"start":	0,
			"end":	5.000235,
			"seconds":	5.000235,
			"bytes":	4532680320,
			"bits_per_second":	7251947670.45949,
			"jitter_ms":	0.00055970293626125681,
			"lost_packets":	0,
			"packets":	7082313,
			"lost_percent":	0,
			"sender":	false
		},
		"cpu_utilization_percent":	{
			"host_total":	195.3869867318835,
			"host_user":	26.344268196518978,
			"host_system":	169.04270425014,
			"remote_total":	0,
			"remote_user":	0,
			"remote_system":	0
		}
	}
}
