{
	"start":	{
		"connected":	[{
				"socket":	5,
				"local_host":	"192.168.1.110",
				"local_port":	46403,
				"remote_host":	"192.168.1.100",
				"remote_port":	5201
			}],
		"version":	"iperf 3.16",
		"system_info":	"Linux design-lab 6.14.0-37-generic #37~24.04.1-Ubuntu SMP PREEMPT_DYNAMIC Thu Nov 20 10:25:38 UTC 2 x86_64",
		"timestamp":	{
			"time":	"Fri, 26 Jun 2026 02:16:34 GMT",
			"timesecs":	1782440194
		},
		"connecting_to":	{
			"host":	"192.168.1.100",
			"port":	5201
		},
		"cookie":	"vrcapnpj6w7v7p3jflggbezts5u2pereuc4m",
		"target_bitrate":	6632124352,
		"fq_rate":	0,
		"sock_bufsize":	0,
		"sndbuf_actual":	67108864,
		"rcvbuf_actual":	67108864,
		"test_start":	{
			"protocol":	"UDP",
			"num_streams":	1,
			"blksize":	320,
			"omit":	2,
			"duration":	5,
			"bytes":	0,
			"blocks":	0,
			"reverse":	0,
			"tos":	0,
			"target_bitrate":	6632124352,
			"bidir":	0,
			"fqrate":	0
		}
	},
	"intervals":	[{
			"streams":	[{
					"socket":	5,
					"start":	0,
					"end":	1.000053,
					"seconds":	1.00005304813385,
					"bytes":	464748800,
					"bits_per_second":	3717793178.0098658,
					"packets":	1452341,
					"omitted":	true,
					"sender":	true
				}],
			"sum":	{
				"start":	0,
				"end":	1.000053,
				"seconds":	1.00005304813385,
				"bytes":	464748800,
				"bits_per_second":	3717793178.0098658,
				"packets":	1452341,
				"omitted":	true,
				"sender":	true
			}
		}, {
			"streams":	[{
					"socket":	5,
					"start":	0.999999,
					"end":	1.000002,
					"seconds":	2.0000009536743164,
					"bytes":	466038720,
					"bits_per_second":	1864153991.1021085,
					"packets":	2910864,
					"omitted":	false,
					"sender":	true
				}],
			"sum":	{
				"start":	0.999999,
				"end":	1.000002,
				"seconds":	2.0000009536743164,
				"bytes":	466038720,
				"bits_per_second":	1864153991.1021085,
				"packets":	2910864,
				"omitted":	false,
				"sender":	true
			}
		}, {
			"streams":	[{
					"socket":	5,
					"start":	1.000002,
					"end":	2.000001,
					"seconds":	0.99999898672103882,
					"bytes":	465944960,
					"bits_per_second":	3727563457.0616274,
					"packets":	1456081,
					"omitted":	false,
					"sender":	true
				}],
			"sum":	{
				"start":	1.000002,
				"end":	2.000001,
				"seconds":	0.99999898672103882,
				"bytes":	465944960,
				"bits_per_second":	3727563457.0616274,
				"packets":	1456081,
				"omitted":	false,
				"sender":	true
			}
		}, {
			"streams":	[{
					"socket":	5,
					"start":	2.000001,
					"end":	3,
					"seconds":	0.99999898672103882,
					"bytes":	465943040,
					"bits_per_second":	3727548097.0460634,
					"packets":	1456082,
					"omitted":	false,
					"sender":	true
				}],
			"sum":	{
				"start":	2.000001,
				"end":	3,
				"seconds":	0.99999898672103882,
				"bytes":	465943040,
				"bits_per_second":	3727548097.0460634,
				"packets":	1456082,
				"omitted":	false,
				"sender":	true
			}
		}, {
			"streams":	[{
					"socket":	5,
					"start":	3,
					"end":	4,
					"seconds":	1,
					"bytes":	465485760,
					"bits_per_second":	3723886080,
					"packets":	1454644,
					"omitted":	false,
					"sender":	true
				}],
			"sum":	{
				"start":	3,
				"end":	4,
				"seconds":	1,
				"bytes":	465485760,
				"bits_per_second":	3723886080,
				"packets":	1454644,
				"omitted":	false,
				"sender":	true
			}
		}, {
			"streams":	[{
					"socket":	5,
					"start":	4,
					"end":	5.000128,
					"seconds":	1.0001280307769775,
					"bytes":	464517120,
					"bits_per_second":	3715661241.0043287,
					"packets":	1451616,
					"omitted":	false,
					"sender":	true
				}],
			"sum":	{
				"start":	4,
				"end":	5.000128,
				"seconds":	1.0001280307769775,
				"bytes":	464517120,
				"bits_per_second":	3715661241.0043287,
				"packets":	1451616,
				"omitted":	false,
				"sender":	true
			}
		}],
	"end":	{
		"streams":	[{
				"udp":	{
					"socket":	5,
					"start":	0,
					"end":	5.000128,
					"seconds":	5.000128,
					"bytes":	2327934400,
					"bits_per_second":	3724599690.24793,
					"jitter_ms":	0.00062315756976190752,
					"lost_packets":	0,
					"packets":	7274795,
					"lost_percent":	0,
					"out_of_order":	0,
					"sender":	true
				}
			}],
		"sum":	{
			"start":	0,
			"end":	5.00024,
			"seconds":	5.00024,
			"bytes":	2327934400,
			"bits_per_second":	3724599690.24793,
			"jitter_ms":	0.00062315756976190752,
			"lost_packets":	0,
			"packets":	7274795,
			"lost_percent":	0,
			"sender":	true
		},
		"sum_sent":	{
			"start":	0,
			"end":	5.000128,
			"seconds":	5.000128,
			"bytes":	2327934400,
			"bits_per_second":	3724599690.24793,
			"jitter_ms":	0,
			"lost_packets":	0,
			"packets":	7274795,
			"lost_percent":	0,
			"sender":	true
		},
		"sum_received":	{
			"start":	0,
			"end":	5.00024,
			"seconds":	5.00024,
			"bytes":	2327983040,
			"bits_per_second":	3724594083.4839931,
			"jitter_ms":	0.00062315756976190752,
			"lost_packets":	0,
			"packets":	7274947,
			"lost_percent":	0,
			"sender":	false
		},
		"cpu_utilization_percent":	{
			"host_total":	101.54720487622662,
			"host_user":	9.8333046448858266,
			"host_system":	91.713914516044937,
			"remote_total":	198.54376525393042,
			"remote_user":	27.069509710017293,
			"remote_system":	171.47424125869881
		}
	}
}
