{
	"start":	{
		"connected":	[{
				"socket":	5,
				"local_host":	"192.168.1.100",
				"local_port":	5201,
				"remote_host":	"192.168.1.110",
				"remote_port":	47774
			}],
		"version":	"iperf 3.16",
		"system_info":	"Linux design-lab 6.14.0-37-generic #37~24.04.1-Ubuntu SMP PREEMPT_DYNAMIC Thu Nov 20 10:25:38 UTC 2 x86_64",
		"target_bitrate":	6972762646,
		"timestamp":	{
			"time":	"Fri, 26 Jun 2026 02:17:08 GMT",
			"timesecs":	1782440228
		},
		"accepted_connection":	{
			"host":	"192.168.1.110",
			"port":	49532
		},
		"cookie":	"fefhbspcaazd7b75llzxk642hyr5swrfhrwd",
		"target_bitrate":	6972762646,
		"fq_rate":	0,
		"sock_bufsize":	0,
		"sndbuf_actual":	67108864,
		"rcvbuf_actual":	67108864,
		"test_start":	{
			"protocol":	"UDP",
			"num_streams":	1,
			"blksize":	448,
			"omit":	2,
			"duration":	5,
			"bytes":	0,
			"blocks":	0,
			"reverse":	0,
			"tos":	0,
			"target_bitrate":	6972762646,
			"bidir":	0,
			"fqrate":	0
		}
	},
	"intervals":	[{
			"streams":	[{
					"socket":	5,
					"start":	0,
					"end":	1.000001,
					"seconds":	1.0000009536743164,
					"bytes":	611937088,
					"bits_per_second":	4895492035.29498,
					"jitter_ms":	0.00042770986307053672,
					"lost_packets":	108733,
					"packets":	1474664,
					"lost_percent":	7.3734084510098574,
					"omitted":	true,
					"sender":	false
				}],
			"sum":	{
				"start":	0,
				"end":	1.000001,
				"seconds":	1.0000009536743164,
				"bytes":	611937088,
				"bits_per_second":	4895492035.29498,
				"jitter_ms":	0.00042770986307053672,
				"lost_packets":	108733,
				"packets":	1474664,
				"lost_percent":	7.3734084510098574,
				"omitted":	true,
				"sender":	false
			}
		}, {
			"streams":	[{
					"socket":	5,
					"start":	1,
					"end":	1,
					"seconds":	2,
					"bytes":	614568640,
					"bits_per_second":	2458274560,
					"jitter_ms":	0.00016658945909656876,
					"lost_packets":	205496,
					"packets":	2936862,
					"lost_percent":	6.99712822733925,
					"omitted":	false,
					"sender":	false
				}],
			"sum":	{
				"start":	1,
				"end":	1,
				"seconds":	2,
				"bytes":	614568640,
				"bits_per_second":	2458274560,
				"jitter_ms":	0.00016658945909656876,
				"lost_packets":	205496,
				"packets":	2936862,
				"lost_percent":	6.99712822733925,
				"omitted":	false,
				"sender":	false
			}
		}, {
			"streams":	[{
					"socket":	5,
					"start":	1,
					"end":	2,
					"seconds":	1,
					"bytes":	617918784,
					"bits_per_second":	4943350272,
					"jitter_ms":	0.00045017758442795266,
					"lost_packets":	84060,
					"packets":	1463345,
					"lost_percent":	5.7443733364312584,
					"omitted":	false,
					"sender":	false
				}],
			"sum":	{
				"start":	1,
				"end":	2,
				"seconds":	1,
				"bytes":	617918784,
				"bits_per_second":	4943350272,
				"jitter_ms":	0.00045017758442795266,
				"lost_packets":	84060,
				"packets":	1463345,
				"lost_percent":	5.7443733364312584,
				"omitted":	false,
				"sender":	false
			}
		}, {
			"streams":	[{
					"socket":	5,
					"start":	2,
					"end":	3,
					"seconds":	1,
					"bytes":	622370560,
					"bits_per_second":	4978964480,
					"jitter_ms":	0.000453409141486468,
					"lost_packets":	72973,
					"packets":	1462196,
					"lost_percent":	4.9906442091210756,
					"omitted":	false,
					"sender":	false
				}],
			"sum":	{
				"start":	2,
				"end":	3,
				"seconds":	1,
				"bytes":	622370560,
				"bits_per_second":	4978964480,
				"jitter_ms":	0.000453409141486468,
				"lost_packets":	72973,
				"packets":	1462196,
				"lost_percent":	4.9906442091210756,
				"omitted":	false,
				"sender":	false
			}
		}, {
			"streams":	[{
					"socket":	5,
					"start":	3,
					"end":	4,
					"seconds":	1,
					"bytes":	628636288,
					"bits_per_second":	5029090304,
					"jitter_ms":	0.00053722948399559281,
					"lost_packets":	59103,
					"packets":	1462320,
					"lost_percent":	4.0417282127031022,
					"omitted":	false,
					"sender":	false
				}],
			"sum":	{
				"start":	3,
				"end":	4,
				"seconds":	1,
				"bytes":	628636288,
				"bits_per_second":	5029090304,
				"jitter_ms":	0.00053722948399559281,
				"lost_packets":	59103,
				"packets":	1462320,
				"lost_percent":	4.0417282127031022,
				"omitted":	false,
				"sender":	false
			}
		}, {
			"streams":	[{
					"socket":	5,
					"start":	4,
					"end":	5,
					"seconds":	1,
					"bytes":	637772800,
					"bits_per_second":	5102182400,
					"jitter_ms":	0.000580309696923965,
					"lost_packets":	42210,
					"packets":	1465811,
					"lost_percent":	2.879634550429762,
					"omitted":	false,
					"sender":	false
				}],
			"sum":	{
				"start":	4,
				"end":	5,
				"seconds":	1,
				"bytes":	637772800,
				"bits_per_second":	5102182400,
				"jitter_ms":	0.000580309696923965,
				"lost_packets":	42210,
				"packets":	1465811,
				"lost_percent":	2.879634550429762,
				"omitted":	false,
				"sender":	false
			}
		}, {
			"streams":	[{
					"socket":	5,
					"start":	5,
					"end":	5.000264,
					"seconds":	0.00026400000206194818,
					"bytes":	168448,
					"bits_per_second":	5104484808.61673,
					"jitter_ms":	0.0004003575708544715,
					"lost_packets":	0,
					"packets":	377,
					"lost_percent":	0,
					"omitted":	false,
					"sender":	false
				}],
			"sum":	{
				"start":	5,
				"end":	5.000264,
				"seconds":	0.00026400000206194818,
				"bytes":	168448,
				"bits_per_second":	5104484808.61673,
				"jitter_ms":	0.0004003575708544715,
				"lost_packets":	0,
				"packets":	377,
				"lost_percent":	0,
				"omitted":	false,
				"sender":	false
			}
		}],
	"end":	{
		"streams":	[{
				"udp":	{
					"socket":	5,
					"start":	0,
					"end":	5.000264,
					"seconds":	5.000264,
					"bytes":	0,
					"bits_per_second":	0,
					"jitter_ms":	0.0004003575708544715,
					"lost_packets":	354720,
					"packets":	7322229,
					"lost_percent":	0,
					"out_of_order":	0,
					"sender":	false
				}
			}],
		"sum":	{
			"start":	0,
			"end":	5.000264,
			"seconds":	5.000264,
			"bytes":	0,
			"bits_per_second":	0,
			"jitter_ms":	0.0004003575708544715,
			"lost_packets":	354720,
			"packets":	7322229,
			"lost_percent":	4.8444264717751935,
			"sender":	false
		},
		"sum_sent":	{
			"start":	0,
			"end":	5.000264,
			"seconds":	5.000264,
			"bytes":	0,
			"bits_per_second":	0,
			"jitter_ms":	0,
			"lost_packets":	0,
			"packets":	0,
			"lost_percent":	0,
			"sender":	true
		},
		"sum_received":	{
			"start":	0,
			"end":	5.000264,
			"seconds":	5.000264,
			"bytes":	3121444032,
			"bits_per_second":	4994046765.53078,
			"jitter_ms":	0.0004003575708544715,
			"lost_packets":	354720,
			"packets":	7322229,
			"lost_percent":	4.8444264717751935,
			"sender":	false
		},
		"cpu_utilization_percent":	{
			"host_total":	197.9814487102494,
			"host_user":	27.552402279455585,
			"host_system":	170.42903214562642,
			"remote_total":	0,
			"remote_user":	0,
			"remote_system":	0
		}
	}
}
