{
	"start":	{
		"connected":	[{
				"socket":	5,
				"local_host":	"192.168.1.100",
				"local_port":	5201,
				"remote_host":	"192.168.1.110",
				"remote_port":	50734
			}],
		"version":	"iperf 3.16",
		"system_info":	"Linux design-lab 6.14.0-37-generic #37~24.04.1-Ubuntu SMP PREEMPT_DYNAMIC Thu Nov 20 10:25:38 UTC 2 x86_64",
		"target_bitrate":	7515596330,
		"timestamp":	{
			"time":	"Fri, 26 Jun 2026 02:19:39 GMT",
			"timesecs":	1782440379
		},
		"accepted_connection":	{
			"host":	"192.168.1.110",
			"port":	55052
		},
		"cookie":	"at2se3zbr24j76l67tjeiwv4du27fa5p3v74",
		"target_bitrate":	7515596330,
		"fq_rate":	0,
		"sock_bufsize":	0,
		"sndbuf_actual":	67108864,
		"rcvbuf_actual":	67108864,
		"test_start":	{
			"protocol":	"UDP",
			"num_streams":	1,
			"blksize":	1024,
			"omit":	2,
			"duration":	5,
			"bytes":	0,
			"blocks":	0,
			"reverse":	0,
			"tos":	0,
			"target_bitrate":	7515596330,
			"bidir":	0,
			"fqrate":	0
		}
	},
	"intervals":	[{
			"streams":	[{
					"socket":	5,
					"start":	0,
					"end":	1.000004,
					"seconds":	1.0000040531158447,
					"bytes":	889466880,
					"bits_per_second":	7115706199.2184572,
					"jitter_ms":	0.0028487783653829766,
					"lost_packets":	48733,
					"packets":	917354,
					"lost_percent":	5.31234398062253,
					"omitted":	true,
					"sender":	false
				}],
			"sum":	{
				"start":	0,
				"end":	1.000004,
				"seconds":	1.0000040531158447,
				"bytes":	889466880,
				"bits_per_second":	7115706199.2184572,
				"jitter_ms":	0.0028487783653829766,
				"lost_packets":	48733,
				"packets":	917354,
				"lost_percent":	5.31234398062253,
				"omitted":	true,
				"sender":	false
			}
		}, {
			"streams":	[{
					"socket":	5,
					"start":	0.999998,
					"end":	1,
					"seconds":	1.9999979734420776,
					"bytes":	856032256,
					"bits_per_second":	3424132493.6014161,
					"jitter_ms":	0.000561968238544111,
					"lost_packets":	88448,
					"packets":	1834821,
					"lost_percent":	4.8205247269352158,
					"omitted":	false,
					"sender":	false
				}],
			"sum":	{
				"start":	0.999998,
				"end":	1,
				"seconds":	1.9999979734420776,
				"bytes":	856032256,
				"bits_per_second":	3424132493.6014161,
				"jitter_ms":	0.000561968238544111,
				"lost_packets":	88448,
				"packets":	1834821,
				"lost_percent":	4.8205247269352158,
				"omitted":	false,
				"sender":	false
			}
		}, {
			"streams":	[{
					"socket":	5,
					"start":	1,
					"end":	2,
					"seconds":	1,
					"bytes":	925333504,
					"bits_per_second":	7402668032,
					"jitter_ms":	0.0014978267970128614,
					"lost_packets":	7765,
					"packets":	911413,
					"lost_percent":	0.85197380331419459,
					"omitted":	false,
					"sender":	false
				}],
			"sum":	{
				"start":	1,
				"end":	2,
				"seconds":	1,
				"bytes":	925333504,
				"bits_per_second":	7402668032,
				"jitter_ms":	0.0014978267970128614,
				"lost_packets":	7765,
				"packets":	911413,
				"lost_percent":	0.85197380331419459,
				"omitted":	false,
				"sender":	false
			}
		}, {
			"streams":	[{
					"socket":	5,
					"start":	2,
					"end":	3.000002,
					"seconds":	1.0000020265579224,
					"bytes":	925999104,
					"bits_per_second":	7407977819.3038616,
					"jitter_ms":	0.0023674459380916449,
					"lost_packets":	19141,
					"packets":	923440,
					"lost_percent":	2.0727930347396692,
					"omitted":	false,
					"sender":	false
				}],
			"sum":	{
				"start":	2,
				"end":	3.000002,
				"seconds":	1.0000020265579224,
				"bytes":	925999104,
				"bits_per_second":	7407977819.3038616,
				"jitter_ms":	0.0023674459380916449,
				"lost_packets":	19141,
				"packets":	923440,
				"lost_percent":	2.0727930347396692,
				"omitted":	false,
				"sender":	false
			}
		}, {
			"streams":	[{
					"socket":	5,
					"start":	3.000002,
					"end":	4.000005,
					"seconds":	1.0000029802322388,
					"bytes":	897674240,
					"bits_per_second":	7181372517.842104,
					"jitter_ms":	0.0011020440110742944,
					"lost_packets":	40818,
					"packets":	917457,
					"lost_percent":	4.44903684859345,
					"omitted":	false,
					"sender":	false
				}],
			"sum":	{
				"start":	3.000002,
				"end":	4.000005,
				"seconds":	1.0000029802322388,
				"bytes":	897674240,
				"bits_per_second":	7181372517.842104,
				"jitter_ms":	0.0011020440110742944,
				"lost_packets":	40818,
				"packets":	917457,
				"lost_percent":	4.44903684859345,
				"omitted":	false,
				"sender":	false
			}
		}, {
			"streams":	[{
					"socket":	5,
					"start":	4.000005,
					"end":	5,
					"seconds":	0.999994993209839,
					"bytes":	939453440,
					"bits_per_second":	7515665149.3583241,
					"jitter_ms":	0.000593040099502788,
					"lost_packets":	0,
					"packets":	917437,
					"lost_percent":	0,
					"omitted":	false,
					"sender":	false
				}],
			"sum":	{
				"start":	4.000005,
				"end":	5,
				"seconds":	0.999994993209839,
				"bytes":	939453440,
				"bits_per_second":	7515665149.3583241,
				"jitter_ms":	0.000593040099502788,
				"lost_packets":	0,
				"packets":	917437,
				"lost_percent":	0,
				"omitted":	false,
				"sender":	false
			}
		}, {
			"streams":	[{
					"socket":	5,
					"start":	5,
					"end":	5.000254,
					"seconds":	0.00025400001322850585,
					"bytes":	94208,
					"bits_per_second":	2967180947.82925,
					"jitter_ms":	0.00070523493220288769,
					"lost_packets":	0,
					"packets":	93,
					"lost_percent":	0,
					"omitted":	false,
					"sender":	false
				}],
			"sum":	{
				"start":	5,
				"end":	5.000254,
				"seconds":	0.00025400001322850585,
				"bytes":	94208,
				"bits_per_second":	2967180947.82925,
				"jitter_ms":	0.00070523493220288769,
				"lost_packets":	0,
				"packets":	93,
				"lost_percent":	0,
				"omitted":	false,
				"sender":	false
			}
		}],
	"end":	{
		"streams":	[{
				"udp":	{
					"socket":	5,
					"start":	0,
					"end":	5.000254,
					"seconds":	5.000254,
					"bytes":	0,
					"bits_per_second":	0,
					"jitter_ms":	0.00070523493220288769,
					"lost_packets":	156172,
					"packets":	4594257,
					"lost_percent":	0,
					"out_of_order":	0,
					"sender":	false
				}
			}],
		"sum":	{
			"start":	0,
			"end":	5.000254,
			"seconds":	5.000254,
			"bytes":	0,
			"bits_per_second":	0,
			"jitter_ms":	0.00070523493220288769,
			"lost_packets":	156172,
			"packets":	4594257,
			"lost_percent":	3.3992874147005709,
			"sender":	false
		},
		"sum_sent":	{
			"start":	0,
			"end":	5.000254,
			"seconds":	5.000254,
			"bytes":	0,
			"bits_per_second":	0,
			"jitter_ms":	0,
			"lost_packets":	0,
			"packets":	0,
			"lost_percent":	0,
			"sender":	true
		},
		"sum_received":	{
			"start":	0,
			"end":	5.000254,
			"seconds":	5.000254,
			"bytes":	4544599040,
			"bits_per_second":	7270989097.7538338,
			"jitter_ms":	0.00070523493220288769,
			"lost_packets":	156172,
			"packets":	4594257,
			"lost_percent":	3.3992874147005709,
			"sender":	false
		},
		"cpu_utilization_percent":	{
			"host_total":	145.46151792383682,
			"host_user":	19.099893303947756,
			"host_system":	126.36161033470333,
			"remote_total":	0,
			"remote_user":	0,
			"remote_system":	0
		}
	}
}
