{
	"start":	{
		"connected":	[{
				"socket":	5,
				"local_host":	"192.168.1.110",
				"local_port":	44511,
				"remote_host":	"192.168.1.100",
				"remote_port":	5201
			}],
		"version":	"iperf 3.16",
		"system_info":	"Linux design-lab 6.14.0-37-generic #37~24.04.1-Ubuntu SMP PREEMPT_DYNAMIC Thu Nov 20 10:25:38 UTC 2 x86_64",
		"timestamp":	{
			"time":	"Fri, 26 Jun 2026 02:20:13 GMT",
			"timesecs":	1782440413
		},
		"connecting_to":	{
			"host":	"192.168.1.100",
			"port":	5201
		},
		"cookie":	"x65gp5zip4ieg5bkidoceyad6obllprnv66t",
		"target_bitrate":	7566502463,
		"fq_rate":	0,
		"sock_bufsize":	0,
		"sndbuf_actual":	67108864,
		"rcvbuf_actual":	67108864,
		"test_start":	{
			"protocol":	"UDP",
			"num_streams":	1,
			"blksize":	1152,
			"omit":	2,
			"duration":	5,
			"bytes":	0,
			"blocks":	0,
			"reverse":	0,
			"tos":	0,
			"target_bitrate":	7566502463,
			"bidir":	0,
			"fqrate":	0
		}
	},
	"intervals":	[{
			"streams":	[{
					"socket":	5,
					"start":	0,
					"end":	1.000053,
					"seconds":	1.00005304813385,
					"bytes":	945833472,
					"bits_per_second":	7566266399.6872835,
					"packets":	821037,
					"omitted":	true,
					"sender":	true
				}],
			"sum":	{
				"start":	0,
				"end":	1.000053,
				"seconds":	1.00005304813385,
				"bytes":	945833472,
				"bits_per_second":	7566266399.6872835,
				"packets":	821037,
				"omitted":	true,
				"sender":	true
			}
		}, {
			"streams":	[{
					"socket":	5,
					"start":	1.000053,
					"end":	2.000053,
					"seconds":	1,
					"bytes":	945832320,
					"bits_per_second":	7566658560,
					"packets":	821037,
					"omitted":	true,
					"sender":	true
				}],
			"sum":	{
				"start":	1.000053,
				"end":	2.000053,
				"seconds":	1,
				"bytes":	945832320,
				"bits_per_second":	7566658560,
				"packets":	821037,
				"omitted":	true,
				"sender":	true
			}
		}, {
			"streams":	[{
					"socket":	5,
					"start":	4e-06,
					"end":	0.999996,
					"seconds":	1,
					"bytes":	945743616,
					"bits_per_second":	7565948928,
					"packets":	820964,
					"omitted":	false,
					"sender":	true
				}],
			"sum":	{
				"start":	4e-06,
				"end":	0.999996,
				"seconds":	1,
				"bytes":	945743616,
				"bits_per_second":	7565948928,
				"packets":	820964,
				"omitted":	false,
				"sender":	true
			}
		}, {
			"streams":	[{
					"socket":	5,
					"start":	0.999996,
					"end":	1.999997,
					"seconds":	1.0000009536743164,
					"bytes":	945782784,
					"bits_per_second":	7566255056.2568817,
					"packets":	820998,
					"omitted":	false,
					"sender":	true
				}],
			"sum":	{
				"start":	0.999996,
				"end":	1.999997,
				"seconds":	1.0000009536743164,
				"bytes":	945782784,
				"bits_per_second":	7566255056.2568817,
				"packets":	820998,
				"omitted":	false,
				"sender":	true
			}
		}, {
			"streams":	[{
					"socket":	5,
					"start":	1.999997,
					"end":	2.999997,
					"seconds":	1,
					"bytes":	945826560,
					"bits_per_second":	7566612480,
					"packets":	821030,
					"omitted":	false,
					"sender":	true
				}],
			"sum":	{
				"start":	1.999997,
				"end":	2.999997,
				"seconds":	1,
				"bytes":	945826560,
				"bits_per_second":	7566612480,
				"packets":	821030,
				"omitted":	false,
				"sender":	true
			}
		}, {
			"streams":	[{
					"socket":	5,
					"start":	2.999997,
					"end":	3.999997,
					"seconds":	1,
					"bytes":	945876096,
					"bits_per_second":	7567008768,
					"packets":	821075,
					"omitted":	false,
					"sender":	true
				}],
			"sum":	{
				"start":	2.999997,
				"end":	3.999997,
				"seconds":	1,
				"bytes":	945876096,
				"bits_per_second":	7567008768,
				"packets":	821075,
				"omitted":	false,
				"sender":	true
			}
		}, {
			"streams":	[{
					"socket":	5,
					"start":	3.999997,
					"end":	5.000117,
					"seconds":	1.0001200437545776,
					"bytes":	945823104,
					"bits_per_second":	7565676619.7726421,
					"packets":	821029,
					"omitted":	false,
					"sender":	true
				}],
			"sum":	{
				"start":	3.999997,
				"end":	5.000117,
				"seconds":	1.0001200437545776,
				"bytes":	945823104,
				"bits_per_second":	7565676619.7726421,
				"packets":	821029,
				"omitted":	false,
				"sender":	true
			}
		}],
	"end":	{
		"streams":	[{
				"udp":	{
					"socket":	5,
					"start":	0,
					"end":	5.000117,
					"seconds":	5.000117,
					"bytes":	4729064832,
					"bits_per_second":	7566326679.1557074,
					"jitter_ms":	0.0003811898558684682,
					"lost_packets":	453875,
					"packets":	4105090,
					"lost_percent":	11.056395840286084,
					"out_of_order":	0,
					"sender":	true
				}
			}],
		"sum":	{
			"start":	0,
			"end":	5.000242,
			"seconds":	5.000242,
			"bytes":	4729064832,
			"bits_per_second":	7566326679.1557074,
			"jitter_ms":	0.0003811898558684682,
			"lost_packets":	453875,
			"packets":	4105090,
			"lost_percent":	11.056395840286084,
			"sender":	true
		},
		"sum_sent":	{
			"start":	0,
			"end":	5.000117,
			"seconds":	5.000117,
			"bytes":	4729064832,
			"bits_per_second":	7566326679.1557074,
			"jitter_ms":	0,
			"lost_packets":	0,
			"packets":	4105090,
			"lost_percent":	0,
			"sender":	true
		},
		"sum_received":	{
			"start":	0,
			"end":	5.000242,
			"seconds":	5.000242,
			"bytes":	4206364416,
			"bits_per_second":	6729857340.50472,
			"jitter_ms":	0.0003811898558684682,
			"lost_packets":	453875,
			"packets":	4105233,
			"lost_percent":	11.056395840286084,
			"sender":	false
		},
		"cpu_utilization_percent":	{
			"host_total":	101.176253125833,
			"host_user":	46.750447894403486,
			"host_system":	54.4258052314295,
			"remote_total":	188.24071492160869,
			"remote_user":	21.9031882226156,
			"remote_system":	166.33751241381754
		}
	}
}
