{
	"start":	{
		"connected":	[{
				"socket":	5,
				"local_host":	"192.168.1.100",
				"local_port":	5201,
				"remote_host":	"192.168.1.110",
				"remote_port":	57798
			}],
		"version":	"iperf 3.16",
		"system_info":	"Linux design-lab 6.14.0-37-generic #37~24.04.1-Ubuntu SMP PREEMPT_DYNAMIC Thu Nov 20 10:25:38 UTC 2 x86_64",
		"target_bitrate":	7485380117,
		"timestamp":	{
			"time":	"Fri, 26 Jun 2026 02:19:22 GMT",
			"timesecs":	1782440362
		},
		"accepted_connection":	{
			"host":	"192.168.1.110",
			"port":	55854
		},
		"cookie":	"5hdcan7xq7b3qtayqjyyasumoprhiu4cqu6n",
		"target_bitrate":	7485380117,
		"fq_rate":	0,
		"sock_bufsize":	0,
		"sndbuf_actual":	67108864,
		"rcvbuf_actual":	67108864,
		"test_start":	{
			"protocol":	"UDP",
			"num_streams":	1,
			"blksize":	960,
			"omit":	2,
			"duration":	5,
			"bytes":	0,
			"blocks":	0,
			"reverse":	0,
			"tos":	0,
			"target_bitrate":	7485380117,
			"bidir":	0,
			"fqrate":	0
		}
	},
	"intervals":	[{
			"streams":	[{
					"socket":	5,
					"start":	0,
					"end":	1.000013,
					"seconds":	1.000012993812561,
					"bytes":	630704640,
					"bits_per_second":	5045571558.7889023,
					"jitter_ms":	0.0024153047740484582,
					"lost_packets":	0,
					"packets":	656984,
					"lost_percent":	0,
					"omitted":	true,
					"sender":	false
				}],
			"sum":	{
				"start":	0,
				"end":	1.000013,
				"seconds":	1.000012993812561,
				"bytes":	630704640,
				"bits_per_second":	5045571558.7889023,
				"jitter_ms":	0.0024153047740484582,
				"lost_packets":	0,
				"packets":	656984,
				"lost_percent":	0,
				"omitted":	true,
				"sender":	false
			}
		}, {
			"streams":	[{
					"socket":	5,
					"start":	0.999996,
					"end":	1.000002,
					"seconds":	1.9999979734420776,
					"bytes":	631335360,
					"bits_per_second":	2525343998.877944,
					"jitter_ms":	0.00182925895632746,
					"lost_packets":	0,
					"packets":	1313212,
					"lost_percent":	0,
					"omitted":	false,
					"sender":	false
				}],
			"sum":	{
				"start":	0.999996,
				"end":	1.000002,
				"seconds":	1.9999979734420776,
				"bytes":	631335360,
				"bits_per_second":	2525343998.877944,
				"jitter_ms":	0.00182925895632746,
				"lost_packets":	0,
				"packets":	1313212,
				"lost_percent":	0,
				"omitted":	false,
				"sender":	false
			}
		}, {
			"streams":	[{
					"socket":	5,
					"start":	1.000002,
					"end":	2,
					"seconds":	0.99999797344207764,
					"bytes":	639546240,
					"bits_per_second":	5116380288.6410074,
					"jitter_ms":	0.0015489163629956288,
					"lost_packets":	0,
					"packets":	666196,
					"lost_percent":	0,
					"omitted":	false,
					"sender":	false
				}],
			"sum":	{
				"start":	1.000002,
				"end":	2,
				"seconds":	0.99999797344207764,
				"bytes":	639546240,
				"bits_per_second":	5116380288.6410074,
				"jitter_ms":	0.0015489163629956288,
				"lost_packets":	0,
				"packets":	666196,
				"lost_percent":	0,
				"omitted":	false,
				"sender":	false
			}
		}, {
			"streams":	[{
					"socket":	5,
					"start":	2,
					"end":	3.000015,
					"seconds":	1.0000150203704834,
					"bytes":	718248000,
					"bits_per_second":	5745897694.48787,
					"jitter_ms":	0.0040531304743024136,
					"lost_packets":	0,
					"packets":	748175,
					"lost_percent":	0,
					"omitted":	false,
					"sender":	false
				}],
			"sum":	{
				"start":	2,
				"end":	3.000015,
				"seconds":	1.0000150203704834,
				"bytes":	718248000,
				"bits_per_second":	5745897694.48787,
				"jitter_ms":	0.0040531304743024136,
				"lost_packets":	0,
				"packets":	748175,
				"lost_percent":	0,
				"omitted":	false,
				"sender":	false
			}
		}, {
			"streams":	[{
					"socket":	5,
					"start":	3.000015,
					"end":	4.000005,
					"seconds":	0.99998998641967773,
					"bytes":	984851520,
					"bits_per_second":	7878891055.90844,
					"jitter_ms":	0.00089318809555524476,
					"lost_packets":	423656,
					"packets":	1449546,
					"lost_percent":	29.226806186212787,
					"omitted":	false,
					"sender":	false
				}],
			"sum":	{
				"start":	3.000015,
				"end":	4.000005,
				"seconds":	0.99998998641967773,
				"bytes":	984851520,
				"bits_per_second":	7878891055.90844,
				"jitter_ms":	0.00089318809555524476,
				"lost_packets":	423656,
				"packets":	1449546,
				"lost_percent":	29.226806186212787,
				"omitted":	false,
				"sender":	false
			}
		}, {
			"streams":	[{
					"socket":	5,
					"start":	4.000005,
					"end":	5.000035,
					"seconds":	1.0000300407409668,
					"bytes":	1076088000,
					"bits_per_second":	8608445395.9217339,
					"jitter_ms":	0.00048686276913137416,
					"lost_packets":	207409,
					"packets":	1328336,
					"lost_percent":	15.61419701039496,
					"omitted":	false,
					"sender":	false
				}],
			"sum":	{
				"start":	4.000005,
				"end":	5.000035,
				"seconds":	1.0000300407409668,
				"bytes":	1076088000,
				"bits_per_second":	8608445395.9217339,
				"jitter_ms":	0.00048686276913137416,
				"lost_packets":	207409,
				"packets":	1328336,
				"lost_percent":	15.61419701039496,
				"omitted":	false,
				"sender":	false
			}
		}, {
			"streams":	[{
					"socket":	5,
					"start":	5.000035,
					"end":	5.00042,
					"seconds":	0.00038499999209307134,
					"bytes":	434880,
					"bits_per_second":	9036467718.05378,
					"jitter_ms":	0.000993743957113262,
					"lost_packets":	155,
					"packets":	608,
					"lost_percent":	25.493421052631579,
					"omitted":	false,
					"sender":	false
				}],
			"sum":	{
				"start":	5.000035,
				"end":	5.00042,
				"seconds":	0.00038499999209307134,
				"bytes":	434880,
				"bits_per_second":	9036467718.05378,
				"jitter_ms":	0.000993743957113262,
				"lost_packets":	155,
				"packets":	608,
				"lost_percent":	25.493421052631579,
				"omitted":	false,
				"sender":	false
			}
		}],
	"end":	{
		"streams":	[{
				"udp":	{
					"socket":	5,
					"start":	0,
					"end":	5.00042,
					"seconds":	5.00042,
					"bytes":	0,
					"bits_per_second":	0,
					"jitter_ms":	0.000993743957113262,
					"lost_packets":	631220,
					"packets":	4850502,
					"lost_percent":	0,
					"out_of_order":	0,
					"sender":	false
				}
			}],
		"sum":	{
			"start":	0,
			"end":	5.00042,
			"seconds":	5.00042,
			"bytes":	0,
			"bits_per_second":	0,
			"jitter_ms":	0.000993743957113262,
			"lost_packets":	631220,
			"packets":	4850502,
			"lost_percent":	13.0134983966608,
			"sender":	false
		},
		"sum_sent":	{
			"start":	0,
			"end":	5.00042,
			"seconds":	5.00042,
			"bytes":	0,
			"bits_per_second":	0,
			"jitter_ms":	0,
			"lost_packets":	0,
			"packets":	0,
			"lost_percent":	0,
			"sender":	true
		},
		"sum_received":	{
			"start":	0,
			"end":	5.00042,
			"seconds":	5.00042,
			"bytes":	4050510720,
			"bits_per_second":	6480272809.0840368,
			"jitter_ms":	0.000993743957113262,
			"lost_packets":	631220,
			"packets":	4850502,
			"lost_percent":	13.0134983966608,
			"sender":	false
		},
		"cpu_utilization_percent":	{
			"host_total":	132.86700510282648,
			"host_user":	15.610089317319471,
			"host_system":	117.256915785507,
			"remote_total":	0,
			"remote_user":	0,
			"remote_system":	0
		}
	}
}
