{
	"start":	{
		"connected":	[{
				"socket":	5,
				"local_host":	"192.168.1.110",
				"local_port":	60378,
				"remote_host":	"192.168.1.100",
				"remote_port":	5201
			}],
		"version":	"iperf 3.16",
		"system_info":	"Linux design-lab 6.14.0-37-generic #37~24.04.1-Ubuntu SMP PREEMPT_DYNAMIC Thu Nov 20 10:25:38 UTC 2 x86_64",
		"timestamp":	{
			"time":	"Fri, 26 Jun 2026 02:21:37 GMT",
			"timesecs":	1782440497
		},
		"connecting_to":	{
			"host":	"192.168.1.100",
			"port":	5201
		},
		"cookie":	"oi6rcnscr53wxupfibqpampbep6v7irlyyel",
		"target_bitrate":	7656697009,
		"fq_rate":	0,
		"sock_bufsize":	0,
		"sndbuf_actual":	67108864,
		"rcvbuf_actual":	67108864,
		"test_start":	{
			"protocol":	"UDP",
			"num_streams":	1,
			"blksize":	1472,
			"omit":	2,
			"duration":	5,
			"bytes":	0,
			"blocks":	0,
			"reverse":	0,
			"tos":	0,
			"target_bitrate":	7656697009,
			"bidir":	0,
			"fqrate":	0
		}
	},
	"intervals":	[{
			"streams":	[{
					"socket":	5,
					"start":	0,
					"end":	1.000053,
					"seconds":	1.00005304813385,
					"bytes":	957091456,
					"bits_per_second":	7656325494.2203827,
					"packets":	650198,
					"omitted":	true,
					"sender":	true
				}],
			"sum":	{
				"start":	0,
				"end":	1.000053,
				"seconds":	1.00005304813385,
				"bytes":	957091456,
				"bits_per_second":	7656325494.2203827,
				"packets":	650198,
				"omitted":	true,
				"sender":	true
			}
		}, {
			"streams":	[{
					"socket":	5,
					"start":	0.999999,
					"end":	1.000001,
					"seconds":	2,
					"bytes":	957087040,
					"bits_per_second":	3828348160,
					"packets":	1300391,
					"omitted":	false,
					"sender":	true
				}],
			"sum":	{
				"start":	0.999999,
				"end":	1.000001,
				"seconds":	2,
				"bytes":	957087040,
				"bits_per_second":	3828348160,
				"packets":	1300391,
				"omitted":	false,
				"sender":	true
			}
		}, {
			"streams":	[{
					"socket":	5,
					"start":	1.000001,
					"end":	2.000001,
					"seconds":	1,
					"bytes":	957115008,
					"bits_per_second":	7656920064,
					"packets":	650215,
					"omitted":	false,
					"sender":	true
				}],
			"sum":	{
				"start":	1.000001,
				"end":	2.000001,
				"seconds":	1,
				"bytes":	957115008,
				"bits_per_second":	7656920064,
				"packets":	650215,
				"omitted":	false,
				"sender":	true
			}
		}, {
			"streams":	[{
					"socket":	5,
					"start":	2.000001,
					"end":	3.000002,
					"seconds":	1.0000009536743164,
					"bytes":	957025216,
					"bits_per_second":	7656194426.4840145,
					"packets":	650174,
					"omitted":	false,
					"sender":	true
				}],
			"sum":	{
				"start":	2.000001,
				"end":	3.000002,
				"seconds":	1.0000009536743164,
				"bytes":	957025216,
				"bits_per_second":	7656194426.4840145,
				"packets":	650174,
				"omitted":	false,
				"sender":	true
			}
		}, {
			"streams":	[{
					"socket":	5,
					"start":	3.000002,
					"end":	4.000001,
					"seconds":	0.99999898672103882,
					"bytes":	957089984,
					"bits_per_second":	7656727630.40102,
					"packets":	650198,
					"omitted":	false,
					"sender":	true
				}],
			"sum":	{
				"start":	3.000002,
				"end":	4.000001,
				"seconds":	0.99999898672103882,
				"bytes":	957089984,
				"bits_per_second":	7656727630.40102,
				"packets":	650198,
				"omitted":	false,
				"sender":	true
			}
		}, {
			"streams":	[{
					"socket":	5,
					"start":	4.000001,
					"end":	5.000115,
					"seconds":	1.0001139640808105,
					"bytes":	957087040,
					"bits_per_second":	7655823831.0742445,
					"packets":	650196,
					"omitted":	false,
					"sender":	true
				}],
			"sum":	{
				"start":	4.000001,
				"end":	5.000115,
				"seconds":	1.0001139640808105,
				"bytes":	957087040,
				"bits_per_second":	7655823831.0742445,
				"packets":	650196,
				"omitted":	false,
				"sender":	true
			}
		}],
	"end":	{
		"streams":	[{
				"udp":	{
					"socket":	5,
					"start":	0,
					"end":	5.000115,
					"seconds":	5.000115,
					"bytes":	4785441088,
					"bits_per_second":	7656529640.6182661,
					"jitter_ms":	0.0014426684275177083,
					"lost_packets":	0,
					"packets":	3250979,
					"lost_percent":	0,
					"out_of_order":	0,
					"sender":	true
				}
			}],
		"sum":	{
			"start":	0,
			"end":	5.000241,
			"seconds":	5.000241,
			"bytes":	4785441088,
			"bits_per_second":	7656529640.6182661,
			"jitter_ms":	0.0014426684275177083,
			"lost_packets":	0,
			"packets":	3250979,
			"lost_percent":	0,
			"sender":	true
		},
		"sum_sent":	{
			"start":	0,
			"end":	5.000115,
			"seconds":	5.000115,
			"bytes":	4785441088,
			"bits_per_second":	7656529640.6182661,
			"jitter_ms":	0,
			"lost_packets":	0,
			"packets":	3250979,
			"lost_percent":	0,
			"sender":	true
		},
		"sum_received":	{
			"start":	0,
			"end":	5.000241,
			"seconds":	5.000241,
			"bytes":	4785541184,
			"bits_per_second":	7656496851.25177,
			"jitter_ms":	0.0014426684275177083,
			"lost_packets":	0,
			"packets":	3251047,
			"lost_percent":	0,
			"sender":	false
		},
		"cpu_utilization_percent":	{
			"host_total":	101.37529724564864,
			"host_user":	23.198323896657435,
			"host_system":	78.1769733489912,
			"remote_total":	103.20491557620997,
			"remote_user":	12.680710680347266,
			"remote_system":	90.524190610715749
		}
	}
}
