{
	"start":	{
		"connected":	[{
				"socket":	5,
				"local_host":	"192.168.1.110",
				"local_port":	59651,
				"remote_host":	"192.168.1.100",
				"remote_port":	5201
			}],
		"version":	"iperf 3.16",
		"system_info":	"Linux design-lab 6.14.0-37-generic #37~24.04.1-Ubuntu SMP PREEMPT_DYNAMIC Thu Nov 20 10:25:38 UTC 2 x86_64",
		"timestamp":	{
			"time":	"Fri, 26 Jun 2026 02:20:30 GMT",
			"timesecs":	1782440430
		},
		"connecting_to":	{
			"host":	"192.168.1.100",
			"port":	5201
		},
		"cookie":	"r5fhbzuureknio6s7qcnqcsqalek44ed3b3u",
		"target_bitrate":	7588143526,
		"fq_rate":	0,
		"sock_bufsize":	0,
		"sndbuf_actual":	67108864,
		"rcvbuf_actual":	67108864,
		"test_start":	{
			"protocol":	"UDP",
			"num_streams":	1,
			"blksize":	1216,
			"omit":	2,
			"duration":	5,
			"bytes":	0,
			"blocks":	0,
			"reverse":	0,
			"tos":	0,
			"target_bitrate":	7588143526,
			"bidir":	0,
			"fqrate":	0
		}
	},
	"intervals":	[{
			"streams":	[{
					"socket":	5,
					"start":	0,
					"end":	1.000058,
					"seconds":	1.0000580549240112,
					"bytes":	948562688,
					"bits_per_second":	7588060979.69643,
					"packets":	780070,
					"omitted":	true,
					"sender":	true
				}],
			"sum":	{
				"start":	0,
				"end":	1.000058,
				"seconds":	1.0000580549240112,
				"bytes":	948562688,
				"bits_per_second":	7588060979.69643,
				"packets":	780070,
				"omitted":	true,
				"sender":	true
			}
		}, {
			"streams":	[{
					"socket":	5,
					"start":	0.999994,
					"end":	1.000001,
					"seconds":	1.9999949932098389,
					"bytes":	948516480,
					"bits_per_second":	3794075418.069737,
					"packets":	1560062,
					"omitted":	false,
					"sender":	true
				}],
			"sum":	{
				"start":	0.999994,
				"end":	1.000001,
				"seconds":	1.9999949932098389,
				"bytes":	948516480,
				"bits_per_second":	3794075418.069737,
				"packets":	1560062,
				"omitted":	false,
				"sender":	true
			}
		}, {
			"streams":	[{
					"socket":	5,
					"start":	1.000001,
					"end":	2.000001,
					"seconds":	1,
					"bytes":	948514048,
					"bits_per_second":	7588112384,
					"packets":	780029,
					"omitted":	false,
					"sender":	true
				}],
			"sum":	{
				"start":	1.000001,
				"end":	2.000001,
				"seconds":	1,
				"bytes":	948514048,
				"bits_per_second":	7588112384,
				"packets":	780029,
				"omitted":	false,
				"sender":	true
			}
		}, {
			"streams":	[{
					"socket":	5,
					"start":	2.000001,
					"end":	3.000002,
					"seconds":	1.0000009536743164,
					"bytes":	948447168,
					"bits_per_second":	7587570107.9292641,
					"packets":	779980,
					"omitted":	false,
					"sender":	true
				}],
			"sum":	{
				"start":	2.000001,
				"end":	3.000002,
				"seconds":	1.0000009536743164,
				"bytes":	948447168,
				"bits_per_second":	7587570107.9292641,
				"packets":	779980,
				"omitted":	false,
				"sender":	true
			}
		}, {
			"streams":	[{
					"socket":	5,
					"start":	3.000002,
					"end":	4.000002,
					"seconds":	1,
					"bytes":	948501888,
					"bits_per_second":	7588015104,
					"packets":	780019,
					"omitted":	false,
					"sender":	true
				}],
			"sum":	{
				"start":	3.000002,
				"end":	4.000002,
				"seconds":	1,
				"bytes":	948501888,
				"bits_per_second":	7588015104,
				"packets":	780019,
				"omitted":	false,
				"sender":	true
			}
		}, {
			"streams":	[{
					"socket":	5,
					"start":	4.000002,
					"end":	5.000116,
					"seconds":	1.0001139640808105,
					"bytes":	948600384,
					"bits_per_second":	7587938319.5841618,
					"packets":	780099,
					"omitted":	false,
					"sender":	true
				}],
			"sum":	{
				"start":	4.000002,
				"end":	5.000116,
				"seconds":	1.0001139640808105,
				"bytes":	948600384,
				"bits_per_second":	7587938319.5841618,
				"packets":	780099,
				"omitted":	false,
				"sender":	true
			}
		}],
	"end":	{
		"streams":	[{
				"udp":	{
					"socket":	5,
					"start":	0,
					"end":	5.000116,
					"seconds":	5.000116,
					"bytes":	4742592128,
					"bits_per_second":	7587971363.8643579,
					"jitter_ms":	0.0013049959864932543,
					"lost_packets":	0,
					"packets":	3900158,
					"lost_percent":	0,
					"out_of_order":	0,
					"sender":	true
				}
			}],
		"sum":	{
			"start":	0,
			"end":	5.000231,
			"seconds":	5.000231,
			"bytes":	4742592128,
			"bits_per_second":	7587971363.8643579,
			"jitter_ms":	0.0013049959864932543,
			"lost_packets":	0,
			"packets":	3900158,
			"lost_percent":	0,
			"sender":	true
		},
		"sum_sent":	{
			"start":	0,
			"end":	5.000116,
			"seconds":	5.000116,
			"bytes":	4742592128,
			"bits_per_second":	7587971363.8643579,
			"jitter_ms":	0,
			"lost_packets":	0,
			"packets":	3900158,
			"lost_percent":	0,
			"sender":	true
		},
		"sum_received":	{
			"start":	0,
			"end":	5.000231,
			"seconds":	5.000231,
			"bytes":	4742757504,
			"bits_per_second":	7588061437.961566,
			"jitter_ms":	0.0013049959864932543,
			"lost_packets":	0,
			"packets":	3900294,
			"lost_percent":	0,
			"sender":	false
		},
		"cpu_utilization_percent":	{
			"host_total":	101.53078912713036,
			"host_user":	49.297143764015949,
			"host_system":	52.233616793755075,
			"remote_total":	120.6556741005959,
			"remote_user":	15.650535709745059,
			"remote_system":	105.00512410563859
		}
	}
}
