{
	"start":	{
		"connected":	[{
				"socket":	5,
				"local_host":	"192.168.1.100",
				"local_port":	5201,
				"remote_host":	"192.168.1.110",
				"remote_port":	59423
			}],
		"version":	"iperf 3.16",
		"system_info":	"Linux design-lab 6.14.0-37-generic #37~24.04.1-Ubuntu SMP PREEMPT_DYNAMIC Thu Nov 20 10:25:38 UTC 2 x86_64",
		"target_bitrate":	7314285714,
		"timestamp":	{
			"time":	"Fri, 26 Jun 2026 02:18:15 GMT",
			"timesecs":	1782440295
		},
		"accepted_connection":	{
			"host":	"192.168.1.110",
			"port":	49472
		},
		"cookie":	"bpz7qxgz5tettlo3x5laanf6vbciaasvjgj7",
		"target_bitrate":	7314285714,
		"fq_rate":	0,
		"sock_bufsize":	0,
		"sndbuf_actual":	67108864,
		"rcvbuf_actual":	67108864,
		"test_start":	{
			"protocol":	"UDP",
			"num_streams":	1,
			"blksize":	704,
			"omit":	2,
			"duration":	5,
			"bytes":	0,
			"blocks":	0,
			"reverse":	0,
			"tos":	0,
			"target_bitrate":	7314285714,
			"bidir":	0,
			"fqrate":	0
		}
	},
	"intervals":	[{
			"streams":	[{
					"socket":	5,
					"start":	0,
					"end":	1.000001,
					"seconds":	1.0000009536743164,
					"bytes":	914205248,
					"bits_per_second":	7313635009.1741323,
					"jitter_ms":	0.000443302961079131,
					"lost_packets":	0,
					"packets":	1298587,
					"lost_percent":	0,
					"omitted":	true,
					"sender":	false
				}],
			"sum":	{
				"start":	0,
				"end":	1.000001,
				"seconds":	1.0000009536743164,
				"bytes":	914205248,
				"bits_per_second":	7313635009.1741323,
				"jitter_ms":	0.000443302961079131,
				"lost_packets":	0,
				"packets":	1298587,
				"lost_percent":	0,
				"omitted":	true,
				"sender":	false
			}
		}, {
			"streams":	[{
					"socket":	5,
					"start":	1,
					"end":	1,
					"seconds":	2,
					"bytes":	914277760,
					"bits_per_second":	3657111040,
					"jitter_ms":	0.0002975924476237329,
					"lost_packets":	1106,
					"packets":	2597399,
					"lost_percent":	0.042581058974766682,
					"omitted":	false,
					"sender":	false
				}],
			"sum":	{
				"start":	1,
				"end":	1,
				"seconds":	2,
				"bytes":	914277760,
				"bits_per_second":	3657111040,
				"jitter_ms":	0.0002975924476237329,
				"lost_packets":	1106,
				"packets":	2597399,
				"lost_percent":	0.042581058974766682,
				"omitted":	false,
				"sender":	false
			}
		}, {
			"streams":	[{
					"socket":	5,
					"start":	1,
					"end":	2.000001,
					"seconds":	1.0000009536743164,
					"bytes":	914262976,
					"bits_per_second":	7314096832.7337027,
					"jitter_ms":	0.000800564271737148,
					"lost_packets":	0,
					"packets":	1298670,
					"lost_percent":	0,
					"omitted":	false,
					"sender":	false
				}],
			"sum":	{
				"start":	1,
				"end":	2.000001,
				"seconds":	1.0000009536743164,
				"bytes":	914262976,
				"bits_per_second":	7314096832.7337027,
				"jitter_ms":	0.000800564271737148,
				"lost_packets":	0,
				"packets":	1298670,
				"lost_percent":	0,
				"omitted":	false,
				"sender":	false
			}
		}, {
			"streams":	[{
					"socket":	5,
					"start":	2.000001,
					"end":	3,
					"seconds":	0.99999898672103882,
					"bytes":	914293952,
					"bits_per_second":	7314359027.4861174,
					"jitter_ms":	0.00038478006030465427,
					"lost_packets":	0,
					"packets":	1298714,
					"lost_percent":	0,
					"omitted":	false,
					"sender":	false
				}],
			"sum":	{
				"start":	2.000001,
				"end":	3,
				"seconds":	0.99999898672103882,
				"bytes":	914293952,
				"bits_per_second":	7314359027.4861174,
				"jitter_ms":	0.00038478006030465427,
				"lost_packets":	0,
				"packets":	1298714,
				"lost_percent":	0,
				"omitted":	false,
				"sender":	false
			}
		}, {
			"streams":	[{
					"socket":	5,
					"start":	3,
					"end":	4.000004,
					"seconds":	1.0000040531158447,
					"bytes":	910554304,
					"bits_per_second":	7284404907.46305,
					"jitter_ms":	0.00088060088984448948,
					"lost_packets":	5340,
					"packets":	1298748,
					"lost_percent":	0.4111652144988866,
					"omitted":	false,
					"sender":	false
				}],
			"sum":	{
				"start":	3,
				"end":	4.000004,
				"seconds":	1.0000040531158447,
				"bytes":	910554304,
				"bits_per_second":	7284404907.46305,
				"jitter_ms":	0.00088060088984448948,
				"lost_packets":	5340,
				"packets":	1298748,
				"lost_percent":	0.4111652144988866,
				"omitted":	false,
				"sender":	false
			}
		}, {
			"streams":	[{
					"socket":	5,
					"start":	4.000004,
					"end":	5,
					"seconds":	0.9999960064888,
					"bytes":	914284096,
					"bits_per_second":	7314301977.7468681,
					"jitter_ms":	0.000583876819580766,
					"lost_packets":	0,
					"packets":	1298701,
					"lost_percent":	0,
					"omitted":	false,
					"sender":	false
				}],
			"sum":	{
				"start":	4.000004,
				"end":	5,
				"seconds":	0.9999960064888,
				"bytes":	914284096,
				"bits_per_second":	7314301977.7468681,
				"jitter_ms":	0.000583876819580766,
				"lost_packets":	0,
				"packets":	1298701,
				"lost_percent":	0,
				"omitted":	false,
				"sender":	false
			}
		}, {
			"streams":	[{
					"socket":	5,
					"start":	5,
					"end":	5.000237,
					"seconds":	0.00023700000019744039,
					"bytes":	104192,
					"bits_per_second":	3517029532.9350057,
					"jitter_ms":	0.000385052356458728,
					"lost_packets":	0,
					"packets":	149,
					"lost_percent":	0,
					"omitted":	false,
					"sender":	false
				}],
			"sum":	{
				"start":	5,
				"end":	5.000237,
				"seconds":	0.00023700000019744039,
				"bytes":	104192,
				"bits_per_second":	3517029532.9350057,
				"jitter_ms":	0.000385052356458728,
				"lost_packets":	0,
				"packets":	149,
				"lost_percent":	0,
				"omitted":	false,
				"sender":	false
			}
		}],
	"end":	{
		"streams":	[{
				"udp":	{
					"socket":	5,
					"start":	0,
					"end":	5.000237,
					"seconds":	5.000237,
					"bytes":	0,
					"bits_per_second":	0,
					"jitter_ms":	0.000385052356458728,
					"lost_packets":	5340,
					"packets":	6493673,
					"lost_percent":	0,
					"out_of_order":	0,
					"sender":	false
				}
			}],
		"sum":	{
			"start":	0,
			"end":	5.000237,
			"seconds":	5.000237,
			"bytes":	0,
			"bits_per_second":	0,
			"jitter_ms":	0.000385052356458728,
			"lost_packets":	5340,
			"packets":	6493673,
			"lost_percent":	0.0822338913585578,
			"sender":	false
		},
		"sum_sent":	{
			"start":	0,
			"end":	5.000237,
			"seconds":	5.000237,
			"bytes":	0,
			"bits_per_second":	0,
			"jitter_ms":	0,
			"lost_packets":	0,
			"packets":	0,
			"lost_percent":	0,
			"sender":	true
		},
		"sum_received":	{
			"start":	0,
			"end":	5.000237,
			"seconds":	5.000237,
			"bytes":	4567786432,
			"bits_per_second":	7308111886.69657,
			"jitter_ms":	0.000385052356458728,
			"lost_packets":	5340,
			"packets":	6493673,
			"lost_percent":	0.0822338913585578,
			"sender":	false
		},
		"cpu_utilization_percent":	{
			"host_total":	181.38213832668595,
			"host_user":	24.247368661645886,
			"host_system":	157.13475537981554,
			"remote_total":	0,
			"remote_user":	0,
			"remote_system":	0
		}
	}
}
