{
	"start":	{
		"connected":	[{
				"socket":	5,
				"local_host":	"192.168.1.100",
				"local_port":	5201,
				"remote_host":	"192.168.1.110",
				"remote_port":	44990
			}],
		"version":	"iperf 3.16",
		"system_info":	"Linux design-lab 6.14.0-37-generic #37~24.04.1-Ubuntu SMP PREEMPT_DYNAMIC Thu Nov 20 10:25:38 UTC 2 x86_64",
		"target_bitrate":	6826666667,
		"timestamp":	{
			"time":	"Fri, 26 Jun 2026 02:16:51 GMT",
			"timesecs":	1782440211
		},
		"accepted_connection":	{
			"host":	"192.168.1.110",
			"port":	34796
		},
		"cookie":	"cwrcxuc6ryeytlvc6rsn3a56zecn46ojlyxi",
		"target_bitrate":	6826666667,
		"fq_rate":	0,
		"sock_bufsize":	0,
		"sndbuf_actual":	67108864,
		"rcvbuf_actual":	67108864,
		"test_start":	{
			"protocol":	"UDP",
			"num_streams":	1,
			"blksize":	384,
			"omit":	2,
			"duration":	5,
			"bytes":	0,
			"blocks":	0,
			"reverse":	0,
			"tos":	0,
			"target_bitrate":	6826666667,
			"bidir":	0,
			"fqrate":	0
		}
	},
	"intervals":	[{
			"streams":	[{
					"socket":	5,
					"start":	0,
					"end":	1.000001,
					"seconds":	1.0000009536743164,
					"bytes":	491972736,
					"bits_per_second":	3935778134.5494781,
					"jitter_ms":	0.000531986475551367,
					"lost_packets":	148967,
					"packets":	1430146,
					"lost_percent":	10.416209254160064,
					"omitted":	true,
					"sender":	false
				}],
			"sum":	{
				"start":	0,
				"end":	1.000001,
				"seconds":	1.0000009536743164,
				"bytes":	491972736,
				"bits_per_second":	3935778134.5494781,
				"jitter_ms":	0.000531986475551367,
				"lost_packets":	148967,
				"packets":	1430146,
				"lost_percent":	10.416209254160064,
				"omitted":	true,
				"sender":	false
			}
		}, {
			"streams":	[{
					"socket":	5,
					"start":	1.000001,
					"end":	2.000001,
					"seconds":	1,
					"bytes":	123696384,
					"bits_per_second":	989571072,
					"jitter_ms":	0.0073122935734917342,
					"lost_packets":	989913,
					"packets":	1312041,
					"lost_percent":	75.44832821535303,
					"omitted":	true,
					"sender":	false
				}],
			"sum":	{
				"start":	1.000001,
				"end":	2.000001,
				"seconds":	1,
				"bytes":	123696384,
				"bits_per_second":	989571072,
				"jitter_ms":	0.0073122935734917342,
				"lost_packets":	989913,
				"packets":	1312041,
				"lost_percent":	75.44832821535303,
				"omitted":	true,
				"sender":	false
			}
		}, {
			"streams":	[{
					"socket":	5,
					"start":	2.8e-05,
					"end":	1,
					"seconds":	1.0000280141830444,
					"bytes":	49132416,
					"bits_per_second":	393048317.07250023,
					"jitter_ms":	0.008090533205710234,
					"lost_packets":	1292122,
					"packets":	1420074,
					"lost_percent":	90.989765322088843,
					"omitted":	false,
					"sender":	false
				}],
			"sum":	{
				"start":	2.8e-05,
				"end":	1,
				"seconds":	1.0000280141830444,
				"bytes":	49132416,
				"bits_per_second":	393048317.07250023,
				"jitter_ms":	0.008090533205710234,
				"lost_packets":	1292122,
				"packets":	1420074,
				"lost_percent":	90.989765322088843,
				"omitted":	false,
				"sender":	false
			}
		}, {
			"streams":	[{
					"socket":	5,
					"start":	1,
					"end":	2,
					"seconds":	1,
					"bytes":	48481536,
					"bits_per_second":	387852288,
					"jitter_ms":	0.859613778771157,
					"lost_packets":	1339629,
					"packets":	1465882,
					"lost_percent":	91.387233078788057,
					"omitted":	false,
					"sender":	false
				}],
			"sum":	{
				"start":	1,
				"end":	2,
				"seconds":	1,
				"bytes":	48481536,
				"bits_per_second":	387852288,
				"jitter_ms":	0.859613778771157,
				"lost_packets":	1339629,
				"packets":	1465882,
				"lost_percent":	91.387233078788057,
				"omitted":	false,
				"sender":	false
			}
		}, {
			"streams":	[{
					"socket":	5,
					"start":	2,
					"end":	3,
					"seconds":	1,
					"bytes":	269877888,
					"bits_per_second":	2159023104,
					"jitter_ms":	0.00030869022992659179,
					"lost_packets":	841177,
					"packets":	1543985,
					"lost_percent":	54.480904931071223,
					"omitted":	false,
					"sender":	false
				}],
			"sum":	{
				"start":	2,
				"end":	3,
				"seconds":	1,
				"bytes":	269877888,
				"bits_per_second":	2159023104,
				"jitter_ms":	0.00030869022992659179,
				"lost_packets":	841177,
				"packets":	1543985,
				"lost_percent":	54.480904931071223,
				"omitted":	false,
				"sender":	false
			}
		}, {
			"streams":	[{
					"socket":	5,
					"start":	3,
					"end":	4,
					"seconds":	1,
					"bytes":	200127360,
					"bits_per_second":	1601018880,
					"jitter_ms":	0.00802399882341574,
					"lost_packets":	768471,
					"packets":	1289637,
					"lost_percent":	59.588163180802042,
					"omitted":	false,
					"sender":	false
				}],
			"sum":	{
				"start":	3,
				"end":	4,
				"seconds":	1,
				"bytes":	200127360,
				"bits_per_second":	1601018880,
				"jitter_ms":	0.00802399882341574,
				"lost_packets":	768471,
				"packets":	1289637,
				"lost_percent":	59.588163180802042,
				"omitted":	false,
				"sender":	false
			}
		}, {
			"streams":	[{
					"socket":	5,
					"start":	4,
					"end":	5,
					"seconds":	1,
					"bytes":	43584768,
					"bits_per_second":	348678144,
					"jitter_ms":	0.0084795794687775733,
					"lost_packets":	1312221,
					"packets":	1425723,
					"lost_percent":	92.038986535252647,
					"omitted":	false,
					"sender":	false
				}],
			"sum":	{
				"start":	4,
				"end":	5,
				"seconds":	1,
				"bytes":	43584768,
				"bits_per_second":	348678144,
				"jitter_ms":	0.0084795794687775733,
				"lost_packets":	1312221,
				"packets":	1425723,
				"lost_percent":	92.038986535252647,
				"omitted":	false,
				"sender":	false
			}
		}, {
			"streams":	[{
					"socket":	5,
					"start":	5,
					"end":	5.000259,
					"seconds":	0.00025899999309331179,
					"bytes":	39552,
					"bits_per_second":	1221683430.2617242,
					"jitter_ms":	0.0057211946211066225,
					"lost_packets":	0,
					"packets":	103,
					"lost_percent":	0,
					"omitted":	false,
					"sender":	false
				}],
			"sum":	{
				"start":	5,
				"end":	5.000259,
				"seconds":	0.00025899999309331179,
				"bytes":	39552,
				"bits_per_second":	1221683430.2617242,
				"jitter_ms":	0.0057211946211066225,
				"lost_packets":	0,
				"packets":	103,
				"lost_percent":	0,
				"omitted":	false,
				"sender":	false
			}
		}],
	"end":	{
		"streams":	[{
				"udp":	{
					"socket":	5,
					"start":	0,
					"end":	5.000259,
					"seconds":	5.000259,
					"bytes":	0,
					"bits_per_second":	0,
					"jitter_ms":	0.0057211946211066225,
					"lost_packets":	5553620,
					"packets":	7145402,
					"lost_percent":	0,
					"out_of_order":	0,
					"sender":	false
				}
			}],
		"sum":	{
			"start":	0,
			"end":	5.000259,
			"seconds":	5.000259,
			"bytes":	0,
			"bits_per_second":	0,
			"jitter_ms":	0.0057211946211066225,
			"lost_packets":	5553620,
			"packets":	7145402,
			"lost_percent":	77.722988853531263,
			"sender":	false
		},
		"sum_sent":	{
			"start":	0,
			"end":	5.000259,
			"seconds":	5.000259,
			"bytes":	0,
			"bits_per_second":	0,
			"jitter_ms":	0,
			"lost_packets":	0,
			"packets":	0,
			"lost_percent":	0,
			"sender":	true
		},
		"sum_received":	{
			"start":	0,
			"end":	5.000259,
			"seconds":	5.000259,
			"bytes":	611243904,
			"bits_per_second":	977939589.12928319,
			"jitter_ms":	0.0057211946211066225,
			"lost_packets":	5553620,
			"packets":	7145402,
			"lost_percent":	77.722988853531263,
			"sender":	false
		},
		"cpu_utilization_percent":	{
			"host_total":	199.09685195988968,
			"host_user":	19.44158900800138,
			"host_system":	179.65526295188829,
			"remote_total":	0,
			"remote_user":	0,
			"remote_system":	0
		}
	}
}
