{
	"start":	{
		"connected":	[{
				"socket":	5,
				"local_host":	"192.168.1.110",
				"local_port":	52283,
				"remote_host":	"192.168.1.100",
				"remote_port":	5201
			}],
		"version":	"iperf 3.16",
		"system_info":	"Linux design-lab 6.14.0-37-generic #37~24.04.1-Ubuntu SMP PREEMPT_DYNAMIC Thu Nov 20 10:25:38 UTC 2 x86_64",
		"timestamp":	{
			"time":	"Fri, 26 Jun 2026 02:19:06 GMT",
			"timesecs":	1782440346
		},
		"connecting_to":	{
			"host":	"192.168.1.100",
			"port":	5201
		},
		"cookie":	"cae4y5klxhhytr5u2vx4tggykgvdrqf7pkkf",
		"target_bitrate":	7451143451,
		"fq_rate":	0,
		"sock_bufsize":	0,
		"sndbuf_actual":	67108864,
		"rcvbuf_actual":	67108864,
		"test_start":	{
			"protocol":	"UDP",
			"num_streams":	1,
			"blksize":	896,
			"omit":	2,
			"duration":	5,
			"bytes":	0,
			"blocks":	0,
			"reverse":	0,
			"tos":	0,
			"target_bitrate":	7451143451,
			"bidir":	0,
			"fqrate":	0
		}
	},
	"intervals":	[{
			"streams":	[{
					"socket":	5,
					"start":	0,
					"end":	1.000052,
					"seconds":	1.0000519752502441,
					"bytes":	931437696,
					"bits_per_second":	7451114294.4699469,
					"packets":	1039552,
					"omitted":	true,
					"sender":	true
				}],
			"sum":	{
				"start":	0,
				"end":	1.000052,
				"seconds":	1.0000519752502441,
				"bytes":	931437696,
				"bits_per_second":	7451114294.4699469,
				"packets":	1039552,
				"omitted":	true,
				"sender":	true
			}
		}, {
			"streams":	[{
					"socket":	5,
					"start":	1,
					"end":	1.000001,
					"seconds":	2.0000009536743164,
					"bytes":	931400064,
					"bits_per_second":	3725598479.4962087,
					"packets":	2079005,
					"omitted":	false,
					"sender":	true
				}],
			"sum":	{
				"start":	1,
				"end":	1.000001,
				"seconds":	2.0000009536743164,
				"bytes":	931400064,
				"bits_per_second":	3725598479.4962087,
				"packets":	2079005,
				"omitted":	false,
				"sender":	true
			}
		}, {
			"streams":	[{
					"socket":	5,
					"start":	1.000001,
					"end":	2,
					"seconds":	0.99999898672103882,
					"bytes":	931351680,
					"bits_per_second":	7450820989.7601528,
					"packets":	1039457,
					"omitted":	false,
					"sender":	true
				}],
			"sum":	{
				"start":	1.000001,
				"end":	2,
				"seconds":	0.99999898672103882,
				"bytes":	931351680,
				"bits_per_second":	7450820989.7601528,
				"packets":	1039457,
				"omitted":	false,
				"sender":	true
			}
		}, {
			"streams":	[{
					"socket":	5,
					"start":	2,
					"end":	3,
					"seconds":	1,
					"bytes":	931421568,
					"bits_per_second":	7451372544,
					"packets":	1039543,
					"omitted":	false,
					"sender":	true
				}],
			"sum":	{
				"start":	2,
				"end":	3,
				"seconds":	1,
				"bytes":	931421568,
				"bits_per_second":	7451372544,
				"packets":	1039543,
				"omitted":	false,
				"sender":	true
			}
		}, {
			"streams":	[{
					"socket":	5,
					"start":	3,
					"end":	4.000001,
					"seconds":	1.0000009536743164,
					"bytes":	931360640,
					"bits_per_second":	7450878014.2890034,
					"packets":	1039466,
					"omitted":	false,
					"sender":	true
				}],
			"sum":	{
				"start":	3,
				"end":	4.000001,
				"seconds":	1.0000009536743164,
				"bytes":	931360640,
				"bits_per_second":	7450878014.2890034,
				"packets":	1039466,
				"omitted":	false,
				"sender":	true
			}
		}, {
			"streams":	[{
					"socket":	5,
					"start":	4.000001,
					"end":	5.000116,
					"seconds":	1.0001150369644165,
					"bytes":	931386624,
					"bits_per_second":	7450235939.4733362,
					"packets":	1039494,
					"omitted":	false,
					"sender":	true
				}],
			"sum":	{
				"start":	4.000001,
				"end":	5.000116,
				"seconds":	1.0001150369644165,
				"bytes":	931386624,
				"bits_per_second":	7450235939.4733362,
				"packets":	1039494,
				"omitted":	false,
				"sender":	true
			}
		}],
	"end":	{
		"streams":	[{
				"udp":	{
					"socket":	5,
					"start":	0,
					"end":	5.000116,
					"seconds":	5.000116,
					"bytes":	4656933120,
					"bits_per_second":	7450920130.6529684,
					"jitter_ms":	0.00060703435784563453,
					"lost_packets":	1178464,
					"packets":	5197470,
					"lost_percent":	22.673800906979743,
					"out_of_order":	0,
					"sender":	true
				}
			}],
		"sum":	{
			"start":	0,
			"end":	5.000239,
			"seconds":	5.000239,
			"bytes":	4656933120,
			"bits_per_second":	7450920130.6529684,
			"jitter_ms":	0.00060703435784563453,
			"lost_packets":	1178464,
			"packets":	5197470,
			"lost_percent":	22.673800906979743,
			"sender":	true
		},
		"sum_sent":	{
			"start":	0,
			"end":	5.000116,
			"seconds":	5.000116,
			"bytes":	4656933120,
			"bits_per_second":	7450920130.6529684,
			"jitter_ms":	0,
			"lost_packets":	0,
			"packets":	5197470,
			"lost_percent":	0,
			"sender":	true
		},
		"sum_received":	{
			"start":	0,
			"end":	5.000239,
			"seconds":	5.000239,
			"bytes":	3627369088,
			"bits_per_second":	5803513132.87225,
			"jitter_ms":	0.00060703435784563453,
			"lost_packets":	1178464,
			"packets":	5226867,
			"lost_percent":	22.673800906979743,
			"sender":	false
		},
		"cpu_utilization_percent":	{
			"host_total":	101.21901362417749,
			"host_user":	18.87094857278684,
			"host_system":	82.34805076668853,
			"remote_total":	188.74854933628026,
			"remote_user":	20.98732558465105,
			"remote_system":	167.76122375162922
		}
	}
}
