{
	"start":	{
		"connected":	[{
				"socket":	5,
				"local_host":	"192.168.1.110",
				"local_port":	42232,
				"remote_host":	"192.168.1.100",
				"remote_port":	5201
			}],
		"version":	"iperf 3.16",
		"system_info":	"Linux design-lab 6.14.0-37-generic #37~24.04.1-Ubuntu SMP PREEMPT_DYNAMIC Thu Nov 20 10:25:38 UTC 2 x86_64",
		"timestamp":	{
			"time":	"Fri, 26 Jun 2026 02:20:46 GMT",
			"timesecs":	1782440446
		},
		"connecting_to":	{
			"host":	"192.168.1.100",
			"port":	5201
		},
		"cookie":	"qdg2m4vlt5lrutl2i7ewt37dhv6jdiqd4c6o",
		"target_bitrate":	7607726597,
		"fq_rate":	0,
		"sock_bufsize":	0,
		"sndbuf_actual":	67108864,
		"rcvbuf_actual":	67108864,
		"test_start":	{
			"protocol":	"UDP",
			"num_streams":	1,
			"blksize":	1280,
			"omit":	2,
			"duration":	5,
			"bytes":	0,
			"blocks":	0,
			"reverse":	0,
			"tos":	0,
			"target_bitrate":	7607726597,
			"bidir":	0,
			"fqrate":	0
		}
	},
	"intervals":	[{
			"streams":	[{
					"socket":	5,
					"start":	0,
					"end":	1.000053,
					"seconds":	1.00005304813385,
					"bytes":	950997760,
					"bits_per_second":	7607578512.1568117,
					"packets":	742968,
					"omitted":	true,
					"sender":	true
				}],
			"sum":	{
				"start":	0,
				"end":	1.000053,
				"seconds":	1.00005304813385,
				"bytes":	950997760,
				"bits_per_second":	7607578512.1568117,
				"packets":	742968,
				"omitted":	true,
				"sender":	true
			}
		}, {
			"streams":	[{
					"socket":	5,
					"start":	0.999999,
					"end":	1.000001,
					"seconds":	2,
					"bytes":	951011840,
					"bits_per_second":	3804047360,
					"packets":	1485892,
					"omitted":	false,
					"sender":	true
				}],
			"sum":	{
				"start":	0.999999,
				"end":	1.000001,
				"seconds":	2,
				"bytes":	951011840,
				"bits_per_second":	3804047360,
				"packets":	1485892,
				"omitted":	false,
				"sender":	true
			}
		}, {
			"streams":	[{
					"socket":	5,
					"start":	1.000001,
					"end":	2.000001,
					"seconds":	1,
					"bytes":	950958080,
					"bits_per_second":	7607664640,
					"packets":	742939,
					"omitted":	false,
					"sender":	true
				}],
			"sum":	{
				"start":	1.000001,
				"end":	2.000001,
				"seconds":	1,
				"bytes":	950958080,
				"bits_per_second":	7607664640,
				"packets":	742939,
				"omitted":	false,
				"sender":	true
			}
		}, {
			"streams":	[{
					"socket":	5,
					"start":	2.000001,
					"end":	3.000001,
					"seconds":	1,
					"bytes":	950942720,
					"bits_per_second":	7607541760,
					"packets":	742937,
					"omitted":	false,
					"sender":	true
				}],
			"sum":	{
				"start":	2.000001,
				"end":	3.000001,
				"seconds":	1,
				"bytes":	950942720,
				"bits_per_second":	7607541760,
				"packets":	742937,
				"omitted":	false,
				"sender":	true
			}
		}, {
			"streams":	[{
					"socket":	5,
					"start":	3.000001,
					"end":	4.000001,
					"seconds":	1,
					"bytes":	950977280,
					"bits_per_second":	7607818240,
					"packets":	742953,
					"omitted":	false,
					"sender":	true
				}],
			"sum":	{
				"start":	3.000001,
				"end":	4.000001,
				"seconds":	1,
				"bytes":	950977280,
				"bits_per_second":	7607818240,
				"packets":	742953,
				"omitted":	false,
				"sender":	true
			}
		}, {
			"streams":	[{
					"socket":	5,
					"start":	4.000001,
					"end":	5.00012,
					"seconds":	1.0001189708709717,
					"bytes":	950946560,
					"bits_per_second":	7606667508.1413641,
					"packets":	742927,
					"omitted":	false,
					"sender":	true
				}],
			"sum":	{
				"start":	4.000001,
				"end":	5.00012,
				"seconds":	1.0001189708709717,
				"bytes":	950946560,
				"bits_per_second":	7606667508.1413641,
				"packets":	742927,
				"omitted":	false,
				"sender":	true
			}
		}],
	"end":	{
		"streams":	[{
				"udp":	{
					"socket":	5,
					"start":	0,
					"end":	5.00012,
					"seconds":	5.00012,
					"bytes":	4754860800,
					"bits_per_second":	7607594697.7272549,
					"jitter_ms":	0.000785329286826223,
					"lost_packets":	0,
					"packets":	3714735,
					"lost_percent":	0,
					"out_of_order":	0,
					"sender":	true
				}
			}],
		"sum":	{
			"start":	0,
			"end":	5.000237,
			"seconds":	5.000237,
			"bytes":	4754860800,
			"bits_per_second":	7607594697.7272549,
			"jitter_ms":	0.000785329286826223,
			"lost_packets":	0,
			"packets":	3714735,
			"lost_percent":	0,
			"sender":	true
		},
		"sum_sent":	{
			"start":	0,
			"end":	5.00012,
			"seconds":	5.00012,
			"bytes":	4754860800,
			"bits_per_second":	7607594697.7272549,
			"jitter_ms":	0,
			"lost_packets":	0,
			"packets":	3714735,
			"lost_percent":	0,
			"sender":	true
		},
		"sum_received":	{
			"start":	0,
			"end":	5.000237,
			"seconds":	5.000237,
			"bytes":	4754949120,
			"bits_per_second":	7607557993.7510958,
			"jitter_ms":	0.000785329286826223,
			"lost_packets":	0,
			"packets":	3714804,
			"lost_percent":	0,
			"sender":	false
		},
		"cpu_utilization_percent":	{
			"host_total":	101.43954003285481,
			"host_user":	16.805971002071278,
			"host_system":	84.6335690307835,
			"remote_total":	116.09062943823942,
			"remote_user":	14.714834144305296,
			"remote_system":	101.37580957915455
		}
	}
}
