{
	"start":	{
		"connected":	[{
				"socket":	5,
				"local_host":	"192.168.1.110",
				"local_port":	46202,
				"remote_host":	"192.168.1.100",
				"remote_port":	5201
			}],
		"version":	"iperf 3.16",
		"system_info":	"Linux design-lab 6.14.0-37-generic #37~24.04.1-Ubuntu SMP PREEMPT_DYNAMIC Thu Nov 20 10:25:38 UTC 2 x86_64",
		"timestamp":	{
			"time":	"Fri, 26 Jun 2026 02:17:25 GMT",
			"timesecs":	1782440245
		},
		"connecting_to":	{
			"host":	"192.168.1.100",
			"port":	5201
		},
		"cookie":	"bxmm5jkwedzjeayabm5ipnujo35yme3jlubm",
		"target_bitrate":	7086505190,
		"fq_rate":	0,
		"sock_bufsize":	0,
		"sndbuf_actual":	67108864,
		"rcvbuf_actual":	67108864,
		"test_start":	{
			"protocol":	"UDP",
			"num_streams":	1,
			"blksize":	512,
			"omit":	2,
			"duration":	5,
			"bytes":	0,
			"blocks":	0,
			"reverse":	0,
			"tos":	0,
			"target_bitrate":	7086505190,
			"bidir":	0,
			"fqrate":	0
		}
	},
	"intervals":	[{
			"streams":	[{
					"socket":	5,
					"start":	0,
					"end":	1.000053,
					"seconds":	1.00005304813385,
					"bytes":	742489088,
					"bits_per_second":	5939597619.4304686,
					"packets":	1450175,
					"omitted":	true,
					"sender":	true
				}],
			"sum":	{
				"start":	0,
				"end":	1.000053,
				"seconds":	1.00005304813385,
				"bytes":	742489088,
				"bits_per_second":	5939597619.4304686,
				"packets":	1450175,
				"omitted":	true,
				"sender":	true
			}
		}, {
			"streams":	[{
					"socket":	5,
					"start":	1,
					"end":	1,
					"seconds":	2,
					"bytes":	736983552,
					"bits_per_second":	2947934208,
					"packets":	2906724,
					"omitted":	false,
					"sender":	true
				}],
			"sum":	{
				"start":	1,
				"end":	1,
				"seconds":	2,
				"bytes":	736983552,
				"bits_per_second":	2947934208,
				"packets":	2906724,
				"omitted":	false,
				"sender":	true
			}
		}, {
			"streams":	[{
					"socket":	5,
					"start":	1,
					"end":	2.000001,
					"seconds":	1.0000009536743164,
					"bytes":	736878080,
					"bits_per_second":	5895019018.0717678,
					"packets":	1439216,
					"omitted":	false,
					"sender":	true
				}],
			"sum":	{
				"start":	1,
				"end":	2.000001,
				"seconds":	1.0000009536743164,
				"bytes":	736878080,
				"bits_per_second":	5895019018.0717678,
				"packets":	1439216,
				"omitted":	false,
				"sender":	true
			}
		}, {
			"streams":	[{
					"socket":	5,
					"start":	2.000001,
					"end":	3.000002,
					"seconds":	1.0000009536743164,
					"bytes":	736852992,
					"bits_per_second":	5894818314.2631741,
					"packets":	1439179,
					"omitted":	false,
					"sender":	true
				}],
			"sum":	{
				"start":	2.000001,
				"end":	3.000002,
				"seconds":	1.0000009536743164,
				"bytes":	736852992,
				"bits_per_second":	5894818314.2631741,
				"packets":	1439179,
				"omitted":	false,
				"sender":	true
			}
		}, {
			"streams":	[{
					"socket":	5,
					"start":	3.000002,
					"end":	4.000001,
					"seconds":	0.99999898672103882,
					"bytes":	737817088,
					"bits_per_second":	5902542684.92232,
					"packets":	1441051,
					"omitted":	false,
					"sender":	true
				}],
			"sum":	{
				"start":	3.000002,
				"end":	4.000001,
				"seconds":	0.99999898672103882,
				"bytes":	737817088,
				"bits_per_second":	5902542684.92232,
				"packets":	1441051,
				"omitted":	false,
				"sender":	true
			}
		}, {
			"streams":	[{
					"socket":	5,
					"start":	4.000001,
					"end":	5.000128,
					"seconds":	1.0001269578933716,
					"bytes":	737979904,
					"bits_per_second":	5903089788.1561127,
					"packets":	1441367,
					"omitted":	false,
					"sender":	true
				}],
			"sum":	{
				"start":	4.000001,
				"end":	5.000128,
				"seconds":	1.0001269578933716,
				"bytes":	737979904,
				"bits_per_second":	5903089788.1561127,
				"packets":	1441367,
				"omitted":	false,
				"sender":	true
			}
		}],
	"end":	{
		"streams":	[{
				"udp":	{
					"socket":	5,
					"start":	0,
					"end":	5.000128,
					"seconds":	5.000128,
					"bytes":	3686520320,
					"bits_per_second":	5898281515.99319,
					"jitter_ms":	0.00044918828064654918,
					"lost_packets":	73751,
					"packets":	7200234,
					"lost_percent":	1.0242861551444022,
					"out_of_order":	0,
					"sender":	true
				}
			}],
		"sum":	{
			"start":	0,
			"end":	5.000248,
			"seconds":	5.000248,
			"bytes":	3686520320,
			"bits_per_second":	5898281515.99319,
			"jitter_ms":	0.00044918828064654918,
			"lost_packets":	73751,
			"packets":	7200234,
			"lost_percent":	1.0242861551444022,
			"sender":	true
		},
		"sum_sent":	{
			"start":	0,
			"end":	5.000128,
			"seconds":	5.000128,
			"bytes":	3686520320,
			"bits_per_second":	5898281515.99319,
			"jitter_ms":	0,
			"lost_packets":	0,
			"packets":	7200234,
			"lost_percent":	0,
			"sender":	true
		},
		"sum_received":	{
			"start":	0,
			"end":	5.000248,
			"seconds":	5.000248,
			"bytes":	3653597184,
			"bits_per_second":	5845465559.3082581,
			"jitter_ms":	0.00044918828064654918,
			"lost_packets":	73751,
			"packets":	7209683,
			"lost_percent":	1.0242861551444022,
			"sender":	false
		},
		"cpu_utilization_percent":	{
			"host_total":	101.4368520473931,
			"host_user":	11.752768940328936,
			"host_system":	89.684054537725245,
			"remote_total":	199.704453496817,
			"remote_user":	26.80642068314112,
			"remote_system":	172.89803281367585
		}
	}
}
