{
	"start":	{
		"connected":	[{
				"socket":	5,
				"local_host":	"192.168.1.110",
				"local_port":	59423,
				"remote_host":	"192.168.1.100",
				"remote_port":	5201
			}],
		"version":	"iperf 3.16",
		"system_info":	"Linux design-lab 6.14.0-37-generic #37~24.04.1-Ubuntu SMP PREEMPT_DYNAMIC Thu Nov 20 10:25:38 UTC 2 x86_64",
		"timestamp":	{
			"time":	"Fri, 26 Jun 2026 02:18:15 GMT",
			"timesecs":	1782440295
		},
		"connecting_to":	{
			"host":	"192.168.1.100",
			"port":	5201
		},
		"cookie":	"bpz7qxgz5tettlo3x5laanf6vbciaasvjgj7",
		"target_bitrate":	7314285714,
		"fq_rate":	0,
		"sock_bufsize":	0,
		"sndbuf_actual":	67108864,
		"rcvbuf_actual":	67108864,
		"test_start":	{
			"protocol":	"UDP",
			"num_streams":	1,
			"blksize":	704,
			"omit":	2,
			"duration":	5,
			"bytes":	0,
			"blocks":	0,
			"reverse":	0,
			"tos":	0,
			"target_bitrate":	7314285714,
			"bidir":	0,
			"fqrate":	0
		}
	},
	"intervals":	[{
			"streams":	[{
					"socket":	5,
					"start":	0,
					"end":	1.000053,
					"seconds":	1.00005304813385,
					"bytes":	914299584,
					"bits_per_second":	7314008677.4886961,
					"packets":	1298722,
					"omitted":	true,
					"sender":	true
				}],
			"sum":	{
				"start":	0,
				"end":	1.000053,
				"seconds":	1.00005304813385,
				"bytes":	914299584,
				"bits_per_second":	7314008677.4886961,
				"packets":	1298722,
				"omitted":	true,
				"sender":	true
			}
		}, {
			"streams":	[{
					"socket":	5,
					"start":	0.999999,
					"end":	1,
					"seconds":	1.9999990463256836,
					"bytes":	914275648,
					"bits_per_second":	3657104335.8432388,
					"packets":	2597423,
					"omitted":	false,
					"sender":	true
				}],
			"sum":	{
				"start":	0.999999,
				"end":	1,
				"seconds":	1.9999990463256836,
				"bytes":	914275648,
				"bits_per_second":	3657104335.8432388,
				"packets":	2597423,
				"omitted":	false,
				"sender":	true
			}
		}, {
			"streams":	[{
					"socket":	5,
					"start":	1,
					"end":	2.000001,
					"seconds":	1.0000009536743164,
					"bytes":	914260864,
					"bits_per_second":	7314079936.7498159,
					"packets":	1298668,
					"omitted":	false,
					"sender":	true
				}],
			"sum":	{
				"start":	1,
				"end":	2.000001,
				"seconds":	1.0000009536743164,
				"bytes":	914260864,
				"bits_per_second":	7314079936.7498159,
				"packets":	1298668,
				"omitted":	false,
				"sender":	true
			}
		}, {
			"streams":	[{
					"socket":	5,
					"start":	2.000001,
					"end":	3,
					"seconds":	0.99999898672103882,
					"bytes":	914276352,
					"bits_per_second":	7314218227.3434477,
					"packets":	1298695,
					"omitted":	false,
					"sender":	true
				}],
			"sum":	{
				"start":	2.000001,
				"end":	3,
				"seconds":	0.99999898672103882,
				"bytes":	914276352,
				"bits_per_second":	7314218227.3434477,
				"packets":	1298695,
				"omitted":	false,
				"sender":	true
			}
		}, {
			"streams":	[{
					"socket":	5,
					"start":	3,
					"end":	4.000001,
					"seconds":	1.0000009536743164,
					"bytes":	914317888,
					"bits_per_second":	7314536128.3147583,
					"packets":	1298749,
					"omitted":	false,
					"sender":	true
				}],
			"sum":	{
				"start":	3,
				"end":	4.000001,
				"seconds":	1.0000009536743164,
				"bytes":	914317888,
				"bits_per_second":	7314536128.3147583,
				"packets":	1298749,
				"omitted":	false,
				"sender":	true
			}
		}, {
			"streams":	[{
					"socket":	5,
					"start":	4.000001,
					"end":	5.00012,
					"seconds":	1.0001189708709717,
					"bytes":	914292544,
					"bits_per_second":	7313470262.0730953,
					"packets":	1298711,
					"omitted":	false,
					"sender":	true
				}],
			"sum":	{
				"start":	4.000001,
				"end":	5.00012,
				"seconds":	1.0001189708709717,
				"bytes":	914292544,
				"bits_per_second":	7313470262.0730953,
				"packets":	1298711,
				"omitted":	false,
				"sender":	true
			}
		}],
	"end":	{
		"streams":	[{
				"udp":	{
					"socket":	5,
					"start":	0,
					"end":	5.00012,
					"seconds":	5.00012,
					"bytes":	4571431744,
					"bits_per_second":	7314115251.63396,
					"jitter_ms":	0.000385052356458728,
					"lost_packets":	5340,
					"packets":	6493511,
					"lost_percent":	0.0822359429282556,
					"out_of_order":	0,
					"sender":	true
				}
			}],
		"sum":	{
			"start":	0,
			"end":	5.000237,
			"seconds":	5.000237,
			"bytes":	4571431744,
			"bits_per_second":	7314115251.63396,
			"jitter_ms":	0.000385052356458728,
			"lost_packets":	5340,
			"packets":	6493511,
			"lost_percent":	0.0822359429282556,
			"sender":	true
		},
		"sum_sent":	{
			"start":	0,
			"end":	5.00012,
			"seconds":	5.00012,
			"bytes":	4571431744,
			"bits_per_second":	7314115251.63396,
			"jitter_ms":	0,
			"lost_packets":	0,
			"packets":	6493511,
			"lost_percent":	0,
			"sender":	true
		},
		"sum_received":	{
			"start":	0,
			"end":	5.000237,
			"seconds":	5.000237,
			"bytes":	4567786432,
			"bits_per_second":	7308111886.69657,
			"jitter_ms":	0.000385052356458728,
			"lost_packets":	5340,
			"packets":	6493673,
			"lost_percent":	0.0822359429282556,
			"sender":	false
		},
		"cpu_utilization_percent":	{
			"host_total":	101.18854944799389,
			"host_user":	16.668061811885092,
			"host_system":	84.520473351345473,
			"remote_total":	181.38213832668595,
			"remote_user":	24.247368661645886,
			"remote_system":	157.13475537981554
		}
	}
}
