{
	"start":	{
		"connected":	[{
				"socket":	5,
				"local_host":	"192.168.1.110",
				"local_port":	50734,
				"remote_host":	"192.168.1.100",
				"remote_port":	5201
			}],
		"version":	"iperf 3.16",
		"system_info":	"Linux design-lab 6.14.0-37-generic #37~24.04.1-Ubuntu SMP PREEMPT_DYNAMIC Thu Nov 20 10:25:38 UTC 2 x86_64",
		"timestamp":	{
			"time":	"Fri, 26 Jun 2026 02:19:39 GMT",
			"timesecs":	1782440379
		},
		"connecting_to":	{
			"host":	"192.168.1.100",
			"port":	5201
		},
		"cookie":	"at2se3zbr24j76l67tjeiwv4du27fa5p3v74",
		"target_bitrate":	7515596330,
		"fq_rate":	0,
		"sock_bufsize":	0,
		"sndbuf_actual":	67108864,
		"rcvbuf_actual":	67108864,
		"test_start":	{
			"protocol":	"UDP",
			"num_streams":	1,
			"blksize":	1024,
			"omit":	2,
			"duration":	5,
			"bytes":	0,
			"blocks":	0,
			"reverse":	0,
			"tos":	0,
			"target_bitrate":	7515596330,
			"bidir":	0,
			"fqrate":	0
		}
	},
	"intervals":	[{
			"streams":	[{
					"socket":	5,
					"start":	0,
					"end":	1.000053,
					"seconds":	1.00005304813385,
					"bytes":	939474944,
					"bits_per_second":	7515400874.0084982,
					"packets":	917456,
					"omitted":	true,
					"sender":	true
				}],
			"sum":	{
				"start":	0,
				"end":	1.000053,
				"seconds":	1.00005304813385,
				"bytes":	939474944,
				"bits_per_second":	7515400874.0084982,
				"packets":	917456,
				"omitted":	true,
				"sender":	true
			}
		}, {
			"streams":	[{
					"socket":	5,
					"start":	0.999999,
					"end":	1.000002,
					"seconds":	2.0000009536743164,
					"bytes":	939428864,
					"bits_per_second":	3757713664.1824951,
					"packets":	1834857,
					"omitted":	false,
					"sender":	true
				}],
			"sum":	{
				"start":	0.999999,
				"end":	1.000002,
				"seconds":	2.0000009536743164,
				"bytes":	939428864,
				"bits_per_second":	3757713664.1824951,
				"packets":	1834857,
				"omitted":	false,
				"sender":	true
			}
		}, {
			"streams":	[{
					"socket":	5,
					"start":	1.000002,
					"end":	2.000001,
					"seconds":	0.99999898672103882,
					"bytes":	939467776,
					"bits_per_second":	7515749823.5511742,
					"packets":	917450,
					"omitted":	false,
					"sender":	true
				}],
			"sum":	{
				"start":	1.000002,
				"end":	2.000001,
				"seconds":	0.99999898672103882,
				"bytes":	939467776,
				"bits_per_second":	7515749823.5511742,
				"packets":	917450,
				"omitted":	false,
				"sender":	true
			}
		}, {
			"streams":	[{
					"socket":	5,
					"start":	2.000001,
					"end":	3.000002,
					"seconds":	1.0000009536743164,
					"bytes":	939409408,
					"bits_per_second":	7515268096.881835,
					"packets":	917406,
					"omitted":	false,
					"sender":	true
				}],
			"sum":	{
				"start":	2.000001,
				"end":	3.000002,
				"seconds":	1.0000009536743164,
				"bytes":	939409408,
				"bits_per_second":	7515268096.881835,
				"packets":	917406,
				"omitted":	false,
				"sender":	true
			}
		}, {
			"streams":	[{
					"socket":	5,
					"start":	3.000002,
					"end":	4.000002,
					"seconds":	1,
					"bytes":	939424768,
					"bits_per_second":	7515398144,
					"packets":	917408,
					"omitted":	false,
					"sender":	true
				}],
			"sum":	{
				"start":	3.000002,
				"end":	4.000002,
				"seconds":	1,
				"bytes":	939424768,
				"bits_per_second":	7515398144,
				"packets":	917408,
				"omitted":	false,
				"sender":	true
			}
		}, {
			"streams":	[{
					"socket":	5,
					"start":	4.000002,
					"end":	5.000124,
					"seconds":	1.0001219511032104,
					"bytes":	939456512,
					"bits_per_second":	7514735665.6952333,
					"packets":	917438,
					"omitted":	false,
					"sender":	true
				}],
			"sum":	{
				"start":	4.000002,
				"end":	5.000124,
				"seconds":	1.0001219511032104,
				"bytes":	939456512,
				"bits_per_second":	7514735665.6952333,
				"packets":	917438,
				"omitted":	false,
				"sender":	true
			}
		}],
	"end":	{
		"streams":	[{
				"udp":	{
					"socket":	5,
					"start":	0,
					"end":	5.000124,
					"seconds":	5.000124,
					"bytes":	4697204736,
					"bits_per_second":	7515341197.13831,
					"jitter_ms":	0.00070523493220288769,
					"lost_packets":	156172,
					"packets":	4587113,
					"lost_percent":	3.40458148731021,
					"out_of_order":	0,
					"sender":	true
				}
			}],
		"sum":	{
			"start":	0,
			"end":	5.000254,
			"seconds":	5.000254,
			"bytes":	4697204736,
			"bits_per_second":	7515341197.13831,
			"jitter_ms":	0.00070523493220288769,
			"lost_packets":	156172,
			"packets":	4587113,
			"lost_percent":	3.40458148731021,
			"sender":	true
		},
		"sum_sent":	{
			"start":	0,
			"end":	5.000124,
			"seconds":	5.000124,
			"bytes":	4697204736,
			"bits_per_second":	7515341197.13831,
			"jitter_ms":	0,
			"lost_packets":	0,
			"packets":	4587113,
			"lost_percent":	0,
			"sender":	true
		},
		"sum_received":	{
			"start":	0,
			"end":	5.000254,
			"seconds":	5.000254,
			"bytes":	4544599040,
			"bits_per_second":	7270989097.7538338,
			"jitter_ms":	0.00070523493220288769,
			"lost_packets":	156172,
			"packets":	4594257,
			"lost_percent":	3.40458148731021,
			"sender":	false
		},
		"cpu_utilization_percent":	{
			"host_total":	101.55791039279735,
			"host_user":	21.502283183947046,
			"host_system":	80.0555986395889,
			"remote_total":	145.46151792383682,
			"remote_user":	19.099893303947756,
			"remote_system":	126.36161033470333
		}
	}
}
