{
	"start":	{
		"connected":	[{
				"socket":	5,
				"local_host":	"192.168.1.110",
				"local_port":	41466,
				"remote_host":	"192.168.1.100",
				"remote_port":	5201
			}],
		"version":	"iperf 3.16",
		"system_info":	"Linux design-lab 6.14.0-37-generic #37~24.04.1-Ubuntu SMP PREEMPT_DYNAMIC Thu Nov 20 10:25:38 UTC 2 x86_64",
		"timestamp":	{
			"time":	"Fri, 26 Jun 2026 02:18:49 GMT",
			"timesecs":	1782440329
		},
		"connecting_to":	{
			"host":	"192.168.1.100",
			"port":	5201
		},
		"cookie":	"itmbu3kbfdy6igyyxcd3gfwpeiew5xsj2z3z",
		"target_bitrate":	7412026726,
		"fq_rate":	0,
		"sock_bufsize":	0,
		"sndbuf_actual":	67108864,
		"rcvbuf_actual":	67108864,
		"test_start":	{
			"protocol":	"UDP",
			"num_streams":	1,
			"blksize":	832,
			"omit":	2,
			"duration":	5,
			"bytes":	0,
			"blocks":	0,
			"reverse":	0,
			"tos":	0,
			"target_bitrate":	7412026726,
			"bidir":	0,
			"fqrate":	0
		}
	},
	"intervals":	[{
			"streams":	[{
					"socket":	5,
					"start":	0,
					"end":	1.000052,
					"seconds":	1.0000519752502441,
					"bytes":	926469440,
					"bits_per_second":	7411370312.1733732,
					"packets":	1113545,
					"omitted":	true,
					"sender":	true
				}],
			"sum":	{
				"start":	0,
				"end":	1.000052,
				"seconds":	1.0000519752502441,
				"bytes":	926469440,
				"bits_per_second":	7411370312.1733732,
				"packets":	1113545,
				"omitted":	true,
				"sender":	true
			}
		}, {
			"streams":	[{
					"socket":	5,
					"start":	1.000052,
					"end":	2.000052,
					"seconds":	1,
					"bytes":	926540160,
					"bits_per_second":	7412321280,
					"packets":	1113630,
					"omitted":	true,
					"sender":	true
				}],
			"sum":	{
				"start":	1.000052,
				"end":	2.000052,
				"seconds":	1,
				"bytes":	926540160,
				"bits_per_second":	7412321280,
				"packets":	1113630,
				"omitted":	true,
				"sender":	true
			}
		}, {
			"streams":	[{
					"socket":	5,
					"start":	8e-06,
					"end":	0.999993,
					"seconds":	1.0000009536743164,
					"bytes":	926547648,
					"bits_per_second":	7412374115.0091829,
					"packets":	1113640,
					"omitted":	false,
					"sender":	true
				}],
			"sum":	{
				"start":	8e-06,
				"end":	0.999993,
				"seconds":	1.0000009536743164,
				"bytes":	926547648,
				"bits_per_second":	7412374115.0091829,
				"packets":	1113640,
				"omitted":	false,
				"sender":	true
			}
		}, {
			"streams":	[{
					"socket":	5,
					"start":	0.999993,
					"end":	1.999992,
					"seconds":	0.99999898672103882,
					"bytes":	926481920,
					"bits_per_second":	7411862870.28471,
					"packets":	1113566,
					"omitted":	false,
					"sender":	true
				}],
			"sum":	{
				"start":	0.999993,
				"end":	1.999992,
				"seconds":	0.99999898672103882,
				"bytes":	926481920,
				"bits_per_second":	7411862870.28471,
				"packets":	1113566,
				"omitted":	false,
				"sender":	true
			}
		}, {
			"streams":	[{
					"socket":	5,
					"start":	1.999992,
					"end":	2.999993,
					"seconds":	1.0000009536743164,
					"bytes":	926448640,
					"bits_per_second":	7411582051.7645531,
					"packets":	1113521,
					"omitted":	false,
					"sender":	true
				}],
			"sum":	{
				"start":	1.999992,
				"end":	2.999993,
				"seconds":	1.0000009536743164,
				"bytes":	926448640,
				"bits_per_second":	7411582051.7645531,
				"packets":	1113521,
				"omitted":	false,
				"sender":	true
			}
		}, {
			"streams":	[{
					"socket":	5,
					"start":	2.999993,
					"end":	3.999994,
					"seconds":	1.0000009536743164,
					"bytes":	926518528,
					"bits_per_second":	7412141155.23135,
					"packets":	1113605,
					"omitted":	false,
					"sender":	true
				}],
			"sum":	{
				"start":	2.999993,
				"end":	3.999994,
				"seconds":	1.0000009536743164,
				"bytes":	926518528,
				"bits_per_second":	7412141155.23135,
				"packets":	1113605,
				"omitted":	false,
				"sender":	true
			}
		}, {
			"streams":	[{
					"socket":	5,
					"start":	3.999994,
					"end":	5.000101,
					"seconds":	1.0001070499420166,
					"bytes":	926526848,
					"bits_per_second":	7411421391.76975,
					"packets":	1113619,
					"omitted":	false,
					"sender":	true
				}],
			"sum":	{
				"start":	3.999994,
				"end":	5.000101,
				"seconds":	1.0001070499420166,
				"bytes":	926526848,
				"bits_per_second":	7411421391.76975,
				"packets":	1113619,
				"omitted":	false,
				"sender":	true
			}
		}],
	"end":	{
		"streams":	[{
				"udp":	{
					"socket":	5,
					"start":	0,
					"end":	5.000101,
					"seconds":	5.000101,
					"bytes":	4632535232,
					"bits_per_second":	7411906650.6856565,
					"jitter_ms":	0.0011789764878963351,
					"lost_packets":	0,
					"packets":	5567951,
					"lost_percent":	0,
					"out_of_order":	0,
					"sender":	true
				}
			}],
		"sum":	{
			"start":	0,
			"end":	5.000212,
			"seconds":	5.000212,
			"bytes":	4632535232,
			"bits_per_second":	7411906650.6856565,
			"jitter_ms":	0.0011789764878963351,
			"lost_packets":	0,
			"packets":	5567951,
			"lost_percent":	0,
			"sender":	true
		},
		"sum_sent":	{
			"start":	0,
			"end":	5.000101,
			"seconds":	5.000101,
			"bytes":	4632535232,
			"bits_per_second":	7411906650.6856565,
			"jitter_ms":	0,
			"lost_packets":	0,
			"packets":	5567951,
			"lost_percent":	0,
			"sender":	true
		},
		"sum_received":	{
			"start":	0,
			"end":	5.000212,
			"seconds":	5.000212,
			"bytes":	4632581824,
			"bits_per_second":	7411816657.3737268,
			"jitter_ms":	0.0011789764878963351,
			"lost_packets":	0,
			"packets":	5568007,
			"lost_percent":	0,
			"sender":	false
		},
		"cpu_utilization_percent":	{
			"host_total":	101.45928835890521,
			"host_user":	21.366417411866951,
			"host_system":	80.092885231799542,
			"remote_total":	159.89153221284712,
			"remote_user":	21.713471047757682,
			"remote_system":	138.17803259462005
		}
	}
}
