{
	"start":	{
		"connected":	[{
				"socket":	5,
				"local_host":	"192.168.1.100",
				"local_port":	5201,
				"remote_host":	"192.168.1.110",
				"remote_port":	60247
			}],
		"version":	"iperf 3.16",
		"system_info":	"Linux design-lab 6.14.0-37-generic #37~24.04.1-Ubuntu SMP PREEMPT_DYNAMIC Thu Nov 20 10:25:38 UTC 2 x86_64",
		"target_bitrate":	7625531915,
		"timestamp":	{
			"time":	"Fri, 26 Jun 2026 02:21:03 GMT",
			"timesecs":	1782440463
		},
		"accepted_connection":	{
			"host":	"192.168.1.110",
			"port":	35698
		},
		"cookie":	"cbeszhsyuddd7sfrayit34kbbwkceltjpcoy",
		"target_bitrate":	7625531915,
		"fq_rate":	0,
		"sock_bufsize":	0,
		"sndbuf_actual":	67108864,
		"rcvbuf_actual":	67108864,
		"test_start":	{
			"protocol":	"UDP",
			"num_streams":	1,
			"blksize":	1344,
			"omit":	2,
			"duration":	5,
			"bytes":	0,
			"blocks":	0,
			"reverse":	0,
			"tos":	0,
			"target_bitrate":	7625531915,
			"bidir":	0,
			"fqrate":	0
		}
	},
	"intervals":	[{
			"streams":	[{
					"socket":	5,
					"start":	0,
					"end":	1.000007,
					"seconds":	1.0000070333480835,
					"bytes":	837504192,
					"bits_per_second":	6699986412.6634054,
					"jitter_ms":	0.0016886060809382995,
					"lost_packets":	0,
					"packets":	623143,
					"lost_percent":	0,
					"omitted":	true,
					"sender":	false
				}],
			"sum":	{
				"start":	0,
				"end":	1.000007,
				"seconds":	1.0000070333480835,
				"bytes":	837504192,
				"bits_per_second":	6699986412.6634054,
				"jitter_ms":	0.0016886060809382995,
				"lost_packets":	0,
				"packets":	623143,
				"lost_percent":	0,
				"omitted":	true,
				"sender":	false
			}
		}, {
			"streams":	[{
					"socket":	5,
					"start":	0.999998,
					"end":	1,
					"seconds":	1.9999979734420776,
					"bytes":	885451392,
					"bits_per_second":	3541809156.840703,
					"jitter_ms":	0.0011379132283674529,
					"lost_packets":	0,
					"packets":	1280303,
					"lost_percent":	0,
					"omitted":	false,
					"sender":	false
				}],
			"sum":	{
				"start":	0.999998,
				"end":	1,
				"seconds":	1.9999979734420776,
				"bytes":	885451392,
				"bits_per_second":	3541809156.840703,
				"jitter_ms":	0.0011379132283674529,
				"lost_packets":	0,
				"packets":	1280303,
				"lost_percent":	0,
				"omitted":	false,
				"sender":	false
			}
		}, {
			"streams":	[{
					"socket":	5,
					"start":	1,
					"end":	2.000004,
					"seconds":	1.0000040531158447,
					"bytes":	882666624,
					"bits_per_second":	7061304371.7153664,
					"jitter_ms":	0.0011386753552086945,
					"lost_packets":	0,
					"packets":	656748,
					"lost_percent":	0,
					"omitted":	false,
					"sender":	false
				}],
			"sum":	{
				"start":	1,
				"end":	2.000004,
				"seconds":	1.0000040531158447,
				"bytes":	882666624,
				"bits_per_second":	7061304371.7153664,
				"jitter_ms":	0.0011386753552086945,
				"lost_packets":	0,
				"packets":	656748,
				"lost_percent":	0,
				"omitted":	false,
				"sender":	false
			}
		}, {
			"streams":	[{
					"socket":	5,
					"start":	2.000004,
					"end":	3,
					"seconds":	0.9999960064888,
					"bytes":	781032000,
					"bits_per_second":	6248280952.5799646,
					"jitter_ms":	0.0066840564105320041,
					"lost_packets":	394257,
					"packets":	975384,
					"lost_percent":	40.420695849019467,
					"omitted":	false,
					"sender":	false
				}],
			"sum":	{
				"start":	2.000004,
				"end":	3,
				"seconds":	0.9999960064888,
				"bytes":	781032000,
				"bits_per_second":	6248280952.5799646,
				"jitter_ms":	0.0066840564105320041,
				"lost_packets":	394257,
				"packets":	975384,
				"lost_percent":	40.420695849019467,
				"omitted":	false,
				"sender":	false
			}
		}, {
			"streams":	[{
					"socket":	5,
					"start":	3,
					"end":	4,
					"seconds":	1,
					"bytes":	915509952,
					"bits_per_second":	7324079616,
					"jitter_ms":	0.0013013981899324195,
					"lost_packets":	27995,
					"packets":	709179,
					"lost_percent":	3.94752241676643,
					"omitted":	false,
					"sender":	false
				}],
			"sum":	{
				"start":	3,
				"end":	4,
				"seconds":	1,
				"bytes":	915509952,
				"bits_per_second":	7324079616,
				"jitter_ms":	0.0013013981899324195,
				"lost_packets":	27995,
				"packets":	709179,
				"lost_percent":	3.94752241676643,
				"omitted":	false,
				"sender":	false
			}
		}, {
			"streams":	[{
					"socket":	5,
					"start":	4,
					"end":	5,
					"seconds":	1,
					"bytes":	907741632,
					"bits_per_second":	7261933056,
					"jitter_ms":	0.0016890956003429013,
					"lost_packets":	33847,
					"packets":	709250,
					"lost_percent":	4.77222418047233,
					"omitted":	false,
					"sender":	false
				}],
			"sum":	{
				"start":	4,
				"end":	5,
				"seconds":	1,
				"bytes":	907741632,
				"bits_per_second":	7261933056,
				"jitter_ms":	0.0016890956003429013,
				"lost_packets":	33847,
				"packets":	709250,
				"lost_percent":	4.77222418047233,
				"omitted":	false,
				"sender":	false
			}
		}, {
			"streams":	[{
					"socket":	5,
					"start":	5,
					"end":	5.000256,
					"seconds":	0.00025599999935366213,
					"bytes":	424704,
					"bits_per_second":	13272000033.508579,
					"jitter_ms":	0.0014408351865824252,
					"lost_packets":	0,
					"packets":	316,
					"lost_percent":	0,
					"omitted":	false,
					"sender":	false
				}],
			"sum":	{
				"start":	5,
				"end":	5.000256,
				"seconds":	0.00025599999935366213,
				"bytes":	424704,
				"bits_per_second":	13272000033.508579,
				"jitter_ms":	0.0014408351865824252,
				"lost_packets":	0,
				"packets":	316,
				"lost_percent":	0,
				"omitted":	false,
				"sender":	false
			}
		}],
	"end":	{
		"streams":	[{
				"udp":	{
					"socket":	5,
					"start":	0,
					"end":	5.000256,
					"seconds":	5.000256,
					"bytes":	0,
					"bits_per_second":	0,
					"jitter_ms":	0.0014408351865824252,
					"lost_packets":	456099,
					"packets":	3709696,
					"lost_percent":	0,
					"out_of_order":	0,
					"sender":	false
				}
			}],
		"sum":	{
			"start":	0,
			"end":	5.000256,
			"seconds":	5.000256,
			"bytes":	0,
			"bits_per_second":	0,
			"jitter_ms":	0.0014408351865824252,
			"lost_packets":	456099,
			"packets":	3709696,
			"lost_percent":	12.294781027879374,
			"sender":	false
		},
		"sum_sent":	{
			"start":	0,
			"end":	5.000256,
			"seconds":	5.000256,
			"bytes":	0,
			"bits_per_second":	0,
			"jitter_ms":	0,
			"lost_packets":	0,
			"packets":	0,
			"lost_percent":	0,
			"sender":	true
		},
		"sum_received":	{
			"start":	0,
			"end":	5.000256,
			"seconds":	5.000256,
			"bytes":	4372834368,
			"bits_per_second":	6996176784.54863,
			"jitter_ms":	0.0014408351865824252,
			"lost_packets":	456099,
			"packets":	3709696,
			"lost_percent":	12.294781027879374,
			"sender":	false
		},
		"cpu_utilization_percent":	{
			"host_total":	142.71258912521014,
			"host_user":	16.502763324354625,
			"host_system":	126.20979723050445,
			"remote_total":	0,
			"remote_user":	0,
			"remote_system":	0
		}
	}
}
