{
	"start":	{
		"connected":	[{
				"socket":	5,
				"local_host":	"192.168.1.100",
				"local_port":	54543,
				"remote_host":	"192.168.1.110",
				"remote_port":	5201
			}],
		"version":	"iperf 3.16",
		"system_info":	"Linux design-lab 6.14.0-37-generic #37~24.04.1-Ubuntu SMP PREEMPT_DYNAMIC Thu Nov 20 10:25:38 UTC 2 x86_64",
		"timestamp":	{
			"time":	"Fri, 26 Jun 2026 02:23:54 GMT",
			"timesecs":	1782440634
		},
		"connecting_to":	{
			"host":	"192.168.1.110",
			"port":	5201
		},
		"cookie":	"qqetlyulxvcgqnl6av6wu4eud5rkp6uh46pi",
		"target_bitrate":	6632124352,
		"fq_rate":	0,
		"sock_bufsize":	0,
		"sndbuf_actual":	134217728,
		"rcvbuf_actual":	134217728,
		"test_start":	{
			"protocol":	"UDP",
			"num_streams":	1,
			"blksize":	320,
			"omit":	2,
			"duration":	5,
			"bytes":	0,
			"blocks":	0,
			"reverse":	0,
			"tos":	0,
			"target_bitrate":	6632124352,
			"bidir":	0,
			"fqrate":	0
		}
	},
	"intervals":	[{
			"streams":	[{
					"socket":	5,
					"start":	0,
					"end":	1.000053,
					"seconds":	1.00005304813385,
					"bytes":	517255360,
					"bits_per_second":	4137823376.1916919,
					"packets":	1616424,
					"omitted":	true,
					"sender":	true
				}],
			"sum":	{
				"start":	0,
				"end":	1.000053,
				"seconds":	1.00005304813385,
				"bytes":	517255360,
				"bits_per_second":	4137823376.1916919,
				"packets":	1616424,
				"omitted":	true,
				"sender":	true
			}
		}, {
			"streams":	[{
					"socket":	5,
					"start":	0.999999,
					"end":	1.000001,
					"seconds":	2,
					"bytes":	516270080,
					"bits_per_second":	2065080320,
					"packets":	3227865,
					"omitted":	false,
					"sender":	true
				}],
			"sum":	{
				"start":	0.999999,
				"end":	1.000001,
				"seconds":	2,
				"bytes":	516270080,
				"bits_per_second":	2065080320,
				"packets":	3227865,
				"omitted":	false,
				"sender":	true
			}
		}, {
			"streams":	[{
					"socket":	5,
					"start":	1.000001,
					"end":	2.000001,
					"seconds":	1,
					"bytes":	515834880,
					"bits_per_second":	4126679040,
					"packets":	1611985,
					"omitted":	false,
					"sender":	true
				}],
			"sum":	{
				"start":	1.000001,
				"end":	2.000001,
				"seconds":	1,
				"bytes":	515834880,
				"bits_per_second":	4126679040,
				"packets":	1611985,
				"omitted":	false,
				"sender":	true
			}
		}, {
			"streams":	[{
					"socket":	5,
					"start":	2.000001,
					"end":	3.000001,
					"seconds":	1,
					"bytes":	515597120,
					"bits_per_second":	4124776960,
					"packets":	1611249,
					"omitted":	false,
					"sender":	true
				}],
			"sum":	{
				"start":	2.000001,
				"end":	3.000001,
				"seconds":	1,
				"bytes":	515597120,
				"bits_per_second":	4124776960,
				"packets":	1611249,
				"omitted":	false,
				"sender":	true
			}
		}, {
			"streams":	[{
					"socket":	5,
					"start":	3.000001,
					"end":	4.000001,
					"seconds":	1,
					"bytes":	515687040,
					"bits_per_second":	4125496320,
					"packets":	1611523,
					"omitted":	false,
					"sender":	true
				}],
			"sum":	{
				"start":	3.000001,
				"end":	4.000001,
				"seconds":	1,
				"bytes":	515687040,
				"bits_per_second":	4125496320,
				"packets":	1611523,
				"omitted":	false,
				"sender":	true
			}
		}, {
			"streams":	[{
					"socket":	5,
					"start":	4.000001,
					"end":	5.00013,
					"seconds":	1.0001289844512939,
					"bytes":	515490880,
					"bits_per_second":	4123395186.1344485,
					"packets":	1610910,
					"omitted":	false,
					"sender":	true
				}],
			"sum":	{
				"start":	4.000001,
				"end":	5.00013,
				"seconds":	1.0001289844512939,
				"bytes":	515490880,
				"bits_per_second":	4123395186.1344485,
				"packets":	1610910,
				"omitted":	false,
				"sender":	true
			}
		}],
	"end":	{
		"streams":	[{
				"udp":	{
					"socket":	5,
					"start":	0,
					"end":	5.00013,
					"seconds":	5.00013,
					"bytes":	2578883840,
					"bits_per_second":	4126106865.2215037,
					"jitter_ms":	0.000611970594025361,
					"lost_packets":	2865506,
					"packets":	8059011,
					"lost_percent":	35.55654657873032,
					"out_of_order":	0,
					"sender":	true
				}
			}],
		"sum":	{
			"start":	0,
			"end":	5.000235,
			"seconds":	5.000235,
			"bytes":	2578883840,
			"bits_per_second":	4126106865.2215037,
			"jitter_ms":	0.000611970594025361,
			"lost_packets":	2865506,
			"packets":	8059011,
			"lost_percent":	35.55654657873032,
			"sender":	true
		},
		"sum_sent":	{
			"start":	0,
			"end":	5.00013,
			"seconds":	5.00013,
			"bytes":	2578883840,
			"bits_per_second":	4126106865.2215037,
			"jitter_ms":	0,
			"lost_packets":	0,
			"packets":	8059011,
			"lost_percent":	0,
			"sender":	true
		},
		"sum_received":	{
			"start":	0,
			"end":	5.000235,
			"seconds":	5.000235,
			"bytes":	1662639360,
			"bits_per_second":	2660097951.3962846,
			"jitter_ms":	0.000611970594025361,
			"lost_packets":	2865506,
			"packets":	8061254,
			"lost_percent":	35.55654657873032,
			"sender":	false
		},
		"cpu_utilization_percent":	{
			"host_total":	101.30310357033578,
			"host_user":	10.73737686268359,
			"host_system":	90.5657267076522,
			"remote_total":	199.958887235458,
			"remote_user":	25.177354152182087,
			"remote_system":	174.78150451290446
		}
	}
}
