{
	"start":	{
		"connected":	[{
				"socket":	5,
				"local_host":	"192.168.1.110",
				"local_port":	5201,
				"remote_host":	"192.168.1.100",
				"remote_port":	59526
			}],
		"version":	"iperf 3.16",
		"system_info":	"Linux design-lab 6.14.0-37-generic #37~24.04.1-Ubuntu SMP PREEMPT_DYNAMIC Thu Nov 20 10:25:38 UTC 2 x86_64",
		"target_bitrate":	6826666667,
		"timestamp":	{
			"time":	"Fri, 26 Jun 2026 02:24:11 GMT",
			"timesecs":	1782440651
		},
		"accepted_connection":	{
			"host":	"192.168.1.100",
			"port":	46234
		},
		"cookie":	"3a5m3lyouce6kefujxpxcqeyhhqknlqva62y",
		"target_bitrate":	6826666667,
		"fq_rate":	0,
		"sock_bufsize":	0,
		"sndbuf_actual":	134217728,
		"rcvbuf_actual":	134217728,
		"test_start":	{
			"protocol":	"UDP",
			"num_streams":	1,
			"blksize":	384,
			"omit":	2,
			"duration":	5,
			"bytes":	0,
			"blocks":	0,
			"reverse":	0,
			"tos":	0,
			"target_bitrate":	6826666667,
			"bidir":	0,
			"fqrate":	0
		}
	},
	"intervals":	[{
			"streams":	[{
					"socket":	5,
					"start":	0,
					"end":	1.000002,
					"seconds":	1.0000020265579224,
					"bytes":	577636608,
					"bits_per_second":	4621083499.1066246,
					"jitter_ms":	0.00055239367858415044,
					"lost_packets":	15882,
					"packets":	1520145,
					"lost_percent":	1.044768755612129,
					"omitted":	true,
					"sender":	false
				}],
			"sum":	{
				"start":	0,
				"end":	1.000002,
				"seconds":	1.0000020265579224,
				"bytes":	577636608,
				"bits_per_second":	4621083499.1066246,
				"jitter_ms":	0.00055239367858415044,
				"lost_packets":	15882,
				"packets":	1520145,
				"lost_percent":	1.044768755612129,
				"omitted":	true,
				"sender":	false
			}
		}, {
			"streams":	[{
					"socket":	5,
					"start":	1,
					"end":	1.000001,
					"seconds":	2.0000009536743164,
					"bytes":	600443136,
					"bits_per_second":	2401771398.7461514,
					"jitter_ms":	0.00036724517042204739,
					"lost_packets":	0,
					"packets":	3128562,
					"lost_percent":	0,
					"omitted":	false,
					"sender":	false
				}],
			"sum":	{
				"start":	1,
				"end":	1.000001,
				"seconds":	2.0000009536743164,
				"bytes":	600443136,
				"bits_per_second":	2401771398.7461514,
				"jitter_ms":	0.00036724517042204739,
				"lost_packets":	0,
				"packets":	3128562,
				"lost_percent":	0,
				"omitted":	false,
				"sender":	false
			}
		}, {
			"streams":	[{
					"socket":	5,
					"start":	1.000001,
					"end":	2,
					"seconds":	0.99999898672103882,
					"bytes":	600465408,
					"bits_per_second":	4803728131.51665,
					"jitter_ms":	0.000516033513703837,
					"lost_packets":	0,
					"packets":	1563713,
					"lost_percent":	0,
					"omitted":	false,
					"sender":	false
				}],
			"sum":	{
				"start":	1.000001,
				"end":	2,
				"seconds":	0.99999898672103882,
				"bytes":	600465408,
				"bits_per_second":	4803728131.51665,
				"jitter_ms":	0.000516033513703837,
				"lost_packets":	0,
				"packets":	1563713,
				"lost_percent":	0,
				"omitted":	false,
				"sender":	false
			}
		}, {
			"streams":	[{
					"socket":	5,
					"start":	2,
					"end":	3,
					"seconds":	1,
					"bytes":	600185856,
					"bits_per_second":	4801486848,
					"jitter_ms":	0.0002662550889939528,
					"lost_packets":	0,
					"packets":	1562986,
					"lost_percent":	0,
					"omitted":	false,
					"sender":	false
				}],
			"sum":	{
				"start":	2,
				"end":	3,
				"seconds":	1,
				"bytes":	600185856,
				"bits_per_second":	4801486848,
				"jitter_ms":	0.0002662550889939528,
				"lost_packets":	0,
				"packets":	1562986,
				"lost_percent":	0,
				"omitted":	false,
				"sender":	false
			}
		}, {
			"streams":	[{
					"socket":	5,
					"start":	3,
					"end":	4,
					"seconds":	1,
					"bytes":	601629696,
					"bits_per_second":	4813037568,
					"jitter_ms":	0.00064641662720299356,
					"lost_packets":	0,
					"packets":	1566752,
					"lost_percent":	0,
					"omitted":	false,
					"sender":	false
				}],
			"sum":	{
				"start":	3,
				"end":	4,
				"seconds":	1,
				"bytes":	601629696,
				"bits_per_second":	4813037568,
				"jitter_ms":	0.00064641662720299356,
				"lost_packets":	0,
				"packets":	1566752,
				"lost_percent":	0,
				"omitted":	false,
				"sender":	false
			}
		}, {
			"streams":	[{
					"socket":	5,
					"start":	4,
					"end":	5,
					"seconds":	1,
					"bytes":	601571712,
					"bits_per_second":	4812573696,
					"jitter_ms":	0.00064045651287119318,
					"lost_packets":	0,
					"packets":	1566593,
					"lost_percent":	0,
					"omitted":	false,
					"sender":	false
				}],
			"sum":	{
				"start":	4,
				"end":	5,
				"seconds":	1,
				"bytes":	601571712,
				"bits_per_second":	4812573696,
				"jitter_ms":	0.00064045651287119318,
				"lost_packets":	0,
				"packets":	1566593,
				"lost_percent":	0,
				"omitted":	false,
				"sender":	false
			}
		}, {
			"streams":	[{
					"socket":	5,
					"start":	5,
					"end":	5.000267,
					"seconds":	0.00026699999580159783,
					"bytes":	163200,
					"bits_per_second":	4889887717.339757,
					"jitter_ms":	0.0004728662484140555,
					"lost_packets":	0,
					"packets":	426,
					"lost_percent":	0,
					"omitted":	false,
					"sender":	false
				}],
			"sum":	{
				"start":	5,
				"end":	5.000267,
				"seconds":	0.00026699999580159783,
				"bytes":	163200,
				"bits_per_second":	4889887717.339757,
				"jitter_ms":	0.0004728662484140555,
				"lost_packets":	0,
				"packets":	426,
				"lost_percent":	0,
				"omitted":	false,
				"sender":	false
			}
		}],
	"end":	{
		"streams":	[{
				"udp":	{
					"socket":	5,
					"start":	0,
					"end":	5.000267,
					"seconds":	5.000267,
					"bytes":	0,
					"bits_per_second":	0,
					"jitter_ms":	0.0004728662484140555,
					"lost_packets":	0,
					"packets":	7824124,
					"lost_percent":	0,
					"out_of_order":	0,
					"sender":	false
				}
			}],
		"sum":	{
			"start":	0,
			"end":	5.000267,
			"seconds":	5.000267,
			"bytes":	0,
			"bits_per_second":	0,
			"jitter_ms":	0.0004728662484140555,
			"lost_packets":	0,
			"packets":	7824124,
			"lost_percent":	0,
			"sender":	false
		},
		"sum_sent":	{
			"start":	0,
			"end":	5.000267,
			"seconds":	5.000267,
			"bytes":	0,
			"bits_per_second":	0,
			"jitter_ms":	0,
			"lost_packets":	0,
			"packets":	0,
			"lost_percent":	0,
			"sender":	true
		},
		"sum_received":	{
			"start":	0,
			"end":	5.000267,
			"seconds":	5.000267,
			"bytes":	3004463616,
			"bits_per_second":	4806885097.93577,
			"jitter_ms":	0.0004728662484140555,
			"lost_packets":	0,
			"packets":	7824124,
			"lost_percent":	0,
			"sender":	false
		},
		"cpu_utilization_percent":	{
			"host_total":	199.48832017480453,
			"host_user":	27.309208951189923,
			"host_system":	172.17908265331252,
			"remote_total":	0,
			"remote_user":	0,
			"remote_system":	0
		}
	}
}
