{
	"start":	{
		"connected":	[{
				"socket":	5,
				"local_host":	"192.168.1.110",
				"local_port":	5201,
				"remote_host":	"192.168.1.100",
				"remote_port":	51153
			}],
		"version":	"iperf 3.16",
		"system_info":	"Linux design-lab 6.14.0-37-generic #37~24.04.1-Ubuntu SMP PREEMPT_DYNAMIC Thu Nov 20 10:25:38 UTC 2 x86_64",
		"target_bitrate":	7366906475,
		"timestamp":	{
			"time":	"Fri, 26 Jun 2026 02:25:52 GMT",
			"timesecs":	1782440752
		},
		"accepted_connection":	{
			"host":	"192.168.1.100",
			"port":	53040
		},
		"cookie":	"go6vas7yxtfzvuj6chszzcexsqpbizqj4iee",
		"target_bitrate":	7366906475,
		"fq_rate":	0,
		"sock_bufsize":	0,
		"sndbuf_actual":	134217728,
		"rcvbuf_actual":	134217728,
		"test_start":	{
			"protocol":	"UDP",
			"num_streams":	1,
			"blksize":	768,
			"omit":	2,
			"duration":	5,
			"bytes":	0,
			"blocks":	0,
			"reverse":	0,
			"tos":	0,
			"target_bitrate":	7366906475,
			"bidir":	0,
			"fqrate":	0
		}
	},
	"intervals":	[{
			"streams":	[{
					"socket":	5,
					"start":	0,
					"end":	1.000001,
					"seconds":	1.0000009536743164,
					"bytes":	917170944,
					"bits_per_second":	7337360554.5476885,
					"jitter_ms":	0.00069784868429390067,
					"lost_packets":	0,
					"packets":	1194233,
					"lost_percent":	0,
					"omitted":	true,
					"sender":	false
				}],
			"sum":	{
				"start":	0,
				"end":	1.000001,
				"seconds":	1.0000009536743164,
				"bytes":	917170944,
				"bits_per_second":	7337360554.5476885,
				"jitter_ms":	0.00069784868429390067,
				"lost_packets":	0,
				"packets":	1194233,
				"lost_percent":	0,
				"omitted":	true,
				"sender":	false
			}
		}, {
			"streams":	[{
					"socket":	5,
					"start":	1,
					"end":	1,
					"seconds":	2,
					"bytes":	920818176,
					"bits_per_second":	3683272704,
					"jitter_ms":	0.00049467152561469469,
					"lost_packets":	0,
					"packets":	2402564,
					"lost_percent":	0,
					"omitted":	false,
					"sender":	false
				}],
			"sum":	{
				"start":	1,
				"end":	1,
				"seconds":	2,
				"bytes":	920818176,
				"bits_per_second":	3683272704,
				"jitter_ms":	0.00049467152561469469,
				"lost_packets":	0,
				"packets":	2402564,
				"lost_percent":	0,
				"omitted":	false,
				"sender":	false
			}
		}, {
			"streams":	[{
					"socket":	5,
					"start":	1,
					"end":	2,
					"seconds":	1,
					"bytes":	920841984,
					"bits_per_second":	7366735872,
					"jitter_ms":	0.00090679287928106583,
					"lost_packets":	0,
					"packets":	1199013,
					"lost_percent":	0,
					"omitted":	false,
					"sender":	false
				}],
			"sum":	{
				"start":	1,
				"end":	2,
				"seconds":	1,
				"bytes":	920841984,
				"bits_per_second":	7366735872,
				"jitter_ms":	0.00090679287928106583,
				"lost_packets":	0,
				"packets":	1199013,
				"lost_percent":	0,
				"omitted":	false,
				"sender":	false
			}
		}, {
			"streams":	[{
					"socket":	5,
					"start":	2,
					"end":	3,
					"seconds":	1,
					"bytes":	917878272,
					"bits_per_second":	7343026176,
					"jitter_ms":	0.00080666930378431,
					"lost_packets":	0,
					"packets":	1195154,
					"lost_percent":	0,
					"omitted":	false,
					"sender":	false
				}],
			"sum":	{
				"start":	2,
				"end":	3,
				"seconds":	1,
				"bytes":	917878272,
				"bits_per_second":	7343026176,
				"jitter_ms":	0.00080666930378431,
				"lost_packets":	0,
				"packets":	1195154,
				"lost_percent":	0,
				"omitted":	false,
				"sender":	false
			}
		}, {
			"streams":	[{
					"socket":	5,
					"start":	3,
					"end":	4,
					"seconds":	1,
					"bytes":	899654400,
					"bits_per_second":	7197235200,
					"jitter_ms":	0.00083873700567909846,
					"lost_packets":	0,
					"packets":	1171431,
					"lost_percent":	0,
					"omitted":	false,
					"sender":	false
				}],
			"sum":	{
				"start":	3,
				"end":	4,
				"seconds":	1,
				"bytes":	899654400,
				"bits_per_second":	7197235200,
				"jitter_ms":	0.00083873700567909846,
				"lost_packets":	0,
				"packets":	1171431,
				"lost_percent":	0,
				"omitted":	false,
				"sender":	false
			}
		}, {
			"streams":	[{
					"socket":	5,
					"start":	4,
					"end":	5,
					"seconds":	1,
					"bytes":	896919552,
					"bits_per_second":	7175356416,
					"jitter_ms":	0.00071939187598678549,
					"lost_packets":	17945,
					"packets":	1185810,
					"lost_percent":	1.5133115760534992,
					"omitted":	false,
					"sender":	false
				}],
			"sum":	{
				"start":	4,
				"end":	5,
				"seconds":	1,
				"bytes":	896919552,
				"bits_per_second":	7175356416,
				"jitter_ms":	0.00071939187598678549,
				"lost_packets":	17945,
				"packets":	1185810,
				"lost_percent":	1.5133115760534992,
				"omitted":	false,
				"sender":	false
			}
		}, {
			"streams":	[{
					"socket":	5,
					"start":	5,
					"end":	5.000254,
					"seconds":	0.00025400001322850585,
					"bytes":	258816,
					"bits_per_second":	8151684614.82438,
					"jitter_ms":	0.00063089929774340163,
					"lost_packets":	0,
					"packets":	338,
					"lost_percent":	0,
					"omitted":	false,
					"sender":	false
				}],
			"sum":	{
				"start":	5,
				"end":	5.000254,
				"seconds":	0.00025400001322850585,
				"bytes":	258816,
				"bits_per_second":	8151684614.82438,
				"jitter_ms":	0.00063089929774340163,
				"lost_packets":	0,
				"packets":	338,
				"lost_percent":	0,
				"omitted":	false,
				"sender":	false
			}
		}],
	"end":	{
		"streams":	[{
				"udp":	{
					"socket":	5,
					"start":	0,
					"end":	5.000254,
					"seconds":	5.000254,
					"bytes":	0,
					"bits_per_second":	0,
					"jitter_ms":	0.00063089929774340163,
					"lost_packets":	17945,
					"packets":	5950728,
					"lost_percent":	0,
					"out_of_order":	0,
					"sender":	false
				}
			}],
		"sum":	{
			"start":	0,
			"end":	5.000254,
			"seconds":	5.000254,
			"bytes":	0,
			"bits_per_second":	0,
			"jitter_ms":	0.00063089929774340163,
			"lost_packets":	17945,
			"packets":	5950728,
			"lost_percent":	0.30155974193409613,
			"sender":	false
		},
		"sum_sent":	{
			"start":	0,
			"end":	5.000254,
			"seconds":	5.000254,
			"bytes":	0,
			"bits_per_second":	0,
			"jitter_ms":	0,
			"lost_packets":	0,
			"packets":	0,
			"lost_percent":	0,
			"sender":	true
		},
		"sum_received":	{
			"start":	0,
			"end":	5.000254,
			"seconds":	5.000254,
			"bytes":	4556377344,
			"bits_per_second":	7289833426.8619156,
			"jitter_ms":	0.00063089929774340163,
			"lost_packets":	17945,
			"packets":	5950728,
			"lost_percent":	0.30155974193409613,
			"sender":	false
		},
		"cpu_utilization_percent":	{
			"host_total":	191.34020488959121,
			"host_user":	21.739398747874723,
			"host_system":	169.60079185652873,
			"remote_total":	0,
			"remote_user":	0,
			"remote_system":	0
		}
	}
}
