{
	"start":	{
		"connected":	[{
				"socket":	5,
				"local_host":	"192.168.1.110",
				"local_port":	5201,
				"remote_host":	"192.168.1.100",
				"remote_port":	60096
			}],
		"version":	"iperf 3.16",
		"system_info":	"Linux design-lab 6.14.0-37-generic #37~24.04.1-Ubuntu SMP PREEMPT_DYNAMIC Thu Nov 20 10:25:38 UTC 2 x86_64",
		"target_bitrate":	7252124646,
		"timestamp":	{
			"time":	"Fri, 26 Jun 2026 02:25:18 GMT",
			"timesecs":	1782440718
		},
		"accepted_connection":	{
			"host":	"192.168.1.100",
			"port":	36516
		},
		"cookie":	"7dgkf45yfucff4luytmvvpruedpj6lpws5la",
		"target_bitrate":	7252124646,
		"fq_rate":	0,
		"sock_bufsize":	0,
		"sndbuf_actual":	134217728,
		"rcvbuf_actual":	134217728,
		"test_start":	{
			"protocol":	"UDP",
			"num_streams":	1,
			"blksize":	640,
			"omit":	2,
			"duration":	5,
			"bytes":	0,
			"blocks":	0,
			"reverse":	0,
			"tos":	0,
			"target_bitrate":	7252124646,
			"bidir":	0,
			"fqrate":	0
		}
	},
	"intervals":	[{
			"streams":	[{
					"socket":	5,
					"start":	0,
					"end":	1.000001,
					"seconds":	1.0000009536743164,
					"bytes":	906438400,
					"bits_per_second":	7251500284.4304237,
					"jitter_ms":	0.000576451748349604,
					"lost_packets":	0,
					"packets":	1416311,
					"lost_percent":	0,
					"omitted":	true,
					"sender":	false
				}],
			"sum":	{
				"start":	0,
				"end":	1.000001,
				"seconds":	1.0000009536743164,
				"bytes":	906438400,
				"bits_per_second":	7251500284.4304237,
				"jitter_ms":	0.000576451748349604,
				"lost_packets":	0,
				"packets":	1416311,
				"lost_percent":	0,
				"omitted":	true,
				"sender":	false
			}
		}, {
			"streams":	[{
					"socket":	5,
					"start":	1.000001,
					"end":	0.999999,
					"seconds":	2,
					"bytes":	906514560,
					"bits_per_second":	3626058240,
					"jitter_ms":	0.00040904130840545516,
					"lost_packets":	0,
					"packets":	2832874,
					"lost_percent":	0,
					"omitted":	false,
					"sender":	false
				}],
			"sum":	{
				"start":	1.000001,
				"end":	0.999999,
				"seconds":	2,
				"bytes":	906514560,
				"bits_per_second":	3626058240,
				"jitter_ms":	0.00040904130840545516,
				"lost_packets":	0,
				"packets":	2832874,
				"lost_percent":	0,
				"omitted":	false,
				"sender":	false
			}
		}, {
			"streams":	[{
					"socket":	5,
					"start":	0.999999,
					"end":	2.000002,
					"seconds":	1.0000029802322388,
					"bytes":	906534400,
					"bits_per_second":	7252253586.6000576,
					"jitter_ms":	0.000867572465404447,
					"lost_packets":	0,
					"packets":	1416461,
					"lost_percent":	0,
					"omitted":	false,
					"sender":	false
				}],
			"sum":	{
				"start":	0.999999,
				"end":	2.000002,
				"seconds":	1.0000029802322388,
				"bytes":	906534400,
				"bits_per_second":	7252253586.6000576,
				"jitter_ms":	0.000867572465404447,
				"lost_packets":	0,
				"packets":	1416461,
				"lost_percent":	0,
				"omitted":	false,
				"sender":	false
			}
		}, {
			"streams":	[{
					"socket":	5,
					"start":	2.000002,
					"end":	2.999999,
					"seconds":	0.99999701976776123,
					"bytes":	906469760,
					"bits_per_second":	7251779691.9876261,
					"jitter_ms":	0.0003045885116528451,
					"lost_packets":	0,
					"packets":	1416359,
					"lost_percent":	0,
					"omitted":	false,
					"sender":	false
				}],
			"sum":	{
				"start":	2.000002,
				"end":	2.999999,
				"seconds":	0.99999701976776123,
				"bytes":	906469760,
				"bits_per_second":	7251779691.9876261,
				"jitter_ms":	0.0003045885116528451,
				"lost_packets":	0,
				"packets":	1416359,
				"lost_percent":	0,
				"omitted":	false,
				"sender":	false
			}
		}, {
			"streams":	[{
					"socket":	5,
					"start":	2.999999,
					"end":	3.999999,
					"seconds":	1,
					"bytes":	906521600,
					"bits_per_second":	7252172800,
					"jitter_ms":	0.00089652259067366739,
					"lost_packets":	0,
					"packets":	1416442,
					"lost_percent":	0,
					"omitted":	false,
					"sender":	false
				}],
			"sum":	{
				"start":	2.999999,
				"end":	3.999999,
				"seconds":	1,
				"bytes":	906521600,
				"bits_per_second":	7252172800,
				"jitter_ms":	0.00089652259067366739,
				"lost_packets":	0,
				"packets":	1416442,
				"lost_percent":	0,
				"omitted":	false,
				"sender":	false
			}
		}, {
			"streams":	[{
					"socket":	5,
					"start":	3.999999,
					"end":	4.999999,
					"seconds":	1,
					"bytes":	906528640,
					"bits_per_second":	7252229120,
					"jitter_ms":	0.000537345631379282,
					"lost_packets":	0,
					"packets":	1416453,
					"lost_percent":	0,
					"omitted":	false,
					"sender":	false
				}],
			"sum":	{
				"start":	3.999999,
				"end":	4.999999,
				"seconds":	1,
				"bytes":	906528640,
				"bits_per_second":	7252229120,
				"jitter_ms":	0.000537345631379282,
				"lost_packets":	0,
				"packets":	1416453,
				"lost_percent":	0,
				"omitted":	false,
				"sender":	false
			}
		}, {
			"streams":	[{
					"socket":	5,
					"start":	4.999999,
					"end":	5.00021,
					"seconds":	0.000211000005947426,
					"bytes":	90880,
					"bits_per_second":	3445687106.6683936,
					"jitter_ms":	0.00050333819672435055,
					"lost_packets":	0,
					"packets":	143,
					"lost_percent":	0,
					"omitted":	false,
					"sender":	false
				}],
			"sum":	{
				"start":	4.999999,
				"end":	5.00021,
				"seconds":	0.000211000005947426,
				"bytes":	90880,
				"bits_per_second":	3445687106.6683936,
				"jitter_ms":	0.00050333819672435055,
				"lost_packets":	0,
				"packets":	143,
				"lost_percent":	0,
				"omitted":	false,
				"sender":	false
			}
		}],
	"end":	{
		"streams":	[{
				"udp":	{
					"socket":	5,
					"start":	0,
					"end":	5.00021,
					"seconds":	5.00021,
					"bytes":	0,
					"bits_per_second":	0,
					"jitter_ms":	0.00050333819672435055,
					"lost_packets":	0,
					"packets":	7082288,
					"lost_percent":	0,
					"out_of_order":	0,
					"sender":	false
				}
			}],
		"sum":	{
			"start":	0,
			"end":	5.00021,
			"seconds":	5.00021,
			"bytes":	0,
			"bits_per_second":	0,
			"jitter_ms":	0.00050333819672435055,
			"lost_packets":	0,
			"packets":	7082288,
			"lost_percent":	0,
			"sender":	false
		},
		"sum_sent":	{
			"start":	0,
			"end":	5.00021,
			"seconds":	5.00021,
			"bytes":	0,
			"bits_per_second":	0,
			"jitter_ms":	0,
			"lost_packets":	0,
			"packets":	0,
			"lost_percent":	0,
			"sender":	true
		},
		"sum_received":	{
			"start":	0,
			"end":	5.00021,
			"seconds":	5.00021,
			"bytes":	4532664320,
			"bits_per_second":	7251958329.75015,
			"jitter_ms":	0.00050333819672435055,
			"lost_packets":	0,
			"packets":	7082288,
			"lost_percent":	0,
			"sender":	false
		},
		"cpu_utilization_percent":	{
			"host_total":	178.99728265605444,
			"host_user":	24.058036478292532,
			"host_system":	154.9392604630313,
			"remote_total":	0,
			"remote_user":	0,
			"remote_system":	0
		}
	}
}
