{
	"start":	{
		"connected":	[{
				"socket":	5,
				"local_host":	"192.168.1.100",
				"local_port":	51153,
				"remote_host":	"192.168.1.110",
				"remote_port":	5201
			}],
		"version":	"iperf 3.16",
		"system_info":	"Linux design-lab 6.14.0-37-generic #37~24.04.1-Ubuntu SMP PREEMPT_DYNAMIC Thu Nov 20 10:25:38 UTC 2 x86_64",
		"timestamp":	{
			"time":	"Fri, 26 Jun 2026 02:25:52 GMT",
			"timesecs":	1782440752
		},
		"connecting_to":	{
			"host":	"192.168.1.110",
			"port":	5201
		},
		"cookie":	"go6vas7yxtfzvuj6chszzcexsqpbizqj4iee",
		"target_bitrate":	7366906475,
		"fq_rate":	0,
		"sock_bufsize":	0,
		"sndbuf_actual":	134217728,
		"rcvbuf_actual":	134217728,
		"test_start":	{
			"protocol":	"UDP",
			"num_streams":	1,
			"blksize":	768,
			"omit":	2,
			"duration":	5,
			"bytes":	0,
			"blocks":	0,
			"reverse":	0,
			"tos":	0,
			"target_bitrate":	7366906475,
			"bidir":	0,
			"fqrate":	0
		}
	},
	"intervals":	[{
			"streams":	[{
					"socket":	5,
					"start":	0,
					"end":	1.000053,
					"seconds":	1.00005304813385,
					"bytes":	920862720,
					"bits_per_second":	7366510980.3395071,
					"packets":	1199041,
					"omitted":	true,
					"sender":	true
				}],
			"sum":	{
				"start":	0,
				"end":	1.000053,
				"seconds":	1.00005304813385,
				"bytes":	920862720,
				"bits_per_second":	7366510980.3395071,
				"packets":	1199041,
				"omitted":	true,
				"sender":	true
			}
		}, {
			"streams":	[{
					"socket":	5,
					"start":	0.999999,
					"end":	1.000001,
					"seconds":	2,
					"bytes":	920903424,
					"bits_per_second":	3683613696,
					"packets":	2398136,
					"omitted":	false,
					"sender":	true
				}],
			"sum":	{
				"start":	0.999999,
				"end":	1.000001,
				"seconds":	2,
				"bytes":	920903424,
				"bits_per_second":	3683613696,
				"packets":	2398136,
				"omitted":	false,
				"sender":	true
			}
		}, {
			"streams":	[{
					"socket":	5,
					"start":	1.000001,
					"end":	2.000001,
					"seconds":	1,
					"bytes":	920838912,
					"bits_per_second":	7366711296,
					"packets":	1199010,
					"omitted":	false,
					"sender":	true
				}],
			"sum":	{
				"start":	1.000001,
				"end":	2.000001,
				"seconds":	1,
				"bytes":	920838912,
				"bits_per_second":	7366711296,
				"packets":	1199010,
				"omitted":	false,
				"sender":	true
			}
		}, {
			"streams":	[{
					"socket":	5,
					"start":	2.000001,
					"end":	3.000001,
					"seconds":	1,
					"bytes":	920818176,
					"bits_per_second":	7366545408,
					"packets":	1198986,
					"omitted":	false,
					"sender":	true
				}],
			"sum":	{
				"start":	2.000001,
				"end":	3.000001,
				"seconds":	1,
				"bytes":	920818176,
				"bits_per_second":	7366545408,
				"packets":	1198986,
				"omitted":	false,
				"sender":	true
			}
		}, {
			"streams":	[{
					"socket":	5,
					"start":	3.000001,
					"end":	4.000001,
					"seconds":	1,
					"bytes":	920869632,
					"bits_per_second":	7366957056,
					"packets":	1199051,
					"omitted":	false,
					"sender":	true
				}],
			"sum":	{
				"start":	3.000001,
				"end":	4.000001,
				"seconds":	1,
				"bytes":	920869632,
				"bits_per_second":	7366957056,
				"packets":	1199051,
				"omitted":	false,
				"sender":	true
			}
		}, {
			"streams":	[{
					"socket":	5,
					"start":	4.000001,
					"end":	5.000139,
					"seconds":	1.0001380443573,
					"bytes":	920895744,
					"bits_per_second":	7366149096.6821737,
					"packets":	1199083,
					"omitted":	false,
					"sender":	true
				}],
			"sum":	{
				"start":	4.000001,
				"end":	5.000139,
				"seconds":	1.0001380443573,
				"bytes":	920895744,
				"bits_per_second":	7366149096.6821737,
				"packets":	1199083,
				"omitted":	false,
				"sender":	true
			}
		}],
	"end":	{
		"streams":	[{
				"udp":	{
					"socket":	5,
					"start":	0,
					"end":	5.000139,
					"seconds":	5.000139,
					"bytes":	4604332032,
					"bits_per_second":	7366726456.2045174,
					"jitter_ms":	0.00063089929774340163,
					"lost_packets":	17945,
					"packets":	5995223,
					"lost_percent":	0.29932164324829952,
					"out_of_order":	0,
					"sender":	true
				}
			}],
		"sum":	{
			"start":	0,
			"end":	5.000254,
			"seconds":	5.000254,
			"bytes":	4604332032,
			"bits_per_second":	7366726456.2045174,
			"jitter_ms":	0.00063089929774340163,
			"lost_packets":	17945,
			"packets":	5995223,
			"lost_percent":	0.29932164324829952,
			"sender":	true
		},
		"sum_sent":	{
			"start":	0,
			"end":	5.000139,
			"seconds":	5.000139,
			"bytes":	4604332032,
			"bits_per_second":	7366726456.2045174,
			"jitter_ms":	0,
			"lost_packets":	0,
			"packets":	5995223,
			"lost_percent":	0,
			"sender":	true
		},
		"sum_received":	{
			"start":	0,
			"end":	5.000254,
			"seconds":	5.000254,
			"bytes":	4556377344,
			"bits_per_second":	7289833426.8619156,
			"jitter_ms":	0.00063089929774340163,
			"lost_packets":	17945,
			"packets":	5950728,
			"lost_percent":	0.29932164324829952,
			"sender":	false
		},
		"cpu_utilization_percent":	{
			"host_total":	101.30051396035162,
			"host_user":	15.760384198933226,
			"host_system":	85.5401297614184,
			"remote_total":	191.34020488959121,
			"remote_user":	21.739398747874723,
			"remote_system":	169.60079185652873
		}
	}
}
