{
	"start":	{
		"connected":	[{
				"socket":	5,
				"local_host":	"192.168.1.100",
				"local_port":	33407,
				"remote_host":	"192.168.1.110",
				"remote_port":	5201
			}],
		"version":	"iperf 3.16",
		"system_info":	"Linux design-lab 6.14.0-37-generic #37~24.04.1-Ubuntu SMP PREEMPT_DYNAMIC Thu Nov 20 10:25:38 UTC 2 x86_64",
		"timestamp":	{
			"time":	"Fri, 26 Jun 2026 02:24:28 GMT",
			"timesecs":	1782440668
		},
		"connecting_to":	{
			"host":	"192.168.1.110",
			"port":	5201
		},
		"cookie":	"wuoc5ir57rci5adk6tghsi2fj2hiyqolx7h7",
		"target_bitrate":	6972762646,
		"fq_rate":	0,
		"sock_bufsize":	0,
		"sndbuf_actual":	134217728,
		"rcvbuf_actual":	134217728,
		"test_start":	{
			"protocol":	"UDP",
			"num_streams":	1,
			"blksize":	448,
			"omit":	2,
			"duration":	5,
			"bytes":	0,
			"blocks":	0,
			"reverse":	0,
			"tos":	0,
			"target_bitrate":	6972762646,
			"bidir":	0,
			"fqrate":	0
		}
	},
	"intervals":	[{
			"streams":	[{
					"socket":	5,
					"start":	0,
					"end":	1.000052,
					"seconds":	1.0000519752502441,
					"bytes":	697321408,
					"bits_per_second":	5578281331.4318666,
					"packets":	1556522,
					"omitted":	true,
					"sender":	true
				}],
			"sum":	{
				"start":	0,
				"end":	1.000052,
				"seconds":	1.0000519752502441,
				"bytes":	697321408,
				"bits_per_second":	5578281331.4318666,
				"packets":	1556522,
				"omitted":	true,
				"sender":	true
			}
		}, {
			"streams":	[{
					"socket":	5,
					"start":	1.000052,
					"end":	2.000051,
					"seconds":	0.99999898672103882,
					"bytes":	696989888,
					"bits_per_second":	5575924753.9672422,
					"packets":	1555783,
					"omitted":	true,
					"sender":	true
				}],
			"sum":	{
				"start":	1.000052,
				"end":	2.000051,
				"seconds":	0.99999898672103882,
				"bytes":	696989888,
				"bits_per_second":	5575924753.9672422,
				"packets":	1555783,
				"omitted":	true,
				"sender":	true
			}
		}, {
			"streams":	[{
					"socket":	5,
					"start":	5e-06,
					"end":	0.999997,
					"seconds":	1.0000020265579224,
					"bytes":	696781568,
					"bits_per_second":	5574241247.47724,
					"packets":	1555323,
					"omitted":	false,
					"sender":	true
				}],
			"sum":	{
				"start":	5e-06,
				"end":	0.999997,
				"seconds":	1.0000020265579224,
				"bytes":	696781568,
				"bits_per_second":	5574241247.47724,
				"packets":	1555323,
				"omitted":	false,
				"sender":	true
			}
		}, {
			"streams":	[{
					"socket":	5,
					"start":	0.999997,
					"end":	1.999997,
					"seconds":	1,
					"bytes":	696639552,
					"bits_per_second":	5573116416,
					"packets":	1555004,
					"omitted":	false,
					"sender":	true
				}],
			"sum":	{
				"start":	0.999997,
				"end":	1.999997,
				"seconds":	1,
				"bytes":	696639552,
				"bits_per_second":	5573116416,
				"packets":	1555004,
				"omitted":	false,
				"sender":	true
			}
		}, {
			"streams":	[{
					"socket":	5,
					"start":	1.999997,
					"end":	2.999996,
					"seconds":	0.99999898672103882,
					"bytes":	696344320,
					"bits_per_second":	5570760204.7341137,
					"packets":	1554342,
					"omitted":	false,
					"sender":	true
				}],
			"sum":	{
				"start":	1.999997,
				"end":	2.999996,
				"seconds":	0.99999898672103882,
				"bytes":	696344320,
				"bits_per_second":	5570760204.7341137,
				"packets":	1554342,
				"omitted":	false,
				"sender":	true
			}
		}, {
			"streams":	[{
					"socket":	5,
					"start":	2.999996,
					"end":	3.999996,
					"seconds":	1,
					"bytes":	696790528,
					"bits_per_second":	5574324224,
					"packets":	1555336,
					"omitted":	false,
					"sender":	true
				}],
			"sum":	{
				"start":	2.999996,
				"end":	3.999996,
				"seconds":	1,
				"bytes":	696790528,
				"bits_per_second":	5574324224,
				"packets":	1555336,
				"omitted":	false,
				"sender":	true
			}
		}, {
			"streams":	[{
					"socket":	5,
					"start":	3.999996,
					"end":	5.000074,
					"seconds":	1.0000779628753662,
					"bytes":	697192832,
					"bits_per_second":	5577107848.6358929,
					"packets":	1556236,
					"omitted":	false,
					"sender":	true
				}],
			"sum":	{
				"start":	3.999996,
				"end":	5.000074,
				"seconds":	1.0000779628753662,
				"bytes":	697192832,
				"bits_per_second":	5577107848.6358929,
				"packets":	1556236,
				"omitted":	false,
				"sender":	true
			}
		}],
	"end":	{
		"streams":	[{
				"udp":	{
					"socket":	5,
					"start":	0,
					"end":	5.000074,
					"seconds":	5.000074,
					"bytes":	3483753280,
					"bits_per_second":	5573922753.9432421,
					"jitter_ms":	0.00043029283570821924,
					"lost_packets":	0,
					"packets":	7776234,
					"lost_percent":	0,
					"out_of_order":	0,
					"sender":	true
				}
			}],
		"sum":	{
			"start":	0,
			"end":	5.000189,
			"seconds":	5.000189,
			"bytes":	3483753280,
			"bits_per_second":	5573922753.9432421,
			"jitter_ms":	0.00043029283570821924,
			"lost_packets":	0,
			"packets":	7776234,
			"lost_percent":	0,
			"sender":	true
		},
		"sum_sent":	{
			"start":	0,
			"end":	5.000074,
			"seconds":	5.000074,
			"bytes":	3483753280,
			"bits_per_second":	5573922753.9432421,
			"jitter_ms":	0,
			"lost_packets":	0,
			"packets":	7776234,
			"lost_percent":	0,
			"sender":	true
		},
		"sum_received":	{
			"start":	0,
			"end":	5.000189,
			"seconds":	5.000189,
			"bytes":	3483830784,
			"bits_per_second":	5573918560.27842,
			"jitter_ms":	0.00043029283570821924,
			"lost_packets":	0,
			"packets":	7776408,
			"lost_percent":	0,
			"sender":	false
		},
		"cpu_utilization_percent":	{
			"host_total":	101.27301707203074,
			"host_user":	13.611084763621111,
			"host_system":	87.6619180236259,
			"remote_total":	195.72662087558095,
			"remote_user":	27.0700771606746,
			"remote_system":	168.65652942959613
		}
	}
}
