{
	"start":	{
		"connected":	[{
				"socket":	5,
				"local_host":	"192.168.1.110",
				"local_port":	5201,
				"remote_host":	"192.168.1.100",
				"remote_port":	50941
			}],
		"version":	"iperf 3.16",
		"system_info":	"Linux design-lab 6.14.0-37-generic #37~24.04.1-Ubuntu SMP PREEMPT_DYNAMIC Thu Nov 20 10:25:38 UTC 2 x86_64",
		"target_bitrate":	7515596330,
		"timestamp":	{
			"time":	"Fri, 26 Jun 2026 02:26:59 GMT",
			"timesecs":	1782440819
		},
		"accepted_connection":	{
			"host":	"192.168.1.100",
			"port":	38364
		},
		"cookie":	"r62ru6pxfqfrwwtktzuynsirh227lhjnot3r",
		"target_bitrate":	7515596330,
		"fq_rate":	0,
		"sock_bufsize":	0,
		"sndbuf_actual":	134217728,
		"rcvbuf_actual":	134217728,
		"test_start":	{
			"protocol":	"UDP",
			"num_streams":	1,
			"blksize":	1024,
			"omit":	2,
			"duration":	5,
			"bytes":	0,
			"blocks":	0,
			"reverse":	0,
			"tos":	0,
			"target_bitrate":	7515596330,
			"bidir":	0,
			"fqrate":	0
		}
	},
	"intervals":	[{
			"streams":	[{
					"socket":	5,
					"start":	0,
					"end":	1,
					"seconds":	1,
					"bytes":	939291648,
					"bits_per_second":	7514333184,
					"jitter_ms":	0.00068558738938438366,
					"lost_packets":	0,
					"packets":	917277,
					"lost_percent":	0,
					"omitted":	true,
					"sender":	false
				}],
			"sum":	{
				"start":	0,
				"end":	1,
				"seconds":	1,
				"bytes":	939291648,
				"bits_per_second":	7514333184,
				"jitter_ms":	0.00068558738938438366,
				"lost_packets":	0,
				"packets":	917277,
				"lost_percent":	0,
				"omitted":	true,
				"sender":	false
			}
		}, {
			"streams":	[{
					"socket":	5,
					"start":	1,
					"end":	2.000007,
					"seconds":	1.0000070333480835,
					"bytes":	939449344,
					"bits_per_second":	7515541892.5778332,
					"jitter_ms":	0.00045794276302450347,
					"lost_packets":	0,
					"packets":	917432,
					"lost_percent":	0,
					"omitted":	true,
					"sender":	false
				}],
			"sum":	{
				"start":	1,
				"end":	2.000007,
				"seconds":	1.0000070333480835,
				"bytes":	939449344,
				"bits_per_second":	7515541892.5778332,
				"jitter_ms":	0.00045794276302450347,
				"lost_packets":	0,
				"packets":	917432,
				"lost_percent":	0,
				"omitted":	true,
				"sender":	false
			}
		}, {
			"streams":	[{
					"socket":	5,
					"start":	7e-06,
					"end":	0.999992,
					"seconds":	0.99999898672103882,
					"bytes":	939445248,
					"bits_per_second":	7515569599.368556,
					"jitter_ms":	0.0006426366835862097,
					"lost_packets":	0,
					"packets":	917436,
					"lost_percent":	0,
					"omitted":	false,
					"sender":	false
				}],
			"sum":	{
				"start":	7e-06,
				"end":	0.999992,
				"seconds":	0.99999898672103882,
				"bytes":	939445248,
				"bits_per_second":	7515569599.368556,
				"jitter_ms":	0.0006426366835862097,
				"lost_packets":	0,
				"packets":	917436,
				"lost_percent":	0,
				"omitted":	false,
				"sender":	false
			}
		}, {
			"streams":	[{
					"socket":	5,
					"start":	0.999992,
					"end":	1.999992,
					"seconds":	1,
					"bytes":	939427840,
					"bits_per_second":	7515422720,
					"jitter_ms":	0.0026548597885923666,
					"lost_packets":	0,
					"packets":	917410,
					"lost_percent":	0,
					"omitted":	false,
					"sender":	false
				}],
			"sum":	{
				"start":	0.999992,
				"end":	1.999992,
				"seconds":	1,
				"bytes":	939427840,
				"bits_per_second":	7515422720,
				"jitter_ms":	0.0026548597885923666,
				"lost_packets":	0,
				"packets":	917410,
				"lost_percent":	0,
				"omitted":	false,
				"sender":	false
			}
		}, {
			"streams":	[{
					"socket":	5,
					"start":	1.999992,
					"end":	2.999992,
					"seconds":	1,
					"bytes":	939442176,
					"bits_per_second":	7515537408,
					"jitter_ms":	0.0013735822354744413,
					"lost_packets":	0,
					"packets":	917428,
					"lost_percent":	0,
					"omitted":	false,
					"sender":	false
				}],
			"sum":	{
				"start":	1.999992,
				"end":	2.999992,
				"seconds":	1,
				"bytes":	939442176,
				"bits_per_second":	7515537408,
				"jitter_ms":	0.0013735822354744413,
				"lost_packets":	0,
				"packets":	917428,
				"lost_percent":	0,
				"omitted":	false,
				"sender":	false
			}
		}, {
			"streams":	[{
					"socket":	5,
					"start":	2.999992,
					"end":	3.999992,
					"seconds":	1,
					"bytes":	939494400,
					"bits_per_second":	7515955200,
					"jitter_ms":	0.000655929688442527,
					"lost_packets":	0,
					"packets":	917476,
					"lost_percent":	0,
					"omitted":	false,
					"sender":	false
				}],
			"sum":	{
				"start":	2.999992,
				"end":	3.999992,
				"seconds":	1,
				"bytes":	939494400,
				"bits_per_second":	7515955200,
				"jitter_ms":	0.000655929688442527,
				"lost_packets":	0,
				"packets":	917476,
				"lost_percent":	0,
				"omitted":	false,
				"sender":	false
			}
		}, {
			"streams":	[{
					"socket":	5,
					"start":	3.999992,
					"end":	4.999996,
					"seconds":	1.0000040531158447,
					"bytes":	939445248,
					"bits_per_second":	7515531522.6801043,
					"jitter_ms":	0.00066504572655994129,
					"lost_packets":	0,
					"packets":	917428,
					"lost_percent":	0,
					"omitted":	false,
					"sender":	false
				}],
			"sum":	{
				"start":	3.999992,
				"end":	4.999996,
				"seconds":	1.0000040531158447,
				"bytes":	939445248,
				"bits_per_second":	7515531522.6801043,
				"jitter_ms":	0.00066504572655994129,
				"lost_packets":	0,
				"packets":	917428,
				"lost_percent":	0,
				"omitted":	false,
				"sender":	false
			}
		}, {
			"streams":	[{
					"socket":	5,
					"start":	4.999996,
					"end":	5.000208,
					"seconds":	0.0002119999990100041,
					"bytes":	176128,
					"bits_per_second":	6646339653.6785326,
					"jitter_ms":	0.0011699886037678444,
					"lost_packets":	0,
					"packets":	173,
					"lost_percent":	0,
					"omitted":	false,
					"sender":	false
				}],
			"sum":	{
				"start":	4.999996,
				"end":	5.000208,
				"seconds":	0.0002119999990100041,
				"bytes":	176128,
				"bits_per_second":	6646339653.6785326,
				"jitter_ms":	0.0011699886037678444,
				"lost_packets":	0,
				"packets":	173,
				"lost_percent":	0,
				"omitted":	false,
				"sender":	false
			}
		}],
	"end":	{
		"streams":	[{
				"udp":	{
					"socket":	5,
					"start":	0,
					"end":	5.000208,
					"seconds":	5.000208,
					"bytes":	0,
					"bits_per_second":	0,
					"jitter_ms":	0.0011699886037678444,
					"lost_packets":	0,
					"packets":	4587343,
					"lost_percent":	0,
					"out_of_order":	0,
					"sender":	false
				}
			}],
		"sum":	{
			"start":	0,
			"end":	5.000208,
			"seconds":	5.000208,
			"bytes":	0,
			"bits_per_second":	0,
			"jitter_ms":	0.0011699886037678444,
			"lost_packets":	0,
			"packets":	4587343,
			"lost_percent":	0,
			"sender":	false
		},
		"sum_sent":	{
			"start":	0,
			"end":	5.000208,
			"seconds":	5.000208,
			"bytes":	0,
			"bits_per_second":	0,
			"jitter_ms":	0,
			"lost_packets":	0,
			"packets":	0,
			"lost_percent":	0,
			"sender":	true
		},
		"sum_received":	{
			"start":	0,
			"end":	5.000208,
			"seconds":	5.000208,
			"bytes":	4697439232,
			"bits_per_second":	7515590122.650898,
			"jitter_ms":	0.0011699886037678444,
			"lost_packets":	0,
			"packets":	4587343,
			"lost_percent":	0,
			"sender":	false
		},
		"cpu_utilization_percent":	{
			"host_total":	118.40458625061927,
			"host_user":	16.948062263114856,
			"host_system":	101.4565239875044,
			"remote_total":	0,
			"remote_user":	0,
			"remote_system":	0
		}
	}
}
