{
	"start":	{
		"connected":	[{
				"socket":	5,
				"local_host":	"192.168.1.100",
				"local_port":	56406,
				"remote_host":	"192.168.1.110",
				"remote_port":	5201
			}],
		"version":	"iperf 3.16",
		"system_info":	"Linux design-lab 6.14.0-37-generic #37~24.04.1-Ubuntu SMP PREEMPT_DYNAMIC Thu Nov 20 10:25:38 UTC 2 x86_64",
		"timestamp":	{
			"time":	"Fri, 26 Jun 2026 02:27:50 GMT",
			"timesecs":	1782440870
		},
		"connecting_to":	{
			"host":	"192.168.1.110",
			"port":	5201
		},
		"cookie":	"wohald3rpli7mvdcn3qls6t7n22h3rs3j3ff",
		"target_bitrate":	7588143526,
		"fq_rate":	0,
		"sock_bufsize":	0,
		"sndbuf_actual":	134217728,
		"rcvbuf_actual":	134217728,
		"test_start":	{
			"protocol":	"UDP",
			"num_streams":	1,
			"blksize":	1216,
			"omit":	2,
			"duration":	5,
			"bytes":	0,
			"blocks":	0,
			"reverse":	0,
			"tos":	0,
			"target_bitrate":	7588143526,
			"bidir":	0,
			"fqrate":	0
		}
	},
	"intervals":	[{
			"streams":	[{
					"socket":	5,
					"start":	0,
					"end":	1.000052,
					"seconds":	1.0000519752502441,
					"bytes":	948537152,
					"bits_per_second":	7587902832.8514347,
					"packets":	780047,
					"omitted":	true,
					"sender":	true
				}],
			"sum":	{
				"start":	0,
				"end":	1.000052,
				"seconds":	1.0000519752502441,
				"bytes":	948537152,
				"bits_per_second":	7587902832.8514347,
				"packets":	780047,
				"omitted":	true,
				"sender":	true
			}
		}, {
			"streams":	[{
					"socket":	5,
					"start":	1.000052,
					"end":	2.000051,
					"seconds":	0.99999898672103882,
					"bytes":	948539584,
					"bits_per_second":	7588324361.089426,
					"packets":	780049,
					"omitted":	true,
					"sender":	true
				}],
			"sum":	{
				"start":	1.000052,
				"end":	2.000051,
				"seconds":	0.99999898672103882,
				"bytes":	948539584,
				"bits_per_second":	7588324361.089426,
				"packets":	780049,
				"omitted":	true,
				"sender":	true
			}
		}, {
			"streams":	[{
					"socket":	5,
					"start":	5e-06,
					"end":	0.999996,
					"seconds":	1.0000009536743164,
					"bytes":	948526208,
					"bits_per_second":	7588202427.3262377,
					"packets":	780038,
					"omitted":	false,
					"sender":	true
				}],
			"sum":	{
				"start":	5e-06,
				"end":	0.999996,
				"seconds":	1.0000009536743164,
				"bytes":	948526208,
				"bits_per_second":	7588202427.3262377,
				"packets":	780038,
				"omitted":	false,
				"sender":	true
			}
		}, {
			"streams":	[{
					"socket":	5,
					"start":	0.999996,
					"end":	1.999996,
					"seconds":	1,
					"bytes":	948516480,
					"bits_per_second":	7588131840,
					"packets":	780031,
					"omitted":	false,
					"sender":	true
				}],
			"sum":	{
				"start":	0.999996,
				"end":	1.999996,
				"seconds":	1,
				"bytes":	948516480,
				"bits_per_second":	7588131840,
				"packets":	780031,
				"omitted":	false,
				"sender":	true
			}
		}, {
			"streams":	[{
					"socket":	5,
					"start":	1.999996,
					"end":	2.999996,
					"seconds":	1,
					"bytes":	948515264,
					"bits_per_second":	7588122112,
					"packets":	780029,
					"omitted":	false,
					"sender":	true
				}],
			"sum":	{
				"start":	1.999996,
				"end":	2.999996,
				"seconds":	1,
				"bytes":	948515264,
				"bits_per_second":	7588122112,
				"packets":	780029,
				"omitted":	false,
				"sender":	true
			}
		}, {
			"streams":	[{
					"socket":	5,
					"start":	2.999996,
					"end":	3.999997,
					"seconds":	1.0000009536743164,
					"bytes":	948510400,
					"bits_per_second":	7588075963.4468431,
					"packets":	780026,
					"omitted":	false,
					"sender":	true
				}],
			"sum":	{
				"start":	2.999996,
				"end":	3.999997,
				"seconds":	1.0000009536743164,
				"bytes":	948510400,
				"bits_per_second":	7588075963.4468431,
				"packets":	780026,
				"omitted":	false,
				"sender":	true
			}
		}, {
			"streams":	[{
					"socket":	5,
					"start":	3.999997,
					"end":	5.000071,
					"seconds":	1.000074028968811,
					"bytes":	948495808,
					"bits_per_second":	7587404776.2484627,
					"packets":	780015,
					"omitted":	false,
					"sender":	true
				}],
			"sum":	{
				"start":	3.999997,
				"end":	5.000071,
				"seconds":	1.000074028968811,
				"bytes":	948495808,
				"bits_per_second":	7587404776.2484627,
				"packets":	780015,
				"omitted":	false,
				"sender":	true
			}
		}],
	"end":	{
		"streams":	[{
				"udp":	{
					"socket":	5,
					"start":	0,
					"end":	5.000071,
					"seconds":	5.000071,
					"bytes":	4742569024,
					"bits_per_second":	7588002688.76182,
					"jitter_ms":	0.0011512215983913588,
					"lost_packets":	0,
					"packets":	3900139,
					"lost_percent":	0,
					"out_of_order":	0,
					"sender":	true
				}
			}],
		"sum":	{
			"start":	0,
			"end":	5.000149,
			"seconds":	5.000149,
			"bytes":	4742569024,
			"bits_per_second":	7588002688.76182,
			"jitter_ms":	0.0011512215983913588,
			"lost_packets":	0,
			"packets":	3900139,
			"lost_percent":	0,
			"sender":	true
		},
		"sum_sent":	{
			"start":	0,
			"end":	5.000071,
			"seconds":	5.000071,
			"bytes":	4742569024,
			"bits_per_second":	7588002688.76182,
			"jitter_ms":	0,
			"lost_packets":	0,
			"packets":	3900139,
			"lost_percent":	0,
			"sender":	true
		},
		"sum_received":	{
			"start":	0,
			"end":	5.000149,
			"seconds":	5.000149,
			"bytes":	4742740480,
			"bits_per_second":	7588158640.8725,
			"jitter_ms":	0.0011512215983913588,
			"lost_packets":	0,
			"packets":	3900280,
			"lost_percent":	0,
			"sender":	false
		},
		"cpu_utilization_percent":	{
			"host_total":	101.25440238612723,
			"host_user":	30.554298893002109,
			"host_system":	70.700074923594357,
			"remote_total":	101.54178518118849,
			"remote_user":	13.692257517895568,
			"remote_system":	87.849513377980642
		}
	}
}
