{
	"start":	{
		"connected":	[{
				"socket":	5,
				"local_host":	"192.168.1.110",
				"local_port":	5201,
				"remote_host":	"192.168.1.100",
				"remote_port":	52497
			}],
		"version":	"iperf 3.16",
		"system_info":	"Linux design-lab 6.14.0-37-generic #37~24.04.1-Ubuntu SMP PREEMPT_DYNAMIC Thu Nov 20 10:25:38 UTC 2 x86_64",
		"target_bitrate":	7607726597,
		"timestamp":	{
			"time":	"Fri, 26 Jun 2026 02:28:06 GMT",
			"timesecs":	1782440886
		},
		"accepted_connection":	{
			"host":	"192.168.1.100",
			"port":	57594
		},
		"cookie":	"724k76uezg4ovyxalqerxlc4mhwftesatrwm",
		"target_bitrate":	7607726597,
		"fq_rate":	0,
		"sock_bufsize":	0,
		"sndbuf_actual":	134217728,
		"rcvbuf_actual":	134217728,
		"test_start":	{
			"protocol":	"UDP",
			"num_streams":	1,
			"blksize":	1280,
			"omit":	2,
			"duration":	5,
			"bytes":	0,
			"blocks":	0,
			"reverse":	0,
			"tos":	0,
			"target_bitrate":	7607726597,
			"bidir":	0,
			"fqrate":	0
		}
	},
	"intervals":	[{
			"streams":	[{
					"socket":	5,
					"start":	0,
					"end":	1.000004,
					"seconds":	1.0000040531158447,
					"bytes":	950846720,
					"bits_per_second":	7606742928.9897079,
					"jitter_ms":	0.0021249727111189842,
					"lost_packets":	0,
					"packets":	742849,
					"lost_percent":	0,
					"omitted":	true,
					"sender":	false
				}],
			"sum":	{
				"start":	0,
				"end":	1.000004,
				"seconds":	1.0000040531158447,
				"bytes":	950846720,
				"bits_per_second":	7606742928.9897079,
				"jitter_ms":	0.0021249727111189842,
				"lost_packets":	0,
				"packets":	742849,
				"lost_percent":	0,
				"omitted":	true,
				"sender":	false
			}
		}, {
			"streams":	[{
					"socket":	5,
					"start":	1.000004,
					"end":	2.000025,
					"seconds":	1.0000209808349609,
					"bytes":	951001600,
					"bits_per_second":	7607853180.8880043,
					"jitter_ms":	0.0027510988471792829,
					"lost_packets":	0,
					"packets":	742970,
					"lost_percent":	0,
					"omitted":	true,
					"sender":	false
				}],
			"sum":	{
				"start":	1.000004,
				"end":	2.000025,
				"seconds":	1.0000209808349609,
				"bytes":	951001600,
				"bits_per_second":	7607853180.8880043,
				"jitter_ms":	0.0027510988471792829,
				"lost_packets":	0,
				"packets":	742970,
				"lost_percent":	0,
				"omitted":	true,
				"sender":	false
			}
		}, {
			"streams":	[{
					"socket":	5,
					"start":	6e-06,
					"end":	1.000019,
					"seconds":	1.0000250339508057,
					"bytes":	950949120,
					"bits_per_second":	7607402516.65964,
					"jitter_ms":	0.000498248919226979,
					"lost_packets":	0,
					"packets":	742938,
					"lost_percent":	0,
					"omitted":	false,
					"sender":	false
				}],
			"sum":	{
				"start":	6e-06,
				"end":	1.000019,
				"seconds":	1.0000250339508057,
				"bytes":	950949120,
				"bits_per_second":	7607402516.65964,
				"jitter_ms":	0.000498248919226979,
				"lost_packets":	0,
				"packets":	742938,
				"lost_percent":	0,
				"omitted":	false,
				"sender":	false
			}
		}, {
			"streams":	[{
					"socket":	5,
					"start":	1.000019,
					"end":	1.999994,
					"seconds":	0.999975025653839,
					"bytes":	950963200,
					"bits_per_second":	7607895602.2183256,
					"jitter_ms":	0.0036913335527256376,
					"lost_packets":	0,
					"packets":	742940,
					"lost_percent":	0,
					"omitted":	false,
					"sender":	false
				}],
			"sum":	{
				"start":	1.000019,
				"end":	1.999994,
				"seconds":	0.999975025653839,
				"bytes":	950963200,
				"bits_per_second":	7607895602.2183256,
				"jitter_ms":	0.0036913335527256376,
				"lost_packets":	0,
				"packets":	742940,
				"lost_percent":	0,
				"omitted":	false,
				"sender":	false
			}
		}, {
			"streams":	[{
					"socket":	5,
					"start":	1.999994,
					"end":	2.999994,
					"seconds":	1,
					"bytes":	950965760,
					"bits_per_second":	7607726080,
					"jitter_ms":	0.0012258653850604694,
					"lost_packets":	0,
					"packets":	742946,
					"lost_percent":	0,
					"omitted":	false,
					"sender":	false
				}],
			"sum":	{
				"start":	1.999994,
				"end":	2.999994,
				"seconds":	1,
				"bytes":	950965760,
				"bits_per_second":	7607726080,
				"jitter_ms":	0.0012258653850604694,
				"lost_packets":	0,
				"packets":	742946,
				"lost_percent":	0,
				"omitted":	false,
				"sender":	false
			}
		}, {
			"streams":	[{
					"socket":	5,
					"start":	2.999994,
					"end":	4.000009,
					"seconds":	1.0000150203704834,
					"bytes":	950949120,
					"bits_per_second":	7607478692.85159,
					"jitter_ms":	0.0037467516251356225,
					"lost_packets":	0,
					"packets":	742929,
					"lost_percent":	0,
					"omitted":	false,
					"sender":	false
				}],
			"sum":	{
				"start":	2.999994,
				"end":	4.000009,
				"seconds":	1.0000150203704834,
				"bytes":	950949120,
				"bits_per_second":	7607478692.85159,
				"jitter_ms":	0.0037467516251356225,
				"lost_packets":	0,
				"packets":	742929,
				"lost_percent":	0,
				"omitted":	false,
				"sender":	false
			}
		}, {
			"streams":	[{
					"socket":	5,
					"start":	4.000009,
					"end":	5.000007,
					"seconds":	0.99999797344207764,
					"bytes":	950974720,
					"bits_per_second":	7607813177.6740675,
					"jitter_ms":	0.0012750404368740561,
					"lost_packets":	0,
					"packets":	742951,
					"lost_percent":	0,
					"omitted":	false,
					"sender":	false
				}],
			"sum":	{
				"start":	4.000009,
				"end":	5.000007,
				"seconds":	0.99999797344207764,
				"bytes":	950974720,
				"bits_per_second":	7607813177.6740675,
				"jitter_ms":	0.0012750404368740561,
				"lost_packets":	0,
				"packets":	742951,
				"lost_percent":	0,
				"omitted":	false,
				"sender":	false
			}
		}, {
			"streams":	[{
					"socket":	5,
					"start":	5.000007,
					"end":	5.000171,
					"seconds":	0.00016399999731220305,
					"bytes":	93440,
					"bits_per_second":	4558048855.1896944,
					"jitter_ms":	0.0018047731513013538,
					"lost_packets":	0,
					"packets":	73,
					"lost_percent":	0,
					"omitted":	false,
					"sender":	false
				}],
			"sum":	{
				"start":	5.000007,
				"end":	5.000171,
				"seconds":	0.00016399999731220305,
				"bytes":	93440,
				"bits_per_second":	4558048855.1896944,
				"jitter_ms":	0.0018047731513013538,
				"lost_packets":	0,
				"packets":	73,
				"lost_percent":	0,
				"omitted":	false,
				"sender":	false
			}
		}],
	"end":	{
		"streams":	[{
				"udp":	{
					"socket":	5,
					"start":	0,
					"end":	5.000171,
					"seconds":	5.000171,
					"bytes":	0,
					"bits_per_second":	0,
					"jitter_ms":	0.0018047731513013538,
					"lost_packets":	0,
					"packets":	3714768,
					"lost_percent":	0,
					"out_of_order":	0,
					"sender":	false
				}
			}],
		"sum":	{
			"start":	0,
			"end":	5.000171,
			"seconds":	5.000171,
			"bytes":	0,
			"bits_per_second":	0,
			"jitter_ms":	0.0018047731513013538,
			"lost_packets":	0,
			"packets":	3714768,
			"lost_percent":	0,
			"sender":	false
		},
		"sum_sent":	{
			"start":	0,
			"end":	5.000171,
			"seconds":	5.000171,
			"bytes":	0,
			"bits_per_second":	0,
			"jitter_ms":	0,
			"lost_packets":	0,
			"packets":	0,
			"lost_percent":	0,
			"sender":	true
		},
		"sum_received":	{
			"start":	0,
			"end":	5.000171,
			"seconds":	5.000171,
			"bytes":	4754903040,
			"bits_per_second":	7607584684.6037865,
			"jitter_ms":	0.0018047731513013538,
			"lost_packets":	0,
			"packets":	3714768,
			"lost_percent":	0,
			"sender":	false
		},
		"cpu_utilization_percent":	{
			"host_total":	96.087757429961,
			"host_user":	14.011975363578639,
			"host_system":	82.0757677810864,
			"remote_total":	0,
			"remote_user":	0,
			"remote_system":	0
		}
	}
}
