{
	"start":	{
		"connected":	[{
				"socket":	5,
				"local_host":	"192.168.1.100",
				"local_port":	60096,
				"remote_host":	"192.168.1.110",
				"remote_port":	5201
			}],
		"version":	"iperf 3.16",
		"system_info":	"Linux design-lab 6.14.0-37-generic #37~24.04.1-Ubuntu SMP PREEMPT_DYNAMIC Thu Nov 20 10:25:38 UTC 2 x86_64",
		"timestamp":	{
			"time":	"Fri, 26 Jun 2026 02:25:18 GMT",
			"timesecs":	1782440718
		},
		"connecting_to":	{
			"host":	"192.168.1.110",
			"port":	5201
		},
		"cookie":	"7dgkf45yfucff4luytmvvpruedpj6lpws5la",
		"target_bitrate":	7252124646,
		"fq_rate":	0,
		"sock_bufsize":	0,
		"sndbuf_actual":	134217728,
		"rcvbuf_actual":	134217728,
		"test_start":	{
			"protocol":	"UDP",
			"num_streams":	1,
			"blksize":	640,
			"omit":	2,
			"duration":	5,
			"bytes":	0,
			"blocks":	0,
			"reverse":	0,
			"tos":	0,
			"target_bitrate":	7252124646,
			"bidir":	0,
			"fqrate":	0
		}
	},
	"intervals":	[{
			"streams":	[{
					"socket":	5,
					"start":	0,
					"end":	1.000052,
					"seconds":	1.0000519752502441,
					"bytes":	906546560,
					"bits_per_second":	7251995555.7162218,
					"packets":	1416480,
					"omitted":	true,
					"sender":	true
				}],
			"sum":	{
				"start":	0,
				"end":	1.000052,
				"seconds":	1.0000519752502441,
				"bytes":	906546560,
				"bits_per_second":	7251995555.7162218,
				"packets":	1416480,
				"omitted":	true,
				"sender":	true
			}
		}, {
			"streams":	[{
					"socket":	5,
					"start":	1.000052,
					"end":	2.000053,
					"seconds":	1.0000009536743164,
					"bytes":	906530560,
					"bits_per_second":	7252237563.7273,
					"packets":	1416455,
					"omitted":	true,
					"sender":	true
				}],
			"sum":	{
				"start":	1.000052,
				"end":	2.000053,
				"seconds":	1.0000009536743164,
				"bytes":	906530560,
				"bits_per_second":	7252237563.7273,
				"packets":	1416455,
				"omitted":	true,
				"sender":	true
			}
		}, {
			"streams":	[{
					"socket":	5,
					"start":	6e-06,
					"end":	0.999995,
					"seconds":	1.0000009536743164,
					"bytes":	906513280,
					"bits_per_second":	7252099323.8591347,
					"packets":	1416428,
					"omitted":	false,
					"sender":	true
				}],
			"sum":	{
				"start":	6e-06,
				"end":	0.999995,
				"seconds":	1.0000009536743164,
				"bytes":	906513280,
				"bits_per_second":	7252099323.8591347,
				"packets":	1416428,
				"omitted":	false,
				"sender":	true
			}
		}, {
			"streams":	[{
					"socket":	5,
					"start":	0.999995,
					"end":	1.999995,
					"seconds":	1,
					"bytes":	906483840,
					"bits_per_second":	7251870720,
					"packets":	1416386,
					"omitted":	false,
					"sender":	true
				}],
			"sum":	{
				"start":	0.999995,
				"end":	1.999995,
				"seconds":	1,
				"bytes":	906483840,
				"bits_per_second":	7251870720,
				"packets":	1416386,
				"omitted":	false,
				"sender":	true
			}
		}, {
			"streams":	[{
					"socket":	5,
					"start":	1.999995,
					"end":	2.999995,
					"seconds":	1,
					"bytes":	906521600,
					"bits_per_second":	7252172800,
					"packets":	1416440,
					"omitted":	false,
					"sender":	true
				}],
			"sum":	{
				"start":	1.999995,
				"end":	2.999995,
				"seconds":	1,
				"bytes":	906521600,
				"bits_per_second":	7252172800,
				"packets":	1416440,
				"omitted":	false,
				"sender":	true
			}
		}, {
			"streams":	[{
					"socket":	5,
					"start":	2.999995,
					"end":	3.999995,
					"seconds":	1,
					"bytes":	906503680,
					"bits_per_second":	7252029440,
					"packets":	1416413,
					"omitted":	false,
					"sender":	true
				}],
			"sum":	{
				"start":	2.999995,
				"end":	3.999995,
				"seconds":	1,
				"bytes":	906503680,
				"bits_per_second":	7252029440,
				"packets":	1416413,
				"omitted":	false,
				"sender":	true
			}
		}, {
			"streams":	[{
					"socket":	5,
					"start":	3.999995,
					"end":	5.000083,
					"seconds":	1.0000879764556885,
					"bytes":	906521600,
					"bits_per_second":	7251534835.6668568,
					"packets":	1416442,
					"omitted":	false,
					"sender":	true
				}],
			"sum":	{
				"start":	3.999995,
				"end":	5.000083,
				"seconds":	1.0000879764556885,
				"bytes":	906521600,
				"bits_per_second":	7251534835.6668568,
				"packets":	1416442,
				"omitted":	false,
				"sender":	true
			}
		}],
	"end":	{
		"streams":	[{
				"udp":	{
					"socket":	5,
					"start":	0,
					"end":	5.000083,
					"seconds":	5.000083,
					"bytes":	4532549760,
					"bits_per_second":	7251959233.4767246,
					"jitter_ms":	0.00050333819672435055,
					"lost_packets":	0,
					"packets":	7082109,
					"lost_percent":	0,
					"out_of_order":	0,
					"sender":	true
				}
			}],
		"sum":	{
			"start":	0,
			"end":	5.00021,
			"seconds":	5.00021,
			"bytes":	4532549760,
			"bits_per_second":	7251959233.4767246,
			"jitter_ms":	0.00050333819672435055,
			"lost_packets":	0,
			"packets":	7082109,
			"lost_percent":	0,
			"sender":	true
		},
		"sum_sent":	{
			"start":	0,
			"end":	5.000083,
			"seconds":	5.000083,
			"bytes":	4532549760,
			"bits_per_second":	7251959233.4767246,
			"jitter_ms":	0,
			"lost_packets":	0,
			"packets":	7082109,
			"lost_percent":	0,
			"sender":	true
		},
		"sum_received":	{
			"start":	0,
			"end":	5.00021,
			"seconds":	5.00021,
			"bytes":	4532664320,
			"bits_per_second":	7251958329.75015,
			"jitter_ms":	0.00050333819672435055,
			"lost_packets":	0,
			"packets":	7082288,
			"lost_percent":	0,
			"sender":	false
		},
		"cpu_utilization_percent":	{
			"host_total":	101.31663077370521,
			"host_user":	14.923182015312172,
			"host_system":	86.3934344735848,
			"remote_total":	178.99728265605444,
			"remote_user":	24.058036478292532,
			"remote_system":	154.9392604630313
		}
	}
}
