{
	"start":	{
		"connected":	[{
				"socket":	5,
				"local_host":	"192.168.1.110",
				"local_port":	5201,
				"remote_host":	"192.168.1.100",
				"remote_port":	54543
			}],
		"version":	"iperf 3.16",
		"system_info":	"Linux design-lab 6.14.0-37-generic #37~24.04.1-Ubuntu SMP PREEMPT_DYNAMIC Thu Nov 20 10:25:38 UTC 2 x86_64",
		"target_bitrate":	6632124352,
		"timestamp":	{
			"time":	"Fri, 26 Jun 2026 02:23:54 GMT",
			"timesecs":	1782440634
		},
		"accepted_connection":	{
			"host":	"192.168.1.100",
			"port":	59668
		},
		"cookie":	"qqetlyulxvcgqnl6av6wu4eud5rkp6uh46pi",
		"target_bitrate":	6632124352,
		"fq_rate":	0,
		"sock_bufsize":	0,
		"sndbuf_actual":	134217728,
		"rcvbuf_actual":	134217728,
		"test_start":	{
			"protocol":	"UDP",
			"num_streams":	1,
			"blksize":	320,
			"omit":	2,
			"duration":	5,
			"bytes":	0,
			"blocks":	0,
			"reverse":	0,
			"tos":	0,
			"target_bitrate":	6632124352,
			"bidir":	0,
			"fqrate":	0
		}
	},
	"intervals":	[{
			"streams":	[{
					"socket":	5,
					"start":	0,
					"end":	1.000001,
					"seconds":	1.0000009536743164,
					"bytes":	396798720,
					"bits_per_second":	3174386732.6689029,
					"jitter_ms":	0.00081723416007718969,
					"lost_packets":	304795,
					"packets":	1544791,
					"lost_percent":	19.730500760297023,
					"omitted":	true,
					"sender":	false
				}],
			"sum":	{
				"start":	0,
				"end":	1.000001,
				"seconds":	1.0000009536743164,
				"bytes":	396798720,
				"bits_per_second":	3174386732.6689029,
				"jitter_ms":	0.00081723416007718969,
				"lost_packets":	304795,
				"packets":	1544791,
				"lost_percent":	19.730500760297023,
				"omitted":	true,
				"sender":	false
			}
		}, {
			"streams":	[{
					"socket":	5,
					"start":	1.000001,
					"end":	2.000001,
					"seconds":	1,
					"bytes":	335636480,
					"bits_per_second":	2685091840,
					"jitter_ms":	0.00074326741533061748,
					"lost_packets":	564616,
					"packets":	1613483,
					"lost_percent":	34.993613195800634,
					"omitted":	true,
					"sender":	false
				}],
			"sum":	{
				"start":	1.000001,
				"end":	2.000001,
				"seconds":	1,
				"bytes":	335636480,
				"bits_per_second":	2685091840,
				"jitter_ms":	0.00074326741533061748,
				"lost_packets":	564616,
				"packets":	1613483,
				"lost_percent":	34.993613195800634,
				"omitted":	true,
				"sender":	false
			}
		}, {
			"streams":	[{
					"socket":	5,
					"start":	1.4e-05,
					"end":	1,
					"seconds":	1.0000139474868774,
					"bytes":	335147200,
					"bits_per_second":	2681140204.8321767,
					"jitter_ms":	0.00065019012135563478,
					"lost_packets":	567457,
					"packets":	1614810,
					"lost_percent":	35.140790557403037,
					"omitted":	false,
					"sender":	false
				}],
			"sum":	{
				"start":	1.4e-05,
				"end":	1,
				"seconds":	1.0000139474868774,
				"bytes":	335147200,
				"bits_per_second":	2681140204.8321767,
				"jitter_ms":	0.00065019012135563478,
				"lost_packets":	567457,
				"packets":	1614810,
				"lost_percent":	35.140790557403037,
				"omitted":	false,
				"sender":	false
			}
		}, {
			"streams":	[{
					"socket":	5,
					"start":	1,
					"end":	2,
					"seconds":	1,
					"bytes":	332703040,
					"bits_per_second":	2661624320,
					"jitter_ms":	0.0006055034499473273,
					"lost_packets":	568490,
					"packets":	1608188,
					"lost_percent":	35.349722793603732,
					"omitted":	false,
					"sender":	false
				}],
			"sum":	{
				"start":	1,
				"end":	2,
				"seconds":	1,
				"bytes":	332703040,
				"bits_per_second":	2661624320,
				"jitter_ms":	0.0006055034499473273,
				"lost_packets":	568490,
				"packets":	1608188,
				"lost_percent":	35.349722793603732,
				"omitted":	false,
				"sender":	false
			}
		}, {
			"streams":	[{
					"socket":	5,
					"start":	2,
					"end":	3,
					"seconds":	1,
					"bytes":	331518720,
					"bits_per_second":	2652149760,
					"jitter_ms":	0.00074250733784230751,
					"lost_packets":	582019,
					"packets":	1618034,
					"lost_percent":	35.970752159719758,
					"omitted":	false,
					"sender":	false
				}],
			"sum":	{
				"start":	2,
				"end":	3,
				"seconds":	1,
				"bytes":	331518720,
				"bits_per_second":	2652149760,
				"jitter_ms":	0.00074250733784230751,
				"lost_packets":	582019,
				"packets":	1618034,
				"lost_percent":	35.970752159719758,
				"omitted":	false,
				"sender":	false
			}
		}, {
			"streams":	[{
					"socket":	5,
					"start":	3,
					"end":	4,
					"seconds":	1,
					"bytes":	331508160,
					"bits_per_second":	2652065280,
					"jitter_ms":	0.00059941871951817,
					"lost_packets":	574518,
					"packets":	1610482,
					"lost_percent":	35.673667883279663,
					"omitted":	false,
					"sender":	false
				}],
			"sum":	{
				"start":	3,
				"end":	4,
				"seconds":	1,
				"bytes":	331508160,
				"bits_per_second":	2652065280,
				"jitter_ms":	0.00059941871951817,
				"lost_packets":	574518,
				"packets":	1610482,
				"lost_percent":	35.673667883279663,
				"omitted":	false,
				"sender":	false
			}
		}, {
			"streams":	[{
					"socket":	5,
					"start":	4,
					"end":	5,
					"seconds":	1,
					"bytes":	331655040,
					"bits_per_second":	2653240320,
					"jitter_ms":	0.00058117016178739847,
					"lost_packets":	573022,
					"packets":	1609446,
					"lost_percent":	35.603679775525244,
					"omitted":	false,
					"sender":	false
				}],
			"sum":	{
				"start":	4,
				"end":	5,
				"seconds":	1,
				"bytes":	331655040,
				"bits_per_second":	2653240320,
				"jitter_ms":	0.00058117016178739847,
				"lost_packets":	573022,
				"packets":	1609446,
				"lost_percent":	35.603679775525244,
				"omitted":	false,
				"sender":	false
			}
		}, {
			"streams":	[{
					"socket":	5,
					"start":	5,
					"end":	5.000235,
					"seconds":	0.00023499999952036887,
					"bytes":	99520,
					"bits_per_second":	3387914900.5317,
					"jitter_ms":	0.000611970594025361,
					"lost_packets":	0,
					"packets":	312,
					"lost_percent":	0,
					"omitted":	false,
					"sender":	false
				}],
			"sum":	{
				"start":	5,
				"end":	5.000235,
				"seconds":	0.00023499999952036887,
				"bytes":	99520,
				"bits_per_second":	3387914900.5317,
				"jitter_ms":	0.000611970594025361,
				"lost_packets":	0,
				"packets":	312,
				"lost_percent":	0,
				"omitted":	false,
				"sender":	false
			}
		}],
	"end":	{
		"streams":	[{
				"udp":	{
					"socket":	5,
					"start":	0,
					"end":	5.000235,
					"seconds":	5.000235,
					"bytes":	0,
					"bits_per_second":	0,
					"jitter_ms":	0.000611970594025361,
					"lost_packets":	2865506,
					"packets":	8061254,
					"lost_percent":	0,
					"out_of_order":	0,
					"sender":	false
				}
			}],
		"sum":	{
			"start":	0,
			"end":	5.000235,
			"seconds":	5.000235,
			"bytes":	0,
			"bits_per_second":	0,
			"jitter_ms":	0.000611970594025361,
			"lost_packets":	2865506,
			"packets":	8061254,
			"lost_percent":	35.5466531633912,
			"sender":	false
		},
		"sum_sent":	{
			"start":	0,
			"end":	5.000235,
			"seconds":	5.000235,
			"bytes":	0,
			"bits_per_second":	0,
			"jitter_ms":	0,
			"lost_packets":	0,
			"packets":	0,
			"lost_percent":	0,
			"sender":	true
		},
		"sum_received":	{
			"start":	0,
			"end":	5.000235,
			"seconds":	5.000235,
			"bytes":	1662639360,
			"bits_per_second":	2660097951.3962846,
			"jitter_ms":	0.000611970594025361,
			"lost_packets":	2865506,
			"packets":	8061254,
			"lost_percent":	35.5466531633912,
			"sender":	false
		},
		"cpu_utilization_percent":	{
			"host_total":	199.958887235458,
			"host_user":	25.177354152182087,
			"host_system":	174.78150451290446,
			"remote_total":	0,
			"remote_user":	0,
			"remote_system":	0
		}
	}
}
