{
	"start":	{
		"connected":	[{
				"socket":	5,
				"local_host":	"192.168.1.110",
				"local_port":	5201,
				"remote_host":	"192.168.1.100",
				"remote_port":	48461
			}],
		"version":	"iperf 3.16",
		"system_info":	"Linux design-lab 6.14.0-37-generic #37~24.04.1-Ubuntu SMP PREEMPT_DYNAMIC Thu Nov 20 10:25:38 UTC 2 x86_64",
		"target_bitrate":	7086505190,
		"timestamp":	{
			"time":	"Fri, 26 Jun 2026 02:24:45 GMT",
			"timesecs":	1782440685
		},
		"accepted_connection":	{
			"host":	"192.168.1.100",
			"port":	45972
		},
		"cookie":	"4buaync2gprjup63ccfexhaxk757j6ez6ahy",
		"target_bitrate":	7086505190,
		"fq_rate":	0,
		"sock_bufsize":	0,
		"sndbuf_actual":	134217728,
		"rcvbuf_actual":	134217728,
		"test_start":	{
			"protocol":	"UDP",
			"num_streams":	1,
			"blksize":	512,
			"omit":	2,
			"duration":	5,
			"bytes":	0,
			"blocks":	0,
			"reverse":	0,
			"tos":	0,
			"target_bitrate":	7086505190,
			"bidir":	0,
			"fqrate":	0
		}
	},
	"intervals":	[{
			"streams":	[{
					"socket":	5,
					"start":	0,
					"end":	1.000001,
					"seconds":	1.0000009536743164,
					"bytes":	774898688,
					"bits_per_second":	6199183591.9978256,
					"jitter_ms":	0.00023491735144864087,
					"lost_packets":	2583,
					"packets":	1516057,
					"lost_percent":	0.17037617978743544,
					"omitted":	true,
					"sender":	false
				}],
			"sum":	{
				"start":	0,
				"end":	1.000001,
				"seconds":	1.0000009536743164,
				"bytes":	774898688,
				"bits_per_second":	6199183591.9978256,
				"jitter_ms":	0.00023491735144864087,
				"lost_packets":	2583,
				"packets":	1516057,
				"lost_percent":	0.17037617978743544,
				"omitted":	true,
				"sender":	false
			}
		}, {
			"streams":	[{
					"socket":	5,
					"start":	1.000001,
					"end":	2.000001,
					"seconds":	1,
					"bytes":	800301056,
					"bits_per_second":	6402408448,
					"jitter_ms":	0.000524691074519784,
					"lost_packets":	4080,
					"packets":	1567171,
					"lost_percent":	0.26034172403649636,
					"omitted":	true,
					"sender":	false
				}],
			"sum":	{
				"start":	1.000001,
				"end":	2.000001,
				"seconds":	1,
				"bytes":	800301056,
				"bits_per_second":	6402408448,
				"jitter_ms":	0.000524691074519784,
				"lost_packets":	4080,
				"packets":	1567171,
				"lost_percent":	0.26034172403649636,
				"omitted":	true,
				"sender":	false
			}
		}, {
			"streams":	[{
					"socket":	5,
					"start":	1.6e-05,
					"end":	1,
					"seconds":	1.0000159740448,
					"bytes":	789229056,
					"bits_per_second":	6313731592.1686926,
					"jitter_ms":	0.00024608259138163345,
					"lost_packets":	22400,
					"packets":	1563891,
					"lost_percent":	1.4323248870925147,
					"omitted":	false,
					"sender":	false
				}],
			"sum":	{
				"start":	1.6e-05,
				"end":	1,
				"seconds":	1.0000159740448,
				"bytes":	789229056,
				"bits_per_second":	6313731592.1686926,
				"jitter_ms":	0.00024608259138163345,
				"lost_packets":	22400,
				"packets":	1563891,
				"lost_percent":	1.4323248870925147,
				"omitted":	false,
				"sender":	false
			}
		}, {
			"streams":	[{
					"socket":	5,
					"start":	1,
					"end":	2,
					"seconds":	1,
					"bytes":	796593152,
					"bits_per_second":	6372745216,
					"jitter_ms":	0.00048685464992046759,
					"lost_packets":	10617,
					"packets":	1566465,
					"lost_percent":	0.67776809568040142,
					"omitted":	false,
					"sender":	false
				}],
			"sum":	{
				"start":	1,
				"end":	2,
				"seconds":	1,
				"bytes":	796593152,
				"bits_per_second":	6372745216,
				"jitter_ms":	0.00048685464992046759,
				"lost_packets":	10617,
				"packets":	1566465,
				"lost_percent":	0.67776809568040142,
				"omitted":	false,
				"sender":	false
			}
		}, {
			"streams":	[{
					"socket":	5,
					"start":	2,
					"end":	3,
					"seconds":	1,
					"bytes":	796917248,
					"bits_per_second":	6375337984,
					"jitter_ms":	0.000497737244575064,
					"lost_packets":	9827,
					"packets":	1566316,
					"lost_percent":	0.62739574900594774,
					"omitted":	false,
					"sender":	false
				}],
			"sum":	{
				"start":	2,
				"end":	3,
				"seconds":	1,
				"bytes":	796917248,
				"bits_per_second":	6375337984,
				"jitter_ms":	0.000497737244575064,
				"lost_packets":	9827,
				"packets":	1566316,
				"lost_percent":	0.62739574900594774,
				"omitted":	false,
				"sender":	false
			}
		}, {
			"streams":	[{
					"socket":	5,
					"start":	3,
					"end":	4,
					"seconds":	1,
					"bytes":	796707840,
					"bits_per_second":	6373662720,
					"jitter_ms":	0.000609400689111083,
					"lost_packets":	7928,
					"packets":	1563999,
					"lost_percent":	0.50690569495249038,
					"omitted":	false,
					"sender":	false
				}],
			"sum":	{
				"start":	3,
				"end":	4,
				"seconds":	1,
				"bytes":	796707840,
				"bits_per_second":	6373662720,
				"jitter_ms":	0.000609400689111083,
				"lost_packets":	7928,
				"packets":	1563999,
				"lost_percent":	0.50690569495249038,
				"omitted":	false,
				"sender":	false
			}
		}, {
			"streams":	[{
					"socket":	5,
					"start":	4,
					"end":	5,
					"seconds":	1,
					"bytes":	796480000,
					"bits_per_second":	6371840000,
					"jitter_ms":	0.00037717146041709078,
					"lost_packets":	7708,
					"packets":	1563334,
					"lost_percent":	0.49304883025636237,
					"omitted":	false,
					"sender":	false
				}],
			"sum":	{
				"start":	4,
				"end":	5,
				"seconds":	1,
				"bytes":	796480000,
				"bits_per_second":	6371840000,
				"jitter_ms":	0.00037717146041709078,
				"lost_packets":	7708,
				"packets":	1563334,
				"lost_percent":	0.49304883025636237,
				"omitted":	false,
				"sender":	false
			}
		}, {
			"streams":	[{
					"socket":	5,
					"start":	5,
					"end":	5.000262,
					"seconds":	0.00026199998683296144,
					"bytes":	205824,
					"bits_per_second":	6284702605.919548,
					"jitter_ms":	0.00045415273106247936,
					"lost_packets":	0,
					"packets":	404,
					"lost_percent":	0,
					"omitted":	false,
					"sender":	false
				}],
			"sum":	{
				"start":	5,
				"end":	5.000262,
				"seconds":	0.00026199998683296144,
				"bytes":	205824,
				"bits_per_second":	6284702605.919548,
				"jitter_ms":	0.00045415273106247936,
				"lost_packets":	0,
				"packets":	404,
				"lost_percent":	0,
				"omitted":	false,
				"sender":	false
			}
		}],
	"end":	{
		"streams":	[{
				"udp":	{
					"socket":	5,
					"start":	0,
					"end":	5.000262,
					"seconds":	5.000262,
					"bytes":	0,
					"bits_per_second":	0,
					"jitter_ms":	0.00045415273106247936,
					"lost_packets":	58480,
					"packets":	7824383,
					"lost_percent":	0,
					"out_of_order":	0,
					"sender":	false
				}
			}],
		"sum":	{
			"start":	0,
			"end":	5.000262,
			"seconds":	5.000262,
			"bytes":	0,
			"bits_per_second":	0,
			"jitter_ms":	0.00045415273106247936,
			"lost_packets":	58480,
			"packets":	7824383,
			"lost_percent":	0.747407175747915,
			"sender":	false
		},
		"sum_sent":	{
			"start":	0,
			"end":	5.000262,
			"seconds":	5.000262,
			"bytes":	0,
			"bits_per_second":	0,
			"jitter_ms":	0,
			"lost_packets":	0,
			"packets":	0,
			"lost_percent":	0,
			"sender":	true
		},
		"sum_received":	{
			"start":	0,
			"end":	5.000262,
			"seconds":	5.000262,
			"bytes":	3976142336,
			"bits_per_second":	6361494395.2936859,
			"jitter_ms":	0.00045415273106247936,
			"lost_packets":	58480,
			"packets":	7824383,
			"lost_percent":	0.747407175747915,
			"sender":	false
		},
		"cpu_utilization_percent":	{
			"host_total":	199.9413881173729,
			"host_user":	27.349821514460764,
			"host_system":	172.59155231778354,
			"remote_total":	0,
			"remote_user":	0,
			"remote_system":	0
		}
	}
}
