{
	"start":	{
		"connected":	[{
				"socket":	5,
				"local_host":	"192.168.1.110",
				"local_port":	5201,
				"remote_host":	"192.168.1.100",
				"remote_port":	37429
			}],
		"version":	"iperf 3.16",
		"system_info":	"Linux design-lab 6.14.0-37-generic #37~24.04.1-Ubuntu SMP PREEMPT_DYNAMIC Thu Nov 20 10:25:38 UTC 2 x86_64",
		"target_bitrate":	7412026726,
		"timestamp":	{
			"time":	"Fri, 26 Jun 2026 02:26:09 GMT",
			"timesecs":	1782440769
		},
		"accepted_connection":	{
			"host":	"192.168.1.100",
			"port":	54516
		},
		"cookie":	"jvcrlfjn252o43coho7y62ynsg2fe3hkk6ro",
		"target_bitrate":	7412026726,
		"fq_rate":	0,
		"sock_bufsize":	0,
		"sndbuf_actual":	134217728,
		"rcvbuf_actual":	134217728,
		"test_start":	{
			"protocol":	"UDP",
			"num_streams":	1,
			"blksize":	832,
			"omit":	2,
			"duration":	5,
			"bytes":	0,
			"blocks":	0,
			"reverse":	0,
			"tos":	0,
			"target_bitrate":	7412026726,
			"bidir":	0,
			"fqrate":	0
		}
	},
	"intervals":	[{
			"streams":	[{
					"socket":	5,
					"start":	0,
					"end":	1.000001,
					"seconds":	1.0000009536743164,
					"bytes":	926409536,
					"bits_per_second":	7411269220.0628929,
					"jitter_ms":	0.00056849257602190127,
					"lost_packets":	0,
					"packets":	1113473,
					"lost_percent":	0,
					"omitted":	true,
					"sender":	false
				}],
			"sum":	{
				"start":	0,
				"end":	1.000001,
				"seconds":	1.0000009536743164,
				"bytes":	926409536,
				"bits_per_second":	7411269220.0628929,
				"jitter_ms":	0.00056849257602190127,
				"lost_packets":	0,
				"packets":	1113473,
				"lost_percent":	0,
				"omitted":	true,
				"sender":	false
			}
		}, {
			"streams":	[{
					"socket":	5,
					"start":	1,
					"end":	1.000017,
					"seconds":	2.0000169277191162,
					"bytes":	926505216,
					"bits_per_second":	3705989497.0253735,
					"jitter_ms":	0.00344647289076298,
					"lost_packets":	0,
					"packets":	2227154,
					"lost_percent":	0,
					"omitted":	false,
					"sender":	false
				}],
			"sum":	{
				"start":	1,
				"end":	1.000017,
				"seconds":	2.0000169277191162,
				"bytes":	926505216,
				"bits_per_second":	3705989497.0253735,
				"jitter_ms":	0.00344647289076298,
				"lost_packets":	0,
				"packets":	2227154,
				"lost_percent":	0,
				"omitted":	false,
				"sender":	false
			}
		}, {
			"streams":	[{
					"socket":	5,
					"start":	1.000017,
					"end":	2,
					"seconds":	0.999983012676239,
					"bytes":	926516032,
					"bits_per_second":	7412254170.36139,
					"jitter_ms":	0.00046871900949392413,
					"lost_packets":	0,
					"packets":	1113603,
					"lost_percent":	0,
					"omitted":	false,
					"sender":	false
				}],
			"sum":	{
				"start":	1.000017,
				"end":	2,
				"seconds":	0.999983012676239,
				"bytes":	926516032,
				"bits_per_second":	7412254170.36139,
				"jitter_ms":	0.00046871900949392413,
				"lost_packets":	0,
				"packets":	1113603,
				"lost_percent":	0,
				"omitted":	false,
				"sender":	false
			}
		}, {
			"streams":	[{
					"socket":	5,
					"start":	2,
					"end":	3,
					"seconds":	1,
					"bytes":	926492736,
					"bits_per_second":	7411941888,
					"jitter_ms":	0.00040518847202535772,
					"lost_packets":	0,
					"packets":	1113574,
					"lost_percent":	0,
					"omitted":	false,
					"sender":	false
				}],
			"sum":	{
				"start":	2,
				"end":	3,
				"seconds":	1,
				"bytes":	926492736,
				"bits_per_second":	7411941888,
				"jitter_ms":	0.00040518847202535772,
				"lost_packets":	0,
				"packets":	1113574,
				"lost_percent":	0,
				"omitted":	false,
				"sender":	false
			}
		}, {
			"streams":	[{
					"socket":	5,
					"start":	3,
					"end":	4,
					"seconds":	1,
					"bytes":	926509376,
					"bits_per_second":	7412075008,
					"jitter_ms":	0.00049275192371180619,
					"lost_packets":	0,
					"packets":	1113601,
					"lost_percent":	0,
					"omitted":	false,
					"sender":	false
				}],
			"sum":	{
				"start":	3,
				"end":	4,
				"seconds":	1,
				"bytes":	926509376,
				"bits_per_second":	7412075008,
				"jitter_ms":	0.00049275192371180619,
				"lost_packets":	0,
				"packets":	1113601,
				"lost_percent":	0,
				"omitted":	false,
				"sender":	false
			}
		}, {
			"streams":	[{
					"socket":	5,
					"start":	4,
					"end":	5,
					"seconds":	1,
					"bytes":	926500224,
					"bits_per_second":	7412001792,
					"jitter_ms":	0.00042922979480975354,
					"lost_packets":	0,
					"packets":	1113583,
					"lost_percent":	0,
					"omitted":	false,
					"sender":	false
				}],
			"sum":	{
				"start":	4,
				"end":	5,
				"seconds":	1,
				"bytes":	926500224,
				"bits_per_second":	7412001792,
				"jitter_ms":	0.00042922979480975354,
				"lost_packets":	0,
				"packets":	1113583,
				"lost_percent":	0,
				"omitted":	false,
				"sender":	false
			}
		}, {
			"streams":	[{
					"socket":	5,
					"start":	5,
					"end":	5.000247,
					"seconds":	0.00024699998903088272,
					"bytes":	89856,
					"bits_per_second":	2910315918.7190146,
					"jitter_ms":	0.000617166112766433,
					"lost_packets":	0,
					"packets":	109,
					"lost_percent":	0,
					"omitted":	false,
					"sender":	false
				}],
			"sum":	{
				"start":	5,
				"end":	5.000247,
				"seconds":	0.00024699998903088272,
				"bytes":	89856,
				"bits_per_second":	2910315918.7190146,
				"jitter_ms":	0.000617166112766433,
				"lost_packets":	0,
				"packets":	109,
				"lost_percent":	0,
				"omitted":	false,
				"sender":	false
			}
		}],
	"end":	{
		"streams":	[{
				"udp":	{
					"socket":	5,
					"start":	0,
					"end":	5.000247,
					"seconds":	5.000247,
					"bytes":	0,
					"bits_per_second":	0,
					"jitter_ms":	0.000617166112766433,
					"lost_packets":	0,
					"packets":	5568058,
					"lost_percent":	0,
					"out_of_order":	0,
					"sender":	false
				}
			}],
		"sum":	{
			"start":	0,
			"end":	5.000247,
			"seconds":	5.000247,
			"bytes":	0,
			"bits_per_second":	0,
			"jitter_ms":	0.000617166112766433,
			"lost_packets":	0,
			"packets":	5568058,
			"lost_percent":	0,
			"sender":	false
		},
		"sum_sent":	{
			"start":	0,
			"end":	5.000247,
			"seconds":	5.000247,
			"bytes":	0,
			"bits_per_second":	0,
			"jitter_ms":	0,
			"lost_packets":	0,
			"packets":	0,
			"lost_percent":	0,
			"sender":	true
		},
		"sum_received":	{
			"start":	0,
			"end":	5.000247,
			"seconds":	5.000247,
			"bytes":	4632624256,
			"bits_per_second":	7411832665.0663462,
			"jitter_ms":	0.000617166112766433,
			"lost_packets":	0,
			"packets":	5568058,
			"lost_percent":	0,
			"sender":	false
		},
		"cpu_utilization_percent":	{
			"host_total":	142.89530881375038,
			"host_user":	19.829263362548936,
			"host_system":	123.0660454512014,
			"remote_total":	0,
			"remote_user":	0,
			"remote_system":	0
		}
	}
}
