{
	"start":	{
		"connected":	[{
				"socket":	5,
				"local_host":	"192.168.1.110",
				"local_port":	5201,
				"remote_host":	"192.168.1.100",
				"remote_port":	56547
			}],
		"version":	"iperf 3.16",
		"system_info":	"Linux design-lab 6.14.0-37-generic #37~24.04.1-Ubuntu SMP PREEMPT_DYNAMIC Thu Nov 20 10:25:38 UTC 2 x86_64",
		"target_bitrate":	7656697009,
		"timestamp":	{
			"time":	"Fri, 26 Jun 2026 02:28:57 GMT",
			"timesecs":	1782440937
		},
		"accepted_connection":	{
			"host":	"192.168.1.100",
			"port":	55798
		},
		"cookie":	"bxpphemvegndcfntkgqdebjyhq5evql6sgfy",
		"target_bitrate":	7656697009,
		"fq_rate":	0,
		"sock_bufsize":	0,
		"sndbuf_actual":	134217728,
		"rcvbuf_actual":	134217728,
		"test_start":	{
			"protocol":	"UDP",
			"num_streams":	1,
			"blksize":	1472,
			"omit":	2,
			"duration":	5,
			"bytes":	0,
			"blocks":	0,
			"reverse":	0,
			"tos":	0,
			"target_bitrate":	7656697009,
			"bidir":	0,
			"fqrate":	0
		}
	},
	"intervals":	[{
			"streams":	[{
					"socket":	5,
					"start":	0,
					"end":	1.000044,
					"seconds":	1.0000439882278442,
					"bytes":	956978112,
					"bits_per_second":	7655488144.6432343,
					"jitter_ms":	0.0040506378823017717,
					"lost_packets":	0,
					"packets":	650121,
					"lost_percent":	0,
					"omitted":	true,
					"sender":	false
				}],
			"sum":	{
				"start":	0,
				"end":	1.000044,
				"seconds":	1.0000439882278442,
				"bytes":	956978112,
				"bits_per_second":	7655488144.6432343,
				"jitter_ms":	0.0040506378823017717,
				"lost_packets":	0,
				"packets":	650121,
				"lost_percent":	0,
				"omitted":	true,
				"sender":	false
			}
		}, {
			"streams":	[{
					"socket":	5,
					"start":	0.999958,
					"end":	1.000052,
					"seconds":	2.0000100135803223,
					"bytes":	957085568,
					"bits_per_second":	3828323104.3895473,
					"jitter_ms":	0.00054623907471016537,
					"lost_packets":	0,
					"packets":	1300396,
					"lost_percent":	0,
					"omitted":	false,
					"sender":	false
				}],
			"sum":	{
				"start":	0.999958,
				"end":	1.000052,
				"seconds":	2.0000100135803223,
				"bytes":	957085568,
				"bits_per_second":	3828323104.3895473,
				"jitter_ms":	0.00054623907471016537,
				"lost_packets":	0,
				"packets":	1300396,
				"lost_percent":	0,
				"omitted":	false,
				"sender":	false
			}
		}, {
			"streams":	[{
					"socket":	5,
					"start":	1.000052,
					"end":	2,
					"seconds":	0.999948024749756,
					"bytes":	957063488,
					"bits_per_second":	7656905873.598876,
					"jitter_ms":	0.00047190818666197157,
					"lost_packets":	0,
					"packets":	650179,
					"lost_percent":	0,
					"omitted":	false,
					"sender":	false
				}],
			"sum":	{
				"start":	1.000052,
				"end":	2,
				"seconds":	0.999948024749756,
				"bytes":	957063488,
				"bits_per_second":	7656905873.598876,
				"jitter_ms":	0.00047190818666197157,
				"lost_packets":	0,
				"packets":	650179,
				"lost_percent":	0,
				"omitted":	false,
				"sender":	false
			}
		}, {
			"streams":	[{
					"socket":	5,
					"start":	2,
					"end":	3,
					"seconds":	1,
					"bytes":	957042880,
					"bits_per_second":	7656343040,
					"jitter_ms":	0.00406153297851275,
					"lost_packets":	0,
					"packets":	650166,
					"lost_percent":	0,
					"omitted":	false,
					"sender":	false
				}],
			"sum":	{
				"start":	2,
				"end":	3,
				"seconds":	1,
				"bytes":	957042880,
				"bits_per_second":	7656343040,
				"jitter_ms":	0.00406153297851275,
				"lost_packets":	0,
				"packets":	650166,
				"lost_percent":	0,
				"omitted":	false,
				"sender":	false
			}
		}, {
			"streams":	[{
					"socket":	5,
					"start":	3,
					"end":	4,
					"seconds":	1,
					"bytes":	957097344,
					"bits_per_second":	7656778752,
					"jitter_ms":	0.00068760761525932473,
					"lost_packets":	0,
					"packets":	650206,
					"lost_percent":	0,
					"omitted":	false,
					"sender":	false
				}],
			"sum":	{
				"start":	3,
				"end":	4,
				"seconds":	1,
				"bytes":	957097344,
				"bits_per_second":	7656778752,
				"jitter_ms":	0.00068760761525932473,
				"lost_packets":	0,
				"packets":	650206,
				"lost_percent":	0,
				"omitted":	false,
				"sender":	false
			}
		}, {
			"streams":	[{
					"socket":	5,
					"start":	4,
					"end":	5.000035,
					"seconds":	1.0000350475311279,
					"bytes":	957122368,
					"bits_per_second":	7656710595.1970778,
					"jitter_ms":	0.0042293083398702025,
					"lost_packets":	0,
					"packets":	650220,
					"lost_percent":	0,
					"omitted":	false,
					"sender":	false
				}],
			"sum":	{
				"start":	4,
				"end":	5.000035,
				"seconds":	1.0000350475311279,
				"bytes":	957122368,
				"bits_per_second":	7656710595.1970778,
				"jitter_ms":	0.0042293083398702025,
				"lost_packets":	0,
				"packets":	650220,
				"lost_percent":	0,
				"omitted":	false,
				"sender":	false
			}
		}, {
			"streams":	[{
					"socket":	5,
					"start":	5.000035,
					"end":	5.000169,
					"seconds":	0.0001340000017080456,
					"bytes":	104512,
					"bits_per_second":	6239522308.52695,
					"jitter_ms":	0.0025755560521244164,
					"lost_packets":	0,
					"packets":	72,
					"lost_percent":	0,
					"omitted":	false,
					"sender":	false
				}],
			"sum":	{
				"start":	5.000035,
				"end":	5.000169,
				"seconds":	0.0001340000017080456,
				"bytes":	104512,
				"bits_per_second":	6239522308.52695,
				"jitter_ms":	0.0025755560521244164,
				"lost_packets":	0,
				"packets":	72,
				"lost_percent":	0,
				"omitted":	false,
				"sender":	false
			}
		}],
	"end":	{
		"streams":	[{
				"udp":	{
					"socket":	5,
					"start":	0,
					"end":	5.000169,
					"seconds":	5.000169,
					"bytes":	0,
					"bits_per_second":	0,
					"jitter_ms":	0.0025755560521244164,
					"lost_packets":	0,
					"packets":	3251037,
					"lost_percent":	0,
					"out_of_order":	0,
					"sender":	false
				}
			}],
		"sum":	{
			"start":	0,
			"end":	5.000169,
			"seconds":	5.000169,
			"bytes":	0,
			"bits_per_second":	0,
			"jitter_ms":	0.0025755560521244164,
			"lost_packets":	0,
			"packets":	3251037,
			"lost_percent":	0,
			"sender":	false
		},
		"sum_sent":	{
			"start":	0,
			"end":	5.000169,
			"seconds":	5.000169,
			"bytes":	0,
			"bits_per_second":	0,
			"jitter_ms":	0,
			"lost_packets":	0,
			"packets":	0,
			"lost_percent":	0,
			"sender":	true
		},
		"sum_received":	{
			"start":	0,
			"end":	5.000169,
			"seconds":	5.000169,
			"bytes":	4785526464,
			"bits_per_second":	7656583549.8760147,
			"jitter_ms":	0.0025755560521244164,
			"lost_packets":	0,
			"packets":	3251037,
			"lost_percent":	0,
			"sender":	false
		},
		"cpu_utilization_percent":	{
			"host_total":	84.483168216127041,
			"host_user":	10.653756139664429,
			"host_system":	73.8294120764626,
			"remote_total":	0,
			"remote_user":	0,
			"remote_system":	0
		}
	}
}
