{
	"start":	{
		"connected":	[{
				"socket":	5,
				"local_host":	"192.168.1.100",
				"local_port":	50941,
				"remote_host":	"192.168.1.110",
				"remote_port":	5201
			}],
		"version":	"iperf 3.16",
		"system_info":	"Linux design-lab 6.14.0-37-generic #37~24.04.1-Ubuntu SMP PREEMPT_DYNAMIC Thu Nov 20 10:25:38 UTC 2 x86_64",
		"timestamp":	{
			"time":	"Fri, 26 Jun 2026 02:26:59 GMT",
			"timesecs":	1782440819
		},
		"connecting_to":	{
			"host":	"192.168.1.110",
			"port":	5201
		},
		"cookie":	"r62ru6pxfqfrwwtktzuynsirh227lhjnot3r",
		"target_bitrate":	7515596330,
		"fq_rate":	0,
		"sock_bufsize":	0,
		"sndbuf_actual":	134217728,
		"rcvbuf_actual":	134217728,
		"test_start":	{
			"protocol":	"UDP",
			"num_streams":	1,
			"blksize":	1024,
			"omit":	2,
			"duration":	5,
			"bytes":	0,
			"blocks":	0,
			"reverse":	0,
			"tos":	0,
			"target_bitrate":	7515596330,
			"bidir":	0,
			"fqrate":	0
		}
	},
	"intervals":	[{
			"streams":	[{
					"socket":	5,
					"start":	0,
					"end":	1.000053,
					"seconds":	1.00005304813385,
					"bytes":	939410432,
					"bits_per_second":	7514884805.3849754,
					"packets":	917393,
					"omitted":	true,
					"sender":	true
				}],
			"sum":	{
				"start":	0,
				"end":	1.000053,
				"seconds":	1.00005304813385,
				"bytes":	939410432,
				"bits_per_second":	7514884805.3849754,
				"packets":	917393,
				"omitted":	true,
				"sender":	true
			}
		}, {
			"streams":	[{
					"socket":	5,
					"start":	1.000053,
					"end":	2.000052,
					"seconds":	0.99999898672103882,
					"bytes":	939470848,
					"bits_per_second":	7515774399.5760765,
					"packets":	917452,
					"omitted":	true,
					"sender":	true
				}],
			"sum":	{
				"start":	1.000053,
				"end":	2.000052,
				"seconds":	0.99999898672103882,
				"bytes":	939470848,
				"bits_per_second":	7515774399.5760765,
				"packets":	917452,
				"omitted":	true,
				"sender":	true
			}
		}, {
			"streams":	[{
					"socket":	5,
					"start":	5e-06,
					"end":	0.999996,
					"seconds":	1.0000009536743164,
					"bytes":	939442176,
					"bits_per_second":	7515530240.631835,
					"packets":	917425,
					"omitted":	false,
					"sender":	true
				}],
			"sum":	{
				"start":	5e-06,
				"end":	0.999996,
				"seconds":	1.0000009536743164,
				"bytes":	939442176,
				"bits_per_second":	7515530240.631835,
				"packets":	917425,
				"omitted":	false,
				"sender":	true
			}
		}, {
			"streams":	[{
					"socket":	5,
					"start":	0.999996,
					"end":	1.999997,
					"seconds":	1.0000009536743164,
					"bytes":	939449344,
					"bits_per_second":	7515587584.5771475,
					"packets":	917435,
					"omitted":	false,
					"sender":	true
				}],
			"sum":	{
				"start":	0.999996,
				"end":	1.999997,
				"seconds":	1.0000009536743164,
				"bytes":	939449344,
				"bits_per_second":	7515587584.5771475,
				"packets":	917435,
				"omitted":	false,
				"sender":	true
			}
		}, {
			"streams":	[{
					"socket":	5,
					"start":	1.999997,
					"end":	2.999997,
					"seconds":	1,
					"bytes":	939448320,
					"bits_per_second":	7515586560,
					"packets":	917430,
					"omitted":	false,
					"sender":	true
				}],
			"sum":	{
				"start":	1.999997,
				"end":	2.999997,
				"seconds":	1,
				"bytes":	939448320,
				"bits_per_second":	7515586560,
				"packets":	917430,
				"omitted":	false,
				"sender":	true
			}
		}, {
			"streams":	[{
					"socket":	5,
					"start":	2.999997,
					"end":	3.999997,
					"seconds":	1,
					"bytes":	939517952,
					"bits_per_second":	7516143616,
					"packets":	917498,
					"omitted":	false,
					"sender":	true
				}],
			"sum":	{
				"start":	2.999997,
				"end":	3.999997,
				"seconds":	1,
				"bytes":	939517952,
				"bits_per_second":	7516143616,
				"packets":	917498,
				"omitted":	false,
				"sender":	true
			}
		}, {
			"streams":	[{
					"socket":	5,
					"start":	3.999997,
					"end":	5.000066,
					"seconds":	1.00006902217865,
					"bytes":	939444224,
					"bits_per_second":	7515035087.9056025,
					"packets":	917427,
					"omitted":	false,
					"sender":	true
				}],
			"sum":	{
				"start":	3.999997,
				"end":	5.000066,
				"seconds":	1.00006902217865,
				"bytes":	939444224,
				"bits_per_second":	7515035087.9056025,
				"packets":	917427,
				"omitted":	false,
				"sender":	true
			}
		}],
	"end":	{
		"streams":	[{
				"udp":	{
					"socket":	5,
					"start":	0,
					"end":	5.000066,
					"seconds":	5.000066,
					"bytes":	4697308160,
					"bits_per_second":	7515593850.1611776,
					"jitter_ms":	0.0011699886037678444,
					"lost_packets":	0,
					"packets":	4587215,
					"lost_percent":	0,
					"out_of_order":	0,
					"sender":	true
				}
			}],
		"sum":	{
			"start":	0,
			"end":	5.000208,
			"seconds":	5.000208,
			"bytes":	4697308160,
			"bits_per_second":	7515593850.1611776,
			"jitter_ms":	0.0011699886037678444,
			"lost_packets":	0,
			"packets":	4587215,
			"lost_percent":	0,
			"sender":	true
		},
		"sum_sent":	{
			"start":	0,
			"end":	5.000066,
			"seconds":	5.000066,
			"bytes":	4697308160,
			"bits_per_second":	7515593850.1611776,
			"jitter_ms":	0,
			"lost_packets":	0,
			"packets":	4587215,
			"lost_percent":	0,
			"sender":	true
		},
		"sum_received":	{
			"start":	0,
			"end":	5.000208,
			"seconds":	5.000208,
			"bytes":	4697439232,
			"bits_per_second":	7515590122.650898,
			"jitter_ms":	0.0011699886037678444,
			"lost_packets":	0,
			"packets":	4587343,
			"lost_percent":	0,
			"sender":	false
		},
		"cpu_utilization_percent":	{
			"host_total":	101.22465544200361,
			"host_user":	48.9239785395672,
			"host_system":	52.300405490072166,
			"remote_total":	118.40458625061927,
			"remote_user":	16.948062263114856,
			"remote_system":	101.4565239875044
		}
	}
}
