{
	"start":	{
		"connected":	[{
				"socket":	5,
				"local_host":	"192.168.1.110",
				"local_port":	5201,
				"remote_host":	"192.168.1.100",
				"remote_port":	45594
			}],
		"version":	"iperf 3.16",
		"system_info":	"Linux design-lab 6.14.0-37-generic #37~24.04.1-Ubuntu SMP PREEMPT_DYNAMIC Thu Nov 20 10:25:38 UTC 2 x86_64",
		"target_bitrate":	7314285714,
		"timestamp":	{
			"time":	"Fri, 26 Jun 2026 02:25:35 GMT",
			"timesecs":	1782440735
		},
		"accepted_connection":	{
			"host":	"192.168.1.100",
			"port":	40488
		},
		"cookie":	"lucjgugi3an3rlly62xazhq5ixjata74fjbr",
		"target_bitrate":	7314285714,
		"fq_rate":	0,
		"sock_bufsize":	0,
		"sndbuf_actual":	134217728,
		"rcvbuf_actual":	134217728,
		"test_start":	{
			"protocol":	"UDP",
			"num_streams":	1,
			"blksize":	704,
			"omit":	2,
			"duration":	5,
			"bytes":	0,
			"blocks":	0,
			"reverse":	0,
			"tos":	0,
			"target_bitrate":	7314285714,
			"bidir":	0,
			"fqrate":	0
		}
	},
	"intervals":	[{
			"streams":	[{
					"socket":	5,
					"start":	0,
					"end":	1.000001,
					"seconds":	1.0000009536743164,
					"bytes":	914231296,
					"bits_per_second":	7313843392.9754019,
					"jitter_ms":	0.00039473017675174961,
					"lost_packets":	0,
					"packets":	1298625,
					"lost_percent":	0,
					"omitted":	true,
					"sender":	false
				}],
			"sum":	{
				"start":	0,
				"end":	1.000001,
				"seconds":	1.0000009536743164,
				"bytes":	914231296,
				"bits_per_second":	7313843392.9754019,
				"jitter_ms":	0.00039473017675174961,
				"lost_packets":	0,
				"packets":	1298625,
				"lost_percent":	0,
				"omitted":	true,
				"sender":	false
			}
		}, {
			"streams":	[{
					"socket":	5,
					"start":	1.000001,
					"end":	2.000001,
					"seconds":	1,
					"bytes":	914259456,
					"bits_per_second":	7314075648,
					"jitter_ms":	0.00052081065936261369,
					"lost_packets":	0,
					"packets":	1298665,
					"lost_percent":	0,
					"omitted":	true,
					"sender":	false
				}],
			"sum":	{
				"start":	1.000001,
				"end":	2.000001,
				"seconds":	1,
				"bytes":	914259456,
				"bits_per_second":	7314075648,
				"jitter_ms":	0.00052081065936261369,
				"lost_packets":	0,
				"packets":	1298665,
				"lost_percent":	0,
				"omitted":	true,
				"sender":	false
			}
		}, {
			"streams":	[{
					"socket":	5,
					"start":	5e-06,
					"end":	1,
					"seconds":	1.0000050067901611,
					"bytes":	914269312,
					"bits_per_second":	7314117875.746582,
					"jitter_ms":	0.00095734493332130821,
					"lost_packets":	0,
					"packets":	1298688,
					"lost_percent":	0,
					"omitted":	false,
					"sender":	false
				}],
			"sum":	{
				"start":	5e-06,
				"end":	1,
				"seconds":	1.0000050067901611,
				"bytes":	914269312,
				"bits_per_second":	7314117875.746582,
				"jitter_ms":	0.00095734493332130821,
				"lost_packets":	0,
				"packets":	1298688,
				"lost_percent":	0,
				"omitted":	false,
				"sender":	false
			}
		}, {
			"streams":	[{
					"socket":	5,
					"start":	1,
					"end":	2,
					"seconds":	1,
					"bytes":	914299584,
					"bits_per_second":	7314396672,
					"jitter_ms":	0.0002736298301185047,
					"lost_packets":	0,
					"packets":	1298722,
					"lost_percent":	0,
					"omitted":	false,
					"sender":	false
				}],
			"sum":	{
				"start":	1,
				"end":	2,
				"seconds":	1,
				"bytes":	914299584,
				"bits_per_second":	7314396672,
				"jitter_ms":	0.0002736298301185047,
				"lost_packets":	0,
				"packets":	1298722,
				"lost_percent":	0,
				"omitted":	false,
				"sender":	false
			}
		}, {
			"streams":	[{
					"socket":	5,
					"start":	2,
					"end":	3,
					"seconds":	1,
					"bytes":	914246080,
					"bits_per_second":	7313968640,
					"jitter_ms":	0.00074713668855208538,
					"lost_packets":	0,
					"packets":	1298649,
					"lost_percent":	0,
					"omitted":	false,
					"sender":	false
				}],
			"sum":	{
				"start":	2,
				"end":	3,
				"seconds":	1,
				"bytes":	914246080,
				"bits_per_second":	7313968640,
				"jitter_ms":	0.00074713668855208538,
				"lost_packets":	0,
				"packets":	1298649,
				"lost_percent":	0,
				"omitted":	false,
				"sender":	false
			}
		}, {
			"streams":	[{
					"socket":	5,
					"start":	3,
					"end":	4,
					"seconds":	1,
					"bytes":	908176192,
					"bits_per_second":	7265409536,
					"jitter_ms":	0.00070041991938105076,
					"lost_packets":	0,
					"packets":	1290023,
					"lost_percent":	0,
					"omitted":	false,
					"sender":	false
				}],
			"sum":	{
				"start":	3,
				"end":	4,
				"seconds":	1,
				"bytes":	908176192,
				"bits_per_second":	7265409536,
				"jitter_ms":	0.00070041991938105076,
				"lost_packets":	0,
				"packets":	1290023,
				"lost_percent":	0,
				"omitted":	false,
				"sender":	false
			}
		}, {
			"streams":	[{
					"socket":	5,
					"start":	4,
					"end":	5,
					"seconds":	1,
					"bytes":	920417344,
					"bits_per_second":	7363338752,
					"jitter_ms":	0.00049750773389902663,
					"lost_packets":	0,
					"packets":	1307414,
					"lost_percent":	0,
					"omitted":	false,
					"sender":	false
				}],
			"sum":	{
				"start":	4,
				"end":	5,
				"seconds":	1,
				"bytes":	920417344,
				"bits_per_second":	7363338752,
				"jitter_ms":	0.00049750773389902663,
				"lost_packets":	0,
				"packets":	1307414,
				"lost_percent":	0,
				"omitted":	false,
				"sender":	false
			}
		}, {
			"streams":	[{
					"socket":	5,
					"start":	5,
					"end":	5.000212,
					"seconds":	0.0002119999990100041,
					"bytes":	130944,
					"bits_per_second":	4941283041.942688,
					"jitter_ms":	0.00036564227256746221,
					"lost_packets":	0,
					"packets":	187,
					"lost_percent":	0,
					"omitted":	false,
					"sender":	false
				}],
			"sum":	{
				"start":	5,
				"end":	5.000212,
				"seconds":	0.0002119999990100041,
				"bytes":	130944,
				"bits_per_second":	4941283041.942688,
				"jitter_ms":	0.00036564227256746221,
				"lost_packets":	0,
				"packets":	187,
				"lost_percent":	0,
				"omitted":	false,
				"sender":	false
			}
		}],
	"end":	{
		"streams":	[{
				"udp":	{
					"socket":	5,
					"start":	0,
					"end":	5.000212,
					"seconds":	5.000212,
					"bytes":	0,
					"bits_per_second":	0,
					"jitter_ms":	0.00036564227256746221,
					"lost_packets":	0,
					"packets":	6493673,
					"lost_percent":	0,
					"out_of_order":	0,
					"sender":	false
				}
			}],
		"sum":	{
			"start":	0,
			"end":	5.000212,
			"seconds":	5.000212,
			"bytes":	0,
			"bits_per_second":	0,
			"jitter_ms":	0.00036564227256746221,
			"lost_packets":	0,
			"packets":	6493673,
			"lost_percent":	0,
			"sender":	false
		},
		"sum_sent":	{
			"start":	0,
			"end":	5.000212,
			"seconds":	5.000212,
			"bytes":	0,
			"bits_per_second":	0,
			"jitter_ms":	0,
			"lost_packets":	0,
			"packets":	0,
			"lost_percent":	0,
			"sender":	true
		},
		"sum_received":	{
			"start":	0,
			"end":	5.000212,
			"seconds":	5.000212,
			"bytes":	4571545792,
			"bits_per_second":	7314163146.68258,
			"jitter_ms":	0.00036564227256746221,
			"lost_packets":	0,
			"packets":	6493673,
			"lost_percent":	0,
			"sender":	false
		},
		"cpu_utilization_percent":	{
			"host_total":	165.0809509694331,
			"host_user":	23.904817345156761,
			"host_system":	141.17611933902126,
			"remote_total":	0,
			"remote_user":	0,
			"remote_system":	0
		}
	}
}
