{
	"start":	{
		"connected":	[{
				"socket":	5,
				"local_host":	"192.168.1.110",
				"local_port":	5201,
				"remote_host":	"192.168.1.100",
				"remote_port":	32809
			}],
		"version":	"iperf 3.16",
		"system_info":	"Linux design-lab 6.14.0-37-generic #37~24.04.1-Ubuntu SMP PREEMPT_DYNAMIC Thu Nov 20 10:25:38 UTC 2 x86_64",
		"target_bitrate":	7625531915,
		"timestamp":	{
			"time":	"Fri, 26 Jun 2026 02:28:23 GMT",
			"timesecs":	1782440903
		},
		"accepted_connection":	{
			"host":	"192.168.1.100",
			"port":	38248
		},
		"cookie":	"fyskonrghojmffx2ur64jzgngzesrtecsisk",
		"target_bitrate":	7625531915,
		"fq_rate":	0,
		"sock_bufsize":	0,
		"sndbuf_actual":	134217728,
		"rcvbuf_actual":	134217728,
		"test_start":	{
			"protocol":	"UDP",
			"num_streams":	1,
			"blksize":	1344,
			"omit":	2,
			"duration":	5,
			"bytes":	0,
			"blocks":	0,
			"reverse":	0,
			"tos":	0,
			"target_bitrate":	7625531915,
			"bidir":	0,
			"fqrate":	0
		}
	},
	"intervals":	[{
			"streams":	[{
					"socket":	5,
					"start":	0,
					"end":	1.000041,
					"seconds":	1.0000410079956055,
					"bytes":	953086848,
					"bits_per_second":	7624382123.37139,
					"jitter_ms":	0.0044095736203925472,
					"lost_packets":	0,
					"packets":	709142,
					"lost_percent":	0,
					"omitted":	true,
					"sender":	false
				}],
			"sum":	{
				"start":	0,
				"end":	1.000041,
				"seconds":	1.0000410079956055,
				"bytes":	953086848,
				"bits_per_second":	7624382123.37139,
				"jitter_ms":	0.0044095736203925472,
				"lost_packets":	0,
				"packets":	709142,
				"lost_percent":	0,
				"omitted":	true,
				"sender":	false
			}
		}, {
			"streams":	[{
					"socket":	5,
					"start":	1.000041,
					"end":	2.000004,
					"seconds":	0.99996298551559448,
					"bytes":	953193024,
					"bits_per_second":	7625826458.03451,
					"jitter_ms":	0.00064059310555312663,
					"lost_packets":	0,
					"packets":	709221,
					"lost_percent":	0,
					"omitted":	true,
					"sender":	false
				}],
			"sum":	{
				"start":	1.000041,
				"end":	2.000004,
				"seconds":	0.99996298551559448,
				"bytes":	953193024,
				"bits_per_second":	7625826458.03451,
				"jitter_ms":	0.00064059310555312663,
				"lost_packets":	0,
				"packets":	709221,
				"lost_percent":	0,
				"omitted":	true,
				"sender":	false
			}
		}, {
			"streams":	[{
					"socket":	5,
					"start":	9e-06,
					"end":	1.000029,
					"seconds":	1.0000380277633667,
					"bytes":	953172864,
					"bits_per_second":	7625092946.7697716,
					"jitter_ms":	0.0043396170738565663,
					"lost_packets":	0,
					"packets":	709221,
					"lost_percent":	0,
					"omitted":	false,
					"sender":	false
				}],
			"sum":	{
				"start":	9e-06,
				"end":	1.000029,
				"seconds":	1.0000380277633667,
				"bytes":	953172864,
				"bits_per_second":	7625092946.7697716,
				"jitter_ms":	0.0043396170738565663,
				"lost_packets":	0,
				"packets":	709221,
				"lost_percent":	0,
				"omitted":	false,
				"sender":	false
			}
		}, {
			"streams":	[{
					"socket":	5,
					"start":	1.000029,
					"end":	2.000009,
					"seconds":	0.99997997283935547,
					"bytes":	953180928,
					"bits_per_second":	7625600143.1190777,
					"jitter_ms":	0.0026805356825812159,
					"lost_packets":	0,
					"packets":	709212,
					"lost_percent":	0,
					"omitted":	false,
					"sender":	false
				}],
			"sum":	{
				"start":	1.000029,
				"end":	2.000009,
				"seconds":	0.99997997283935547,
				"bytes":	953180928,
				"bits_per_second":	7625600143.1190777,
				"jitter_ms":	0.0026805356825812159,
				"lost_packets":	0,
				"packets":	709212,
				"lost_percent":	0,
				"omitted":	false,
				"sender":	false
			}
		}, {
			"streams":	[{
					"socket":	5,
					"start":	2.000009,
					"end":	2.999995,
					"seconds":	0.99998599290847778,
					"bytes":	953174208,
					"bits_per_second":	7625500475.0830574,
					"jitter_ms":	0.003018135172572389,
					"lost_packets":	0,
					"packets":	709212,
					"lost_percent":	0,
					"omitted":	false,
					"sender":	false
				}],
			"sum":	{
				"start":	2.000009,
				"end":	2.999995,
				"seconds":	0.99998599290847778,
				"bytes":	953174208,
				"bits_per_second":	7625500475.0830574,
				"jitter_ms":	0.003018135172572389,
				"lost_packets":	0,
				"packets":	709212,
				"lost_percent":	0,
				"omitted":	false,
				"sender":	false
			}
		}, {
			"streams":	[{
					"socket":	5,
					"start":	2.999995,
					"end":	3.99999,
					"seconds":	0.999994993209839,
					"bytes":	953205120,
					"bits_per_second":	7625679140.17529,
					"jitter_ms":	0.0019982165950162491,
					"lost_packets":	0,
					"packets":	709231,
					"lost_percent":	0,
					"omitted":	false,
					"sender":	false
				}],
			"sum":	{
				"start":	2.999995,
				"end":	3.99999,
				"seconds":	0.999994993209839,
				"bytes":	953205120,
				"bits_per_second":	7625679140.17529,
				"jitter_ms":	0.0019982165950162491,
				"lost_packets":	0,
				"packets":	709231,
				"lost_percent":	0,
				"omitted":	false,
				"sender":	false
			}
		}, {
			"streams":	[{
					"socket":	5,
					"start":	3.99999,
					"end":	5.000029,
					"seconds":	1.0000389814376831,
					"bytes":	953190336,
					"bits_per_second":	7625225445.7494669,
					"jitter_ms":	0.000881477791601582,
					"lost_packets":	0,
					"packets":	709220,
					"lost_percent":	0,
					"omitted":	false,
					"sender":	false
				}],
			"sum":	{
				"start":	3.99999,
				"end":	5.000029,
				"seconds":	1.0000389814376831,
				"bytes":	953190336,
				"bits_per_second":	7625225445.7494669,
				"jitter_ms":	0.000881477791601582,
				"lost_packets":	0,
				"packets":	709220,
				"lost_percent":	0,
				"omitted":	false,
				"sender":	false
			}
		}, {
			"streams":	[{
					"socket":	5,
					"start":	5.000029,
					"end":	5.000136,
					"seconds":	0.00010699999984353781,
					"bytes":	116928,
					"bits_per_second":	8742280386.6152935,
					"jitter_ms":	0.00165731989974618,
					"lost_packets":	0,
					"packets":	87,
					"lost_percent":	0,
					"omitted":	false,
					"sender":	false
				}],
			"sum":	{
				"start":	5.000029,
				"end":	5.000136,
				"seconds":	0.00010699999984353781,
				"bytes":	116928,
				"bits_per_second":	8742280386.6152935,
				"jitter_ms":	0.00165731989974618,
				"lost_packets":	0,
				"packets":	87,
				"lost_percent":	0,
				"omitted":	false,
				"sender":	false
			}
		}],
	"end":	{
		"streams":	[{
				"udp":	{
					"socket":	5,
					"start":	0,
					"end":	5.000136,
					"seconds":	5.000136,
					"bytes":	0,
					"bits_per_second":	0,
					"jitter_ms":	0.00165731989974618,
					"lost_packets":	0,
					"packets":	3546168,
					"lost_percent":	0,
					"out_of_order":	0,
					"sender":	false
				}
			}],
		"sum":	{
			"start":	0,
			"end":	5.000136,
			"seconds":	5.000136,
			"bytes":	0,
			"bits_per_second":	0,
			"jitter_ms":	0.00165731989974618,
			"lost_packets":	0,
			"packets":	3546168,
			"lost_percent":	0,
			"sender":	false
		},
		"sum_sent":	{
			"start":	0,
			"end":	5.000136,
			"seconds":	5.000136,
			"bytes":	0,
			"bits_per_second":	0,
			"jitter_ms":	0,
			"lost_packets":	0,
			"packets":	0,
			"lost_percent":	0,
			"sender":	true
		},
		"sum_received":	{
			"start":	0,
			"end":	5.000136,
			"seconds":	5.000136,
			"bytes":	4766049792,
			"bits_per_second":	7625472254.35468,
			"jitter_ms":	0.00165731989974618,
			"lost_packets":	0,
			"packets":	3546168,
			"lost_percent":	0,
			"sender":	false
		},
		"cpu_utilization_percent":	{
			"host_total":	94.336095225347222,
			"host_user":	13.164697971601477,
			"host_system":	81.171397253745738,
			"remote_total":	0,
			"remote_user":	0,
			"remote_system":	0
		}
	}
}
