{
	"start":	{
		"connected":	[{
				"socket":	5,
				"local_host":	"192.168.1.100",
				"local_port":	59526,
				"remote_host":	"192.168.1.110",
				"remote_port":	5201
			}],
		"version":	"iperf 3.16",
		"system_info":	"Linux design-lab 6.14.0-37-generic #37~24.04.1-Ubuntu SMP PREEMPT_DYNAMIC Thu Nov 20 10:25:38 UTC 2 x86_64",
		"timestamp":	{
			"time":	"Fri, 26 Jun 2026 02:24:11 GMT",
			"timesecs":	1782440651
		},
		"connecting_to":	{
			"host":	"192.168.1.110",
			"port":	5201
		},
		"cookie":	"3a5m3lyouce6kefujxpxcqeyhhqknlqva62y",
		"target_bitrate":	6826666667,
		"fq_rate":	0,
		"sock_bufsize":	0,
		"sndbuf_actual":	134217728,
		"rcvbuf_actual":	134217728,
		"test_start":	{
			"protocol":	"UDP",
			"num_streams":	1,
			"blksize":	384,
			"omit":	2,
			"duration":	5,
			"bytes":	0,
			"blocks":	0,
			"reverse":	0,
			"tos":	0,
			"target_bitrate":	6826666667,
			"bidir":	0,
			"fqrate":	0
		}
	},
	"intervals":	[{
			"streams":	[{
					"socket":	5,
					"start":	0,
					"end":	1.000052,
					"seconds":	1.0000519752502441,
					"bytes":	600347904,
					"bits_per_second":	4802533619.11334,
					"packets":	1563407,
					"omitted":	true,
					"sender":	true
				}],
			"sum":	{
				"start":	0,
				"end":	1.000052,
				"seconds":	1.0000519752502441,
				"bytes":	600347904,
				"bits_per_second":	4802533619.11334,
				"packets":	1563407,
				"omitted":	true,
				"sender":	true
			}
		}, {
			"streams":	[{
					"socket":	5,
					"start":	1.000052,
					"end":	2.000052,
					"seconds":	1,
					"bytes":	600092928,
					"bits_per_second":	4800743424,
					"packets":	1562744,
					"omitted":	true,
					"sender":	true
				}],
			"sum":	{
				"start":	1.000052,
				"end":	2.000052,
				"seconds":	1,
				"bytes":	600092928,
				"bits_per_second":	4800743424,
				"packets":	1562744,
				"omitted":	true,
				"sender":	true
			}
		}, {
			"streams":	[{
					"socket":	5,
					"start":	1.4e-05,
					"end":	0.999988,
					"seconds":	1.0000020265579224,
					"bytes":	600041472,
					"bits_per_second":	4800322047.8693237,
					"packets":	1562630,
					"omitted":	false,
					"sender":	true
				}],
			"sum":	{
				"start":	1.4e-05,
				"end":	0.999988,
				"seconds":	1.0000020265579224,
				"bytes":	600041472,
				"bits_per_second":	4800322047.8693237,
				"packets":	1562630,
				"omitted":	false,
				"sender":	true
			}
		}, {
			"streams":	[{
					"socket":	5,
					"start":	0.999988,
					"end":	1.999986,
					"seconds":	0.99999797344207764,
					"bytes":	599248128,
					"bits_per_second":	4793994739.30802,
					"packets":	1560551,
					"omitted":	false,
					"sender":	true
				}],
			"sum":	{
				"start":	0.999988,
				"end":	1.999986,
				"seconds":	0.99999797344207764,
				"bytes":	599248128,
				"bits_per_second":	4793994739.30802,
				"packets":	1560551,
				"omitted":	false,
				"sender":	true
			}
		}, {
			"streams":	[{
					"socket":	5,
					"start":	1.999986,
					"end":	2.999987,
					"seconds":	1.0000009536743164,
					"bytes":	598232448,
					"bits_per_second":	4785855019.8529854,
					"packets":	1557899,
					"omitted":	false,
					"sender":	true
				}],
			"sum":	{
				"start":	1.999986,
				"end":	2.999987,
				"seconds":	1.0000009536743164,
				"bytes":	598232448,
				"bits_per_second":	4785855019.8529854,
				"packets":	1557899,
				"omitted":	false,
				"sender":	true
			}
		}, {
			"streams":	[{
					"socket":	5,
					"start":	2.999987,
					"end":	3.999987,
					"seconds":	1,
					"bytes":	598270464,
					"bits_per_second":	4786163712,
					"packets":	1557998,
					"omitted":	false,
					"sender":	true
				}],
			"sum":	{
				"start":	2.999987,
				"end":	3.999987,
				"seconds":	1,
				"bytes":	598270464,
				"bits_per_second":	4786163712,
				"packets":	1557998,
				"omitted":	false,
				"sender":	true
			}
		}, {
			"streams":	[{
					"socket":	5,
					"start":	3.999987,
					"end":	5.000119,
					"seconds":	1.0001319646835327,
					"bytes":	598644480,
					"bits_per_second":	4788523923.9557867,
					"packets":	1558974,
					"omitted":	false,
					"sender":	true
				}],
			"sum":	{
				"start":	3.999987,
				"end":	5.000119,
				"seconds":	1.0001319646835327,
				"bytes":	598644480,
				"bits_per_second":	4788523923.9557867,
				"packets":	1558974,
				"omitted":	false,
				"sender":	true
			}
		}],
	"end":	{
		"streams":	[{
				"udp":	{
					"socket":	5,
					"start":	0,
					"end":	5.000119,
					"seconds":	5.000119,
					"bytes":	2994444288,
					"bits_per_second":	4790996835.075325,
					"jitter_ms":	0.0004728662484140555,
					"lost_packets":	0,
					"packets":	7798031,
					"lost_percent":	0,
					"out_of_order":	0,
					"sender":	true
				}
			}],
		"sum":	{
			"start":	0,
			"end":	5.000267,
			"seconds":	5.000267,
			"bytes":	2994444288,
			"bits_per_second":	4790996835.075325,
			"jitter_ms":	0.0004728662484140555,
			"lost_packets":	0,
			"packets":	7798031,
			"lost_percent":	0,
			"sender":	true
		},
		"sum_sent":	{
			"start":	0,
			"end":	5.000119,
			"seconds":	5.000119,
			"bytes":	2994444288,
			"bits_per_second":	4790996835.075325,
			"jitter_ms":	0,
			"lost_packets":	0,
			"packets":	7798031,
			"lost_percent":	0,
			"sender":	true
		},
		"sum_received":	{
			"start":	0,
			"end":	5.000267,
			"seconds":	5.000267,
			"bytes":	3004463616,
			"bits_per_second":	4806885097.93577,
			"jitter_ms":	0.0004728662484140555,
			"lost_packets":	0,
			"packets":	7824124,
			"lost_percent":	0,
			"sender":	false
		},
		"cpu_utilization_percent":	{
			"host_total":	101.40773466267878,
			"host_user":	13.645351257289082,
			"host_system":	87.7623691207733,
			"remote_total":	199.48832017480453,
			"remote_user":	27.309208951189923,
			"remote_system":	172.17908265331252
		}
	}
}
