{
	"start":	{
		"connected":	[{
				"socket":	5,
				"local_host":	"192.168.1.100",
				"local_port":	48796,
				"remote_host":	"192.168.1.110",
				"remote_port":	5201
			}],
		"version":	"iperf 3.16",
		"system_info":	"Linux design-lab 6.14.0-37-generic #37~24.04.1-Ubuntu SMP PREEMPT_DYNAMIC Thu Nov 20 10:25:38 UTC 2 x86_64",
		"timestamp":	{
			"time":	"Fri, 26 Jun 2026 02:26:42 GMT",
			"timesecs":	1782440802
		},
		"connecting_to":	{
			"host":	"192.168.1.110",
			"port":	5201
		},
		"cookie":	"cvqhrtimn5bqp2qd26ihajfubflm4jrfg5km",
		"target_bitrate":	7485380117,
		"fq_rate":	0,
		"sock_bufsize":	0,
		"sndbuf_actual":	134217728,
		"rcvbuf_actual":	134217728,
		"test_start":	{
			"protocol":	"UDP",
			"num_streams":	1,
			"blksize":	960,
			"omit":	2,
			"duration":	5,
			"bytes":	0,
			"blocks":	0,
			"reverse":	0,
			"tos":	0,
			"target_bitrate":	7485380117,
			"bidir":	0,
			"fqrate":	0
		}
	},
	"intervals":	[{
			"streams":	[{
					"socket":	5,
					"start":	0,
					"end":	1.000018,
					"seconds":	1.0000180006027222,
					"bytes":	935656320,
					"bits_per_second":	7485115823.4037333,
					"packets":	974642,
					"omitted":	true,
					"sender":	true
				}],
			"sum":	{
				"start":	0,
				"end":	1.000018,
				"seconds":	1.0000180006027222,
				"bytes":	935656320,
				"bits_per_second":	7485115823.4037333,
				"packets":	974642,
				"omitted":	true,
				"sender":	true
			}
		}, {
			"streams":	[{
					"socket":	5,
					"start":	1,
					"end":	1.000001,
					"seconds":	2.0000009536743164,
					"bytes":	935654400,
					"bits_per_second":	3742615815.38171,
					"packets":	1949303,
					"omitted":	false,
					"sender":	true
				}],
			"sum":	{
				"start":	1,
				"end":	1.000001,
				"seconds":	2.0000009536743164,
				"bytes":	935654400,
				"bits_per_second":	3742615815.38171,
				"packets":	1949303,
				"omitted":	false,
				"sender":	true
			}
		}, {
			"streams":	[{
					"socket":	5,
					"start":	1.000001,
					"end":	2,
					"seconds":	0.99999898672103882,
					"bytes":	935694720,
					"bits_per_second":	7485565344.9658766,
					"packets":	974682,
					"omitted":	false,
					"sender":	true
				}],
			"sum":	{
				"start":	1.000001,
				"end":	2,
				"seconds":	0.99999898672103882,
				"bytes":	935694720,
				"bits_per_second":	7485565344.9658766,
				"packets":	974682,
				"omitted":	false,
				"sender":	true
			}
		}, {
			"streams":	[{
					"socket":	5,
					"start":	2,
					"end":	3.000001,
					"seconds":	1.0000009536743164,
					"bytes":	935694720,
					"bits_per_second":	7485550621.22263,
					"packets":	974685,
					"omitted":	false,
					"sender":	true
				}],
			"sum":	{
				"start":	2,
				"end":	3.000001,
				"seconds":	1.0000009536743164,
				"bytes":	935694720,
				"bits_per_second":	7485550621.22263,
				"packets":	974685,
				"omitted":	false,
				"sender":	true
			}
		}, {
			"streams":	[{
					"socket":	5,
					"start":	3.000001,
					"end":	4.000001,
					"seconds":	1,
					"bytes":	935668800,
					"bits_per_second":	7485350400,
					"packets":	974655,
					"omitted":	false,
					"sender":	true
				}],
			"sum":	{
				"start":	3.000001,
				"end":	4.000001,
				"seconds":	1,
				"bytes":	935668800,
				"bits_per_second":	7485350400,
				"packets":	974655,
				"omitted":	false,
				"sender":	true
			}
		}, {
			"streams":	[{
					"socket":	5,
					"start":	4.000001,
					"end":	5.000084,
					"seconds":	1.0000829696655273,
					"bytes":	935622720,
					"bits_per_second":	7484360785.088975,
					"packets":	974606,
					"omitted":	false,
					"sender":	true
				}],
			"sum":	{
				"start":	4.000001,
				"end":	5.000084,
				"seconds":	1.0000829696655273,
				"bytes":	935622720,
				"bits_per_second":	7484360785.088975,
				"packets":	974606,
				"omitted":	false,
				"sender":	true
			}
		}],
	"end":	{
		"streams":	[{
				"udp":	{
					"socket":	5,
					"start":	0,
					"end":	5.000084,
					"seconds":	5.000084,
					"bytes":	4678338240,
					"bits_per_second":	7485215432.3807354,
					"jitter_ms":	0.000515667113096987,
					"lost_packets":	0,
					"packets":	4873268,
					"lost_percent":	0,
					"out_of_order":	0,
					"sender":	true
				}
			}],
		"sum":	{
			"start":	0,
			"end":	5.000124,
			"seconds":	5.000124,
			"bytes":	4678338240,
			"bits_per_second":	7485215432.3807354,
			"jitter_ms":	0.000515667113096987,
			"lost_packets":	0,
			"packets":	4873268,
			"lost_percent":	0,
			"sender":	true
		},
		"sum_sent":	{
			"start":	0,
			"end":	5.000084,
			"seconds":	5.000084,
			"bytes":	4678338240,
			"bits_per_second":	7485215432.3807354,
			"jitter_ms":	0,
			"lost_packets":	0,
			"packets":	4873268,
			"lost_percent":	0,
			"sender":	true
		},
		"sum_received":	{
			"start":	0,
			"end":	5.000124,
			"seconds":	5.000124,
			"bytes":	4678421760,
			"bits_per_second":	7485289180.8283157,
			"jitter_ms":	0.000515667113096987,
			"lost_packets":	0,
			"packets":	4873356,
			"lost_percent":	0,
			"sender":	false
		},
		"cpu_utilization_percent":	{
			"host_total":	101.28036420619877,
			"host_user":	22.356526670504525,
			"host_system":	78.923823250857453,
			"remote_total":	125.49099521868754,
			"remote_user":	17.567216224748826,
			"remote_system":	107.92377899393873
		}
	}
}
