{
	"start":	{
		"connected":	[{
				"socket":	5,
				"local_host":	"192.168.1.110",
				"local_port":	5201,
				"remote_host":	"192.168.1.100",
				"remote_port":	52652
			}],
		"version":	"iperf 3.16",
		"system_info":	"Linux design-lab 6.14.0-37-generic #37~24.04.1-Ubuntu SMP PREEMPT_DYNAMIC Thu Nov 20 10:25:38 UTC 2 x86_64",
		"target_bitrate":	6360248447,
		"timestamp":	{
			"time":	"Fri, 26 Jun 2026 02:23:38 GMT",
			"timesecs":	1782440618
		},
		"accepted_connection":	{
			"host":	"192.168.1.100",
			"port":	35652
		},
		"cookie":	"b3voarhjj4jxawynaksb3aurooebzt3s42g5",
		"target_bitrate":	6360248447,
		"fq_rate":	0,
		"sock_bufsize":	0,
		"sndbuf_actual":	134217728,
		"rcvbuf_actual":	134217728,
		"test_start":	{
			"protocol":	"UDP",
			"num_streams":	1,
			"blksize":	256,
			"omit":	2,
			"duration":	5,
			"bytes":	0,
			"blocks":	0,
			"reverse":	0,
			"tos":	0,
			"target_bitrate":	6360248447,
			"bidir":	0,
			"fqrate":	0
		}
	},
	"intervals":	[{
			"streams":	[{
					"socket":	5,
					"start":	0,
					"end":	1.000002,
					"seconds":	1.0000020265579224,
					"bytes":	403515136,
					"bits_per_second":	3228114546.0388923,
					"jitter_ms":	0.00048618846268606912,
					"lost_packets":	0,
					"packets":	1576231,
					"lost_percent":	0,
					"omitted":	true,
					"sender":	false
				}],
			"sum":	{
				"start":	0,
				"end":	1.000002,
				"seconds":	1.0000020265579224,
				"bytes":	403515136,
				"bits_per_second":	3228114546.0388923,
				"jitter_ms":	0.00048618846268606912,
				"lost_packets":	0,
				"packets":	1576231,
				"lost_percent":	0,
				"omitted":	true,
				"sender":	false
			}
		}, {
			"streams":	[{
					"socket":	5,
					"start":	1,
					"end":	1,
					"seconds":	2,
					"bytes":	403890432,
					"bits_per_second":	1615561728,
					"jitter_ms":	0.00050750071208452581,
					"lost_packets":	0,
					"packets":	3155487,
					"lost_percent":	0,
					"omitted":	false,
					"sender":	false
				}],
			"sum":	{
				"start":	1,
				"end":	1,
				"seconds":	2,
				"bytes":	403890432,
				"bits_per_second":	1615561728,
				"jitter_ms":	0.00050750071208452581,
				"lost_packets":	0,
				"packets":	3155487,
				"lost_percent":	0,
				"omitted":	false,
				"sender":	false
			}
		}, {
			"streams":	[{
					"socket":	5,
					"start":	1,
					"end":	2,
					"seconds":	1,
					"bytes":	403590656,
					"bits_per_second":	3228725248,
					"jitter_ms":	0.00052695373663991848,
					"lost_packets":	0,
					"packets":	1576527,
					"lost_percent":	0,
					"omitted":	false,
					"sender":	false
				}],
			"sum":	{
				"start":	1,
				"end":	2,
				"seconds":	1,
				"bytes":	403590656,
				"bits_per_second":	3228725248,
				"jitter_ms":	0.00052695373663991848,
				"lost_packets":	0,
				"packets":	1576527,
				"lost_percent":	0,
				"omitted":	false,
				"sender":	false
			}
		}, {
			"streams":	[{
					"socket":	5,
					"start":	2,
					"end":	3,
					"seconds":	1,
					"bytes":	403201792,
					"bits_per_second":	3225614336,
					"jitter_ms":	0.00065979463591330542,
					"lost_packets":	0,
					"packets":	1575007,
					"lost_percent":	0,
					"omitted":	false,
					"sender":	false
				}],
			"sum":	{
				"start":	2,
				"end":	3,
				"seconds":	1,
				"bytes":	403201792,
				"bits_per_second":	3225614336,
				"jitter_ms":	0.00065979463591330542,
				"lost_packets":	0,
				"packets":	1575007,
				"lost_percent":	0,
				"omitted":	false,
				"sender":	false
			}
		}, {
			"streams":	[{
					"socket":	5,
					"start":	3,
					"end":	4.000004,
					"seconds":	1.0000040531158447,
					"bytes":	403468800,
					"bits_per_second":	3227737317.6067352,
					"jitter_ms":	0.00085040372081461,
					"lost_packets":	0,
					"packets":	1576054,
					"lost_percent":	0,
					"omitted":	false,
					"sender":	false
				}],
			"sum":	{
				"start":	3,
				"end":	4.000004,
				"seconds":	1.0000040531158447,
				"bytes":	403468800,
				"bits_per_second":	3227737317.6067352,
				"jitter_ms":	0.00085040372081461,
				"lost_packets":	0,
				"packets":	1576054,
				"lost_percent":	0,
				"omitted":	false,
				"sender":	false
			}
		}, {
			"streams":	[{
					"socket":	5,
					"start":	4.000004,
					"end":	5,
					"seconds":	0.9999960064888,
					"bytes":	403448576,
					"bits_per_second":	3227601497.462729,
					"jitter_ms":	0.0005301209923309207,
					"lost_packets":	0,
					"packets":	1575971,
					"lost_percent":	0,
					"omitted":	false,
					"sender":	false
				}],
			"sum":	{
				"start":	4.000004,
				"end":	5,
				"seconds":	0.9999960064888,
				"bytes":	403448576,
				"bits_per_second":	3227601497.462729,
				"jitter_ms":	0.0005301209923309207,
				"lost_packets":	0,
				"packets":	1575971,
				"lost_percent":	0,
				"omitted":	false,
				"sender":	false
			}
		}, {
			"streams":	[{
					"socket":	5,
					"start":	5,
					"end":	5.00019,
					"seconds":	0.0001900000061141327,
					"bytes":	41472,
					"bits_per_second":	1746189417.4924536,
					"jitter_ms":	0.00056192890580589779,
					"lost_packets":	0,
					"packets":	163,
					"lost_percent":	0,
					"omitted":	false,
					"sender":	false
				}],
			"sum":	{
				"start":	5,
				"end":	5.00019,
				"seconds":	0.0001900000061141327,
				"bytes":	41472,
				"bits_per_second":	1746189417.4924536,
				"jitter_ms":	0.00056192890580589779,
				"lost_packets":	0,
				"packets":	163,
				"lost_percent":	0,
				"omitted":	false,
				"sender":	false
			}
		}],
	"end":	{
		"streams":	[{
				"udp":	{
					"socket":	5,
					"start":	0,
					"end":	5.00019,
					"seconds":	5.00019,
					"bytes":	0,
					"bits_per_second":	0,
					"jitter_ms":	0.00056192890580589779,
					"lost_packets":	0,
					"packets":	7881420,
					"lost_percent":	0,
					"out_of_order":	0,
					"sender":	false
				}
			}],
		"sum":	{
			"start":	0,
			"end":	5.00019,
			"seconds":	5.00019,
			"bytes":	0,
			"bits_per_second":	0,
			"jitter_ms":	0.00056192890580589779,
			"lost_packets":	0,
			"packets":	7881420,
			"lost_percent":	0,
			"sender":	false
		},
		"sum_sent":	{
			"start":	0,
			"end":	5.00019,
			"seconds":	5.00019,
			"bytes":	0,
			"bits_per_second":	0,
			"jitter_ms":	0,
			"lost_packets":	0,
			"packets":	0,
			"lost_percent":	0,
			"sender":	true
		},
		"sum_received":	{
			"start":	0,
			"end":	5.00019,
			"seconds":	5.00019,
			"bytes":	2017643520,
			"bits_per_second":	3228106963.93537,
			"jitter_ms":	0.00056192890580589779,
			"lost_packets":	0,
			"packets":	7881420,
			"lost_percent":	0,
			"sender":	false
		},
		"cpu_utilization_percent":	{
			"host_total":	193.71185198825006,
			"host_user":	27.337429310958356,
			"host_system":	166.3744226772917,
			"remote_total":	0,
			"remote_user":	0,
			"remote_system":	0
		}
	}
}
