{
	"start":	{
		"connected":	[{
				"socket":	5,
				"local_host":	"192.168.1.100",
				"local_port":	32809,
				"remote_host":	"192.168.1.110",
				"remote_port":	5201
			}],
		"version":	"iperf 3.16",
		"system_info":	"Linux design-lab 6.14.0-37-generic #37~24.04.1-Ubuntu SMP PREEMPT_DYNAMIC Thu Nov 20 10:25:38 UTC 2 x86_64",
		"timestamp":	{
			"time":	"Fri, 26 Jun 2026 02:28:23 GMT",
			"timesecs":	1782440903
		},
		"connecting_to":	{
			"host":	"192.168.1.110",
			"port":	5201
		},
		"cookie":	"fyskonrghojmffx2ur64jzgngzesrtecsisk",
		"target_bitrate":	7625531915,
		"fq_rate":	0,
		"sock_bufsize":	0,
		"sndbuf_actual":	134217728,
		"rcvbuf_actual":	134217728,
		"test_start":	{
			"protocol":	"UDP",
			"num_streams":	1,
			"blksize":	1344,
			"omit":	2,
			"duration":	5,
			"bytes":	0,
			"blocks":	0,
			"reverse":	0,
			"tos":	0,
			"target_bitrate":	7625531915,
			"bidir":	0,
			"fqrate":	0
		}
	},
	"intervals":	[{
			"streams":	[{
					"socket":	5,
					"start":	0,
					"end":	1.000015,
					"seconds":	1.0000150203704834,
					"bytes":	953201088,
					"bits_per_second":	7625494166.2525043,
					"packets":	709227,
					"omitted":	true,
					"sender":	true
				}],
			"sum":	{
				"start":	0,
				"end":	1.000015,
				"seconds":	1.0000150203704834,
				"bytes":	953201088,
				"bits_per_second":	7625494166.2525043,
				"packets":	709227,
				"omitted":	true,
				"sender":	true
			}
		}, {
			"streams":	[{
					"socket":	5,
					"start":	1.000001,
					"end":	1.000052,
					"seconds":	2.00005292892456,
					"bytes":	953203776,
					"bits_per_second":	3812714202.5688,
					"packets":	1418444,
					"omitted":	false,
					"sender":	true
				}],
			"sum":	{
				"start":	1.000001,
				"end":	1.000052,
				"seconds":	2.00005292892456,
				"bytes":	953203776,
				"bits_per_second":	3812714202.5688,
				"packets":	1418444,
				"omitted":	false,
				"sender":	true
			}
		}, {
			"streams":	[{
					"socket":	5,
					"start":	1.000052,
					"end":	2.000052,
					"seconds":	1,
					"bytes":	953191680,
					"bits_per_second":	7625533440,
					"packets":	709220,
					"omitted":	false,
					"sender":	true
				}],
			"sum":	{
				"start":	1.000052,
				"end":	2.000052,
				"seconds":	1,
				"bytes":	953191680,
				"bits_per_second":	7625533440,
				"packets":	709220,
				"omitted":	false,
				"sender":	true
			}
		}, {
			"streams":	[{
					"socket":	5,
					"start":	2.000052,
					"end":	3.000052,
					"seconds":	1,
					"bytes":	953194368,
					"bits_per_second":	7625554944,
					"packets":	709222,
					"omitted":	false,
					"sender":	true
				}],
			"sum":	{
				"start":	2.000052,
				"end":	3.000052,
				"seconds":	1,
				"bytes":	953194368,
				"bits_per_second":	7625554944,
				"packets":	709222,
				"omitted":	false,
				"sender":	true
			}
		}, {
			"streams":	[{
					"socket":	5,
					"start":	3.000052,
					"end":	4.000052,
					"seconds":	1,
					"bytes":	953194368,
					"bits_per_second":	7625554944,
					"packets":	709222,
					"omitted":	false,
					"sender":	true
				}],
			"sum":	{
				"start":	3.000052,
				"end":	4.000052,
				"seconds":	1,
				"bytes":	953194368,
				"bits_per_second":	7625554944,
				"packets":	709222,
				"omitted":	false,
				"sender":	true
			}
		}, {
			"streams":	[{
					"socket":	5,
					"start":	4.000052,
					"end":	5.000073,
					"seconds":	1.0000209808349609,
					"bytes":	953179584,
					"bits_per_second":	7625276687.3282919,
					"packets":	709211,
					"omitted":	false,
					"sender":	true
				}],
			"sum":	{
				"start":	4.000052,
				"end":	5.000073,
				"seconds":	1.0000209808349609,
				"bytes":	953179584,
				"bits_per_second":	7625276687.3282919,
				"packets":	709211,
				"omitted":	false,
				"sender":	true
			}
		}],
	"end":	{
		"streams":	[{
				"udp":	{
					"socket":	5,
					"start":	0,
					"end":	5.000073,
					"seconds":	5.000073,
					"bytes":	4765963776,
					"bits_per_second":	7625430710.3116283,
					"jitter_ms":	0.00165731989974618,
					"lost_packets":	0,
					"packets":	3546104,
					"lost_percent":	0,
					"out_of_order":	0,
					"sender":	true
				}
			}],
		"sum":	{
			"start":	0,
			"end":	5.000136,
			"seconds":	5.000136,
			"bytes":	4765963776,
			"bits_per_second":	7625430710.3116283,
			"jitter_ms":	0.00165731989974618,
			"lost_packets":	0,
			"packets":	3546104,
			"lost_percent":	0,
			"sender":	true
		},
		"sum_sent":	{
			"start":	0,
			"end":	5.000073,
			"seconds":	5.000073,
			"bytes":	4765963776,
			"bits_per_second":	7625430710.3116283,
			"jitter_ms":	0,
			"lost_packets":	0,
			"packets":	3546104,
			"lost_percent":	0,
			"sender":	true
		},
		"sum_received":	{
			"start":	0,
			"end":	5.000136,
			"seconds":	5.000136,
			"bytes":	4766049792,
			"bits_per_second":	7625472254.35468,
			"jitter_ms":	0.00165731989974618,
			"lost_packets":	0,
			"packets":	3546168,
			"lost_percent":	0,
			"sender":	false
		},
		"cpu_utilization_percent":	{
			"host_total":	101.34840211335469,
			"host_user":	83.963008579182372,
			"host_system":	17.385379249343682,
			"remote_total":	94.336095225347222,
			"remote_user":	13.164697971601477,
			"remote_system":	81.171397253745738
		}
	}
}
