{
	"start":	{
		"connected":	[{
				"socket":	5,
				"local_host":	"192.168.1.100",
				"local_port":	56547,
				"remote_host":	"192.168.1.110",
				"remote_port":	5201
			}],
		"version":	"iperf 3.16",
		"system_info":	"Linux design-lab 6.14.0-37-generic #37~24.04.1-Ubuntu SMP PREEMPT_DYNAMIC Thu Nov 20 10:25:38 UTC 2 x86_64",
		"timestamp":	{
			"time":	"Fri, 26 Jun 2026 02:28:57 GMT",
			"timesecs":	1782440937
		},
		"connecting_to":	{
			"host":	"192.168.1.110",
			"port":	5201
		},
		"cookie":	"bxpphemvegndcfntkgqdebjyhq5evql6sgfy",
		"target_bitrate":	7656697009,
		"fq_rate":	0,
		"sock_bufsize":	0,
		"sndbuf_actual":	134217728,
		"rcvbuf_actual":	134217728,
		"test_start":	{
			"protocol":	"UDP",
			"num_streams":	1,
			"blksize":	1472,
			"omit":	2,
			"duration":	5,
			"bytes":	0,
			"blocks":	0,
			"reverse":	0,
			"tos":	0,
			"target_bitrate":	7656697009,
			"bidir":	0,
			"fqrate":	0
		}
	},
	"intervals":	[{
			"streams":	[{
					"socket":	5,
					"start":	0,
					"end":	1.000052,
					"seconds":	1.0000519752502441,
					"bytes":	957079680,
					"bits_per_second":	7656239505.0357971,
					"packets":	650190,
					"omitted":	true,
					"sender":	true
				}],
			"sum":	{
				"start":	0,
				"end":	1.000052,
				"seconds":	1.0000519752502441,
				"bytes":	957079680,
				"bits_per_second":	7656239505.0357971,
				"packets":	650190,
				"omitted":	true,
				"sender":	true
			}
		}, {
			"streams":	[{
					"socket":	5,
					"start":	1,
					"end":	1.000001,
					"seconds":	2.0000009536743164,
					"bytes":	957087040,
					"bits_per_second":	3828346334.502213,
					"packets":	1300391,
					"omitted":	false,
					"sender":	true
				}],
			"sum":	{
				"start":	1,
				"end":	1.000001,
				"seconds":	2.0000009536743164,
				"bytes":	957087040,
				"bits_per_second":	3828346334.502213,
				"packets":	1300391,
				"omitted":	false,
				"sender":	true
			}
		}, {
			"streams":	[{
					"socket":	5,
					"start":	1.000001,
					"end":	2,
					"seconds":	0.99999898672103882,
					"bytes":	957088512,
					"bits_per_second":	7656715854.3890867,
					"packets":	650196,
					"omitted":	false,
					"sender":	true
				}],
			"sum":	{
				"start":	1.000001,
				"end":	2,
				"seconds":	0.99999898672103882,
				"bytes":	957088512,
				"bits_per_second":	7656715854.3890867,
				"packets":	650196,
				"omitted":	false,
				"sender":	true
			}
		}, {
			"streams":	[{
					"socket":	5,
					"start":	2,
					"end":	3.000001,
					"seconds":	1.0000009536743164,
					"bytes":	957079680,
					"bits_per_second":	7656630138.0684872,
					"packets":	650195,
					"omitted":	false,
					"sender":	true
				}],
			"sum":	{
				"start":	2,
				"end":	3.000001,
				"seconds":	1.0000009536743164,
				"bytes":	957079680,
				"bits_per_second":	7656630138.0684872,
				"packets":	650195,
				"omitted":	false,
				"sender":	true
			}
		}, {
			"streams":	[{
					"socket":	5,
					"start":	3.000001,
					"end":	4.000001,
					"seconds":	1,
					"bytes":	957085568,
					"bits_per_second":	7656684544,
					"packets":	650195,
					"omitted":	false,
					"sender":	true
				}],
			"sum":	{
				"start":	3.000001,
				"end":	4.000001,
				"seconds":	1,
				"bytes":	957085568,
				"bits_per_second":	7656684544,
				"packets":	650195,
				"omitted":	false,
				"sender":	true
			}
		}, {
			"streams":	[{
					"socket":	5,
					"start":	4.000001,
					"end":	5.000068,
					"seconds":	1.0000669956207275,
					"bytes":	957089984,
					"bits_per_second":	7656206939.66366,
					"packets":	650196,
					"omitted":	false,
					"sender":	true
				}],
			"sum":	{
				"start":	4.000001,
				"end":	5.000068,
				"seconds":	1.0000669956207275,
				"bytes":	957089984,
				"bits_per_second":	7656206939.66366,
				"packets":	650196,
				"omitted":	false,
				"sender":	true
			}
		}],
	"end":	{
		"streams":	[{
				"udp":	{
					"socket":	5,
					"start":	0,
					"end":	5.000068,
					"seconds":	5.000068,
					"bytes":	4785439616,
					"bits_per_second":	7656599255.85012,
					"jitter_ms":	0.0025755560521244164,
					"lost_packets":	0,
					"packets":	3250978,
					"lost_percent":	0,
					"out_of_order":	0,
					"sender":	true
				}
			}],
		"sum":	{
			"start":	0,
			"end":	5.000169,
			"seconds":	5.000169,
			"bytes":	4785439616,
			"bits_per_second":	7656599255.85012,
			"jitter_ms":	0.0025755560521244164,
			"lost_packets":	0,
			"packets":	3250978,
			"lost_percent":	0,
			"sender":	true
		},
		"sum_sent":	{
			"start":	0,
			"end":	5.000068,
			"seconds":	5.000068,
			"bytes":	4785439616,
			"bits_per_second":	7656599255.85012,
			"jitter_ms":	0,
			"lost_packets":	0,
			"packets":	3250978,
			"lost_percent":	0,
			"sender":	true
		},
		"sum_received":	{
			"start":	0,
			"end":	5.000169,
			"seconds":	5.000169,
			"bytes":	4785526464,
			"bits_per_second":	7656583549.8760147,
			"jitter_ms":	0.0025755560521244164,
			"lost_packets":	0,
			"packets":	3251037,
			"lost_percent":	0,
			"sender":	false
		},
		"cpu_utilization_percent":	{
			"host_total":	101.4722074612453,
			"host_user":	14.168138002754112,
			"host_system":	87.3040694584912,
			"remote_total":	84.483168216127041,
			"remote_user":	10.653756139664429,
			"remote_system":	73.8294120764626
		}
	}
}
