{
	"start":	{
		"connected":	[{
				"socket":	5,
				"local_host":	"192.168.1.100",
				"local_port":	45668,
				"remote_host":	"192.168.1.110",
				"remote_port":	5201
			}],
		"version":	"iperf 3.16",
		"system_info":	"Linux design-lab 6.14.0-37-generic #37~24.04.1-Ubuntu SMP PREEMPT_DYNAMIC Thu Nov 20 10:25:38 UTC 2 x86_64",
		"timestamp":	{
			"time":	"Fri, 26 Jun 2026 02:27:16 GMT",
			"timesecs":	1782440836
		},
		"connecting_to":	{
			"host":	"192.168.1.110",
			"port":	5201
		},
		"cookie":	"c5322nuesnvxm5tgv6jbswx6srwoz4chqvup",
		"target_bitrate":	7542461005,
		"fq_rate":	0,
		"sock_bufsize":	0,
		"sndbuf_actual":	134217728,
		"rcvbuf_actual":	134217728,
		"test_start":	{
			"protocol":	"UDP",
			"num_streams":	1,
			"blksize":	1088,
			"omit":	2,
			"duration":	5,
			"bytes":	0,
			"blocks":	0,
			"reverse":	0,
			"tos":	0,
			"target_bitrate":	7542461005,
			"bidir":	0,
			"fqrate":	0
		}
	},
	"intervals":	[{
			"streams":	[{
					"socket":	5,
					"start":	0,
					"end":	1.000053,
					"seconds":	1.00005304813385,
					"bytes":	942787904,
					"bits_per_second":	7541903148.1123142,
					"packets":	866533,
					"omitted":	true,
					"sender":	true
				}],
			"sum":	{
				"start":	0,
				"end":	1.000053,
				"seconds":	1.00005304813385,
				"bytes":	942787904,
				"bits_per_second":	7541903148.1123142,
				"packets":	866533,
				"omitted":	true,
				"sender":	true
			}
		}, {
			"streams":	[{
					"socket":	5,
					"start":	1,
					"end":	1.000052,
					"seconds":	2.0000519752502441,
					"bytes":	942823808,
					"bits_per_second":	3771197227.5401893,
					"packets":	1733174,
					"omitted":	false,
					"sender":	true
				}],
			"sum":	{
				"start":	1,
				"end":	1.000052,
				"seconds":	2.0000519752502441,
				"bytes":	942823808,
				"bits_per_second":	3771197227.5401893,
				"packets":	1733174,
				"omitted":	false,
				"sender":	true
			}
		}, {
			"streams":	[{
					"socket":	5,
					"start":	1.000052,
					"end":	2,
					"seconds":	0.999948024749756,
					"bytes":	942788992,
					"bits_per_second":	7542703969.9263544,
					"packets":	866535,
					"omitted":	false,
					"sender":	true
				}],
			"sum":	{
				"start":	1.000052,
				"end":	2,
				"seconds":	0.999948024749756,
				"bytes":	942788992,
				"bits_per_second":	7542703969.9263544,
				"packets":	866535,
				"omitted":	false,
				"sender":	true
			}
		}, {
			"streams":	[{
					"socket":	5,
					"start":	2,
					"end":	3.000052,
					"seconds":	1.0000519752502441,
					"bytes":	942817280,
					"bits_per_second":	7542146235.0620546,
					"packets":	866562,
					"omitted":	false,
					"sender":	true
				}],
			"sum":	{
				"start":	2,
				"end":	3.000052,
				"seconds":	1.0000519752502441,
				"bytes":	942817280,
				"bits_per_second":	7542146235.0620546,
				"packets":	866562,
				"omitted":	false,
				"sender":	true
			}
		}, {
			"streams":	[{
					"socket":	5,
					"start":	3.000052,
					"end":	4.000052,
					"seconds":	1,
					"bytes":	942811840,
					"bits_per_second":	7542494720,
					"packets":	866555,
					"omitted":	false,
					"sender":	true
				}],
			"sum":	{
				"start":	3.000052,
				"end":	4.000052,
				"seconds":	1,
				"bytes":	942811840,
				"bits_per_second":	7542494720,
				"packets":	866555,
				"omitted":	false,
				"sender":	true
			}
		}, {
			"streams":	[{
					"socket":	5,
					"start":	4.000052,
					"end":	5.000084,
					"seconds":	1.0000319480895996,
					"bytes":	942794432,
					"bits_per_second":	7542114499.8501883,
					"packets":	866539,
					"omitted":	false,
					"sender":	true
				}],
			"sum":	{
				"start":	4.000052,
				"end":	5.000084,
				"seconds":	1.0000319480895996,
				"bytes":	942794432,
				"bits_per_second":	7542114499.8501883,
				"packets":	866539,
				"omitted":	false,
				"sender":	true
			}
		}],
	"end":	{
		"streams":	[{
				"udp":	{
					"socket":	5,
					"start":	0,
					"end":	5.000084,
					"seconds":	5.000084,
					"bytes":	4714039616,
					"bits_per_second":	7542336674.34387,
					"jitter_ms":	0.000524164430964587,
					"lost_packets":	0,
					"packets":	4332757,
					"lost_percent":	0,
					"out_of_order":	0,
					"sender":	true
				}
			}],
		"sum":	{
			"start":	0,
			"end":	5.000196,
			"seconds":	5.000196,
			"bytes":	4714039616,
			"bits_per_second":	7542336674.34387,
			"jitter_ms":	0.000524164430964587,
			"lost_packets":	0,
			"packets":	4332757,
			"lost_percent":	0,
			"sender":	true
		},
		"sum_sent":	{
			"start":	0,
			"end":	5.000084,
			"seconds":	5.000084,
			"bytes":	4714039616,
			"bits_per_second":	7542336674.34387,
			"jitter_ms":	0,
			"lost_packets":	0,
			"packets":	4332757,
			"lost_percent":	0,
			"sender":	true
		},
		"sum_received":	{
			"start":	0,
			"end":	5.000196,
			"seconds":	5.000196,
			"bytes":	4714201728,
			"bits_per_second":	7542427101.6576157,
			"jitter_ms":	0.000524164430964587,
			"lost_packets":	0,
			"packets":	4332906,
			"lost_percent":	0,
			"sender":	false
		},
		"cpu_utilization_percent":	{
			"host_total":	101.25874441537337,
			"host_user":	13.525981405814584,
			"host_system":	87.732748724799549,
			"remote_total":	116.66346676083532,
			"remote_user":	16.551198636154421,
			"remote_system":	100.11226812468091
		}
	}
}
