{
	"start":	{
		"connected":	[{
				"socket":	5,
				"local_host":	"192.168.1.110",
				"local_port":	47156,
				"remote_host":	"192.168.1.100",
				"remote_port":	5201
			}],
		"version":	"iperf 3.16",
		"system_info":	"Linux design-lab 6.14.0-37-generic #37~24.04.1-Ubuntu SMP PREEMPT_DYNAMIC Thu Nov 20 10:25:38 UTC 2 x86_64",
		"timestamp":	{
			"time":	"Fri, 26 Jun 2026 02:23:46 GMT",
			"timesecs":	1782440626
		},
		"connecting_to":	{
			"host":	"192.168.1.100",
			"port":	5201
		},
		"cookie":	"6ubiei7gidhbirnu4tt7qv7j6gqghbpcxiy4",
		"target_bitrate":	6632124352,
		"fq_rate":	0,
		"sock_bufsize":	0,
		"sndbuf_actual":	134217728,
		"rcvbuf_actual":	134217728,
		"test_start":	{
			"protocol":	"UDP",
			"num_streams":	1,
			"blksize":	320,
			"omit":	2,
			"duration":	5,
			"bytes":	0,
			"blocks":	0,
			"reverse":	0,
			"tos":	0,
			"target_bitrate":	6632124352,
			"bidir":	0,
			"fqrate":	0
		}
	},
	"intervals":	[{
			"streams":	[{
					"socket":	5,
					"start":	0,
					"end":	1.000052,
					"seconds":	1.0000519752502441,
					"bytes":	465704960,
					"bits_per_second":	3725446049.0093317,
					"packets":	1455329,
					"omitted":	true,
					"sender":	true
				}],
			"sum":	{
				"start":	0,
				"end":	1.000052,
				"seconds":	1.0000519752502441,
				"bytes":	465704960,
				"bits_per_second":	3725446049.0093317,
				"packets":	1455329,
				"omitted":	true,
				"sender":	true
			}
		}, {
			"streams":	[{
					"socket":	5,
					"start":	1.000052,
					"end":	2.000052,
					"seconds":	1,
					"bytes":	463772160,
					"bits_per_second":	3710177280,
					"packets":	1449289,
					"omitted":	true,
					"sender":	true
				}],
			"sum":	{
				"start":	1.000052,
				"end":	2.000052,
				"seconds":	1,
				"bytes":	463772160,
				"bits_per_second":	3710177280,
				"packets":	1449289,
				"omitted":	true,
				"sender":	true
			}
		}, {
			"streams":	[{
					"socket":	5,
					"start":	1.4e-05,
					"end":	0.999986,
					"seconds":	1,
					"bytes":	463454080,
					"bits_per_second":	3707632640,
					"packets":	1448314,
					"omitted":	false,
					"sender":	true
				}],
			"sum":	{
				"start":	1.4e-05,
				"end":	0.999986,
				"seconds":	1,
				"bytes":	463454080,
				"bits_per_second":	3707632640,
				"packets":	1448314,
				"omitted":	false,
				"sender":	true
			}
		}, {
			"streams":	[{
					"socket":	5,
					"start":	0.999986,
					"end":	1.999986,
					"seconds":	1,
					"bytes":	462515840,
					"bits_per_second":	3700126720,
					"packets":	1445378,
					"omitted":	false,
					"sender":	true
				}],
			"sum":	{
				"start":	0.999986,
				"end":	1.999986,
				"seconds":	1,
				"bytes":	462515840,
				"bits_per_second":	3700126720,
				"packets":	1445378,
				"omitted":	false,
				"sender":	true
			}
		}, {
			"streams":	[{
					"socket":	5,
					"start":	1.999986,
					"end":	2.999987,
					"seconds":	1.0000009536743164,
					"bytes":	461959360,
					"bits_per_second":	3695671355.5331464,
					"packets":	1443624,
					"omitted":	false,
					"sender":	true
				}],
			"sum":	{
				"start":	1.999986,
				"end":	2.999987,
				"seconds":	1.0000009536743164,
				"bytes":	461959360,
				"bits_per_second":	3695671355.5331464,
				"packets":	1443624,
				"omitted":	false,
				"sender":	true
			}
		}, {
			"streams":	[{
					"socket":	5,
					"start":	2.999987,
					"end":	3.999987,
					"seconds":	1,
					"bytes":	461956800,
					"bits_per_second":	3695654400,
					"packets":	1443616,
					"omitted":	false,
					"sender":	true
				}],
			"sum":	{
				"start":	2.999987,
				"end":	3.999987,
				"seconds":	1,
				"bytes":	461956800,
				"bits_per_second":	3695654400,
				"packets":	1443616,
				"omitted":	false,
				"sender":	true
			}
		}, {
			"streams":	[{
					"socket":	5,
					"start":	3.999987,
					"end":	5.000132,
					"seconds":	1.0001449584960938,
					"bytes":	461673920,
					"bits_per_second":	3692856049.1408257,
					"packets":	1442746,
					"omitted":	false,
					"sender":	true
				}],
			"sum":	{
				"start":	3.999987,
				"end":	5.000132,
				"seconds":	1.0001449584960938,
				"bytes":	461673920,
				"bits_per_second":	3692856049.1408257,
				"packets":	1442746,
				"omitted":	false,
				"sender":	true
			}
		}],
	"end":	{
		"streams":	[{
				"udp":	{
					"socket":	5,
					"start":	0,
					"end":	5.000132,
					"seconds":	5.000132,
					"bytes":	2311570880,
					"bits_per_second":	3698415769.8236766,
					"jitter_ms":	0.00042351946422336149,
					"lost_packets":	14551,
					"packets":	7223658,
					"lost_percent":	0.20143533926993776,
					"out_of_order":	0,
					"sender":	true
				}
			}],
		"sum":	{
			"start":	0,
			"end":	5.000268,
			"seconds":	5.000268,
			"bytes":	2311570880,
			"bits_per_second":	3698415769.8236766,
			"jitter_ms":	0.00042351946422336149,
			"lost_packets":	14551,
			"packets":	7223658,
			"lost_percent":	0.20143533926993776,
			"sender":	true
		},
		"sum_sent":	{
			"start":	0,
			"end":	5.000132,
			"seconds":	5.000132,
			"bytes":	2311570880,
			"bits_per_second":	3698415769.8236766,
			"jitter_ms":	0,
			"lost_packets":	0,
			"packets":	7223658,
			"lost_percent":	0,
			"sender":	true
		},
		"sum_received":	{
			"start":	0,
			"end":	5.000268,
			"seconds":	5.000268,
			"bytes":	2307138240,
			"bits_per_second":	3691223334.4292746,
			"jitter_ms":	0.00042351946422336149,
			"lost_packets":	14551,
			"packets":	7224358,
			"lost_percent":	0.20143533926993776,
			"sender":	false
		},
		"cpu_utilization_percent":	{
			"host_total":	101.15679631045657,
			"host_user":	9.61488547813662,
			"host_system":	91.541910832319957,
			"remote_total":	199.64287101986895,
			"remote_user":	27.9247149253629,
			"remote_system":	171.71814180934683
		}
	}
}
