{
	"start":	{
		"connected":	[{
				"socket":	5,
				"local_host":	"192.168.1.110",
				"local_port":	54288,
				"remote_host":	"192.168.1.100",
				"remote_port":	5201
			}],
		"version":	"iperf 3.16",
		"system_info":	"Linux design-lab 6.14.0-37-generic #37~24.04.1-Ubuntu SMP PREEMPT_DYNAMIC Thu Nov 20 10:25:38 UTC 2 x86_64",
		"timestamp":	{
			"time":	"Fri, 26 Jun 2026 02:26:17 GMT",
			"timesecs":	1782440777
		},
		"connecting_to":	{
			"host":	"192.168.1.100",
			"port":	5201
		},
		"cookie":	"l6rzh3vpbgndyd7sfyknmq4suuubqahlf347",
		"target_bitrate":	7451143451,
		"fq_rate":	0,
		"sock_bufsize":	0,
		"sndbuf_actual":	134217728,
		"rcvbuf_actual":	134217728,
		"test_start":	{
			"protocol":	"UDP",
			"num_streams":	1,
			"blksize":	896,
			"omit":	2,
			"duration":	5,
			"bytes":	0,
			"blocks":	0,
			"reverse":	0,
			"tos":	0,
			"target_bitrate":	7451143451,
			"bidir":	0,
			"fqrate":	0
		}
	},
	"intervals":	[{
			"streams":	[{
					"socket":	5,
					"start":	0,
					"end":	1.000053,
					"seconds":	1.00005304813385,
					"bytes":	603864576,
					"bits_per_second":	4830660350.4831429,
					"packets":	673957,
					"omitted":	true,
					"sender":	true
				}],
			"sum":	{
				"start":	0,
				"end":	1.000053,
				"seconds":	1.00005304813385,
				"bytes":	603864576,
				"bits_per_second":	4830660350.4831429,
				"packets":	673957,
				"omitted":	true,
				"sender":	true
			}
		}, {
			"streams":	[{
					"socket":	5,
					"start":	1.000053,
					"end":	2.000053,
					"seconds":	1,
					"bytes":	638374912,
					"bits_per_second":	5106999296,
					"packets":	712474,
					"omitted":	true,
					"sender":	true
				}],
			"sum":	{
				"start":	1.000053,
				"end":	2.000053,
				"seconds":	1,
				"bytes":	638374912,
				"bits_per_second":	5106999296,
				"packets":	712474,
				"omitted":	true,
				"sender":	true
			}
		}, {
			"streams":	[{
					"socket":	5,
					"start":	1e-05,
					"end":	0.999992,
					"seconds":	1.0000020265579224,
					"bytes":	807339008,
					"bits_per_second":	6458698975.0724239,
					"packets":	901056,
					"omitted":	false,
					"sender":	true
				}],
			"sum":	{
				"start":	1e-05,
				"end":	0.999992,
				"seconds":	1.0000020265579224,
				"bytes":	807339008,
				"bits_per_second":	6458698975.0724239,
				"packets":	901056,
				"omitted":	false,
				"sender":	true
			}
		}, {
			"streams":	[{
					"socket":	5,
					"start":	0.999992,
					"end":	1.99999,
					"seconds":	0.99999797344207764,
					"bytes":	930518400,
					"bits_per_second":	7444162286.0260563,
					"packets":	1038530,
					"omitted":	false,
					"sender":	true
				}],
			"sum":	{
				"start":	0.999992,
				"end":	1.99999,
				"seconds":	0.99999797344207764,
				"bytes":	930518400,
				"bits_per_second":	7444162286.0260563,
				"packets":	1038530,
				"omitted":	false,
				"sender":	true
			}
		}, {
			"streams":	[{
					"socket":	5,
					"start":	1.99999,
					"end":	2.999991,
					"seconds":	1.0000009536743164,
					"bytes":	949809280,
					"bits_per_second":	7598466993.5371838,
					"packets":	1060056,
					"omitted":	false,
					"sender":	true
				}],
			"sum":	{
				"start":	1.99999,
				"end":	2.999991,
				"seconds":	1.0000009536743164,
				"bytes":	949809280,
				"bits_per_second":	7598466993.5371838,
				"packets":	1060056,
				"omitted":	false,
				"sender":	true
			}
		}, {
			"streams":	[{
					"socket":	5,
					"start":	2.999991,
					"end":	3.99999,
					"seconds":	0.99999898672103882,
					"bytes":	933678592,
					"bits_per_second":	7469436304.62266,
					"packets":	1042053,
					"omitted":	false,
					"sender":	true
				}],
			"sum":	{
				"start":	2.999991,
				"end":	3.99999,
				"seconds":	0.99999898672103882,
				"bytes":	933678592,
				"bits_per_second":	7469436304.62266,
				"packets":	1042053,
				"omitted":	false,
				"sender":	true
			}
		}, {
			"streams":	[{
					"socket":	5,
					"start":	3.99999,
					"end":	5.000108,
					"seconds":	1.0001180171966553,
					"bytes":	732199552,
					"bits_per_second":	5856905200.467165,
					"packets":	817192,
					"omitted":	false,
					"sender":	true
				}],
			"sum":	{
				"start":	3.99999,
				"end":	5.000108,
				"seconds":	1.0001180171966553,
				"bytes":	732199552,
				"bits_per_second":	5856905200.467165,
				"packets":	817192,
				"omitted":	false,
				"sender":	true
			}
		}],
	"end":	{
		"streams":	[{
				"udp":	{
					"socket":	5,
					"start":	0,
					"end":	5.000108,
					"seconds":	5.000108,
					"bytes":	4353557376,
					"bits_per_second":	6965541345.9069281,
					"jitter_ms":	0.0016280180481688142,
					"lost_packets":	52945,
					"packets":	4858880,
					"lost_percent":	1.0896544059536355,
					"out_of_order":	0,
					"sender":	true
				}
			}],
		"sum":	{
			"start":	0,
			"end":	5.000237,
			"seconds":	5.000237,
			"bytes":	4353557376,
			"bits_per_second":	6965541345.9069281,
			"jitter_ms":	0.0016280180481688142,
			"lost_packets":	52945,
			"packets":	4858880,
			"lost_percent":	1.0896544059536355,
			"sender":	true
		},
		"sum_sent":	{
			"start":	0,
			"end":	5.000108,
			"seconds":	5.000108,
			"bytes":	4353557376,
			"bits_per_second":	6965541345.9069281,
			"jitter_ms":	0,
			"lost_packets":	0,
			"packets":	4858880,
			"lost_percent":	0,
			"sender":	true
		},
		"sum_received":	{
			"start":	0,
			"end":	5.000237,
			"seconds":	5.000237,
			"bytes":	4306192128,
			"bits_per_second":	6889580838.6682472,
			"jitter_ms":	0.0016280180481688142,
			"lost_packets":	52945,
			"packets":	4858963,
			"lost_percent":	1.0896544059536355,
			"sender":	false
		},
		"cpu_utilization_percent":	{
			"host_total":	101.23287260302152,
			"host_user":	8.4200083422851,
			"host_system":	92.8128642607364,
			"remote_total":	130.02621909356847,
			"remote_user":	16.3581344759224,
			"remote_system":	113.66808461764609
		}
	}
}
