{
	"start":	{
		"connected":	[{
				"socket":	5,
				"local_host":	"192.168.1.110",
				"local_port":	51638,
				"remote_host":	"192.168.1.100",
				"remote_port":	5201
			}],
		"version":	"iperf 3.16",
		"system_info":	"Linux design-lab 6.14.0-37-generic #37~24.04.1-Ubuntu SMP PREEMPT_DYNAMIC Thu Nov 20 10:25:38 UTC 2 x86_64",
		"timestamp":	{
			"time":	"Fri, 26 Jun 2026 02:27:24 GMT",
			"timesecs":	1782440844
		},
		"connecting_to":	{
			"host":	"192.168.1.100",
			"port":	5201
		},
		"cookie":	"6raezjoq62mfrkh7jj5ajqb5og4x4tzeb3eg",
		"target_bitrate":	7566502463,
		"fq_rate":	0,
		"sock_bufsize":	0,
		"sndbuf_actual":	134217728,
		"rcvbuf_actual":	134217728,
		"test_start":	{
			"protocol":	"UDP",
			"num_streams":	1,
			"blksize":	1152,
			"omit":	2,
			"duration":	5,
			"bytes":	0,
			"blocks":	0,
			"reverse":	0,
			"tos":	0,
			"target_bitrate":	7566502463,
			"bidir":	0,
			"fqrate":	0
		}
	},
	"intervals":	[{
			"streams":	[{
					"socket":	5,
					"start":	0,
					"end":	1.000051,
					"seconds":	1.0000510215759277,
					"bytes":	945772416,
					"bits_per_second":	7565793309.3022156,
					"packets":	820983,
					"omitted":	true,
					"sender":	true
				}],
			"sum":	{
				"start":	0,
				"end":	1.000051,
				"seconds":	1.0000510215759277,
				"bytes":	945772416,
				"bits_per_second":	7565793309.3022156,
				"packets":	820983,
				"omitted":	true,
				"sender":	true
			}
		}, {
			"streams":	[{
					"socket":	5,
					"start":	1.000051,
					"end":	2.000052,
					"seconds":	1.0000009536743164,
					"bytes":	945823104,
					"bits_per_second":	7566577615.9492645,
					"packets":	821027,
					"omitted":	true,
					"sender":	true
				}],
			"sum":	{
				"start":	1.000051,
				"end":	2.000052,
				"seconds":	1.0000009536743164,
				"bytes":	945823104,
				"bits_per_second":	7566577615.9492645,
				"packets":	821027,
				"omitted":	true,
				"sender":	true
			}
		}, {
			"streams":	[{
					"socket":	5,
					"start":	1.2e-05,
					"end":	0.999989,
					"seconds":	1.0000009536743164,
					"bytes":	945818496,
					"bits_per_second":	7566540751.98442,
					"packets":	821024,
					"omitted":	false,
					"sender":	true
				}],
			"sum":	{
				"start":	1.2e-05,
				"end":	0.999989,
				"seconds":	1.0000009536743164,
				"bytes":	945818496,
				"bits_per_second":	7566540751.98442,
				"packets":	821024,
				"omitted":	false,
				"sender":	true
			}
		}, {
			"streams":	[{
					"socket":	5,
					"start":	0.999989,
					"end":	1.999989,
					"seconds":	1,
					"bytes":	945884160,
					"bits_per_second":	7567073280,
					"packets":	821080,
					"omitted":	false,
					"sender":	true
				}],
			"sum":	{
				"start":	0.999989,
				"end":	1.999989,
				"seconds":	1,
				"bytes":	945884160,
				"bits_per_second":	7567073280,
				"packets":	821080,
				"omitted":	false,
				"sender":	true
			}
		}, {
			"streams":	[{
					"socket":	5,
					"start":	1.999989,
					"end":	2.999989,
					"seconds":	1,
					"bytes":	945805824,
					"bits_per_second":	7566446592,
					"packets":	821014,
					"omitted":	false,
					"sender":	true
				}],
			"sum":	{
				"start":	1.999989,
				"end":	2.999989,
				"seconds":	1,
				"bytes":	945805824,
				"bits_per_second":	7566446592,
				"packets":	821014,
				"omitted":	false,
				"sender":	true
			}
		}, {
			"streams":	[{
					"socket":	5,
					"start":	2.999989,
					"end":	3.999988,
					"seconds":	0.99999898672103882,
					"bytes":	945735552,
					"bits_per_second":	7565892082.35927,
					"packets":	820953,
					"omitted":	false,
					"sender":	true
				}],
			"sum":	{
				"start":	2.999989,
				"end":	3.999988,
				"seconds":	0.99999898672103882,
				"bytes":	945735552,
				"bits_per_second":	7565892082.35927,
				"packets":	820953,
				"omitted":	false,
				"sender":	true
			}
		}, {
			"streams":	[{
					"socket":	5,
					"start":	3.999988,
					"end":	5.000108,
					"seconds":	1.0001200437545776,
					"bytes":	945870336,
					"bits_per_second":	7566054430.4188337,
					"packets":	821067,
					"omitted":	false,
					"sender":	true
				}],
			"sum":	{
				"start":	3.999988,
				"end":	5.000108,
				"seconds":	1.0001200437545776,
				"bytes":	945870336,
				"bits_per_second":	7566054430.4188337,
				"packets":	821067,
				"omitted":	false,
				"sender":	true
			}
		}],
	"end":	{
		"streams":	[{
				"udp":	{
					"socket":	5,
					"start":	0,
					"end":	5.000108,
					"seconds":	5.000108,
					"bytes":	4729118976,
					"bits_per_second":	7566426926.77838,
					"jitter_ms":	0.00046410166214930427,
					"lost_packets":	0,
					"packets":	4105138,
					"lost_percent":	0,
					"out_of_order":	0,
					"sender":	true
				}
			}],
		"sum":	{
			"start":	0,
			"end":	5.000229,
			"seconds":	5.000229,
			"bytes":	4729118976,
			"bits_per_second":	7566426926.77838,
			"jitter_ms":	0.00046410166214930427,
			"lost_packets":	0,
			"packets":	4105138,
			"lost_percent":	0,
			"sender":	true
		},
		"sum_sent":	{
			"start":	0,
			"end":	5.000108,
			"seconds":	5.000108,
			"bytes":	4729118976,
			"bits_per_second":	7566426926.77838,
			"jitter_ms":	0,
			"lost_packets":	0,
			"packets":	4105138,
			"lost_percent":	0,
			"sender":	true
		},
		"sum_received":	{
			"start":	0,
			"end":	5.000229,
			"seconds":	5.000229,
			"bytes":	4729198464,
			"bits_per_second":	7566371002.60808,
			"jitter_ms":	0.00046410166214930427,
			"lost_packets":	0,
			"packets":	4105207,
			"lost_percent":	0,
			"sender":	false
		},
		"cpu_utilization_percent":	{
			"host_total":	101.44956312549792,
			"host_user":	24.666657048337672,
			"host_system":	76.7828775078662,
			"remote_total":	126.11972312358084,
			"remote_user":	15.916908503785946,
			"remote_system":	110.20282890502962
		}
	}
}
