{
	"start":	{
		"connected":	[{
				"socket":	5,
				"local_host":	"192.168.1.100",
				"local_port":	5201,
				"remote_host":	"192.168.1.110",
				"remote_port":	40569
			}],
		"version":	"iperf 3.16",
		"system_info":	"Linux design-lab 6.14.0-37-generic #37~24.04.1-Ubuntu SMP PREEMPT_DYNAMIC Thu Nov 20 10:25:38 UTC 2 x86_64",
		"target_bitrate":	7177570093,
		"timestamp":	{
			"time":	"Fri, 26 Jun 2026 02:24:53 GMT",
			"timesecs":	1782440693
		},
		"accepted_connection":	{
			"host":	"192.168.1.110",
			"port":	45598
		},
		"cookie":	"dd5byncb7ecabcnofsz2enjts7ojkjwrsupm",
		"target_bitrate":	7177570093,
		"fq_rate":	0,
		"sock_bufsize":	0,
		"sndbuf_actual":	134217728,
		"rcvbuf_actual":	134217728,
		"test_start":	{
			"protocol":	"UDP",
			"num_streams":	1,
			"blksize":	576,
			"omit":	2,
			"duration":	5,
			"bytes":	0,
			"blocks":	0,
			"reverse":	0,
			"tos":	0,
			"target_bitrate":	7177570093,
			"bidir":	0,
			"fqrate":	0
		}
	},
	"intervals":	[{
			"streams":	[{
					"socket":	5,
					"start":	0,
					"end":	1,
					"seconds":	1,
					"bytes":	818668224,
					"bits_per_second":	6549345792,
					"jitter_ms":	0.00020866143296142183,
					"lost_packets":	6221,
					"packets":	1427520,
					"lost_percent":	0.43579074198610179,
					"omitted":	true,
					"sender":	false
				}],
			"sum":	{
				"start":	0,
				"end":	1,
				"seconds":	1,
				"bytes":	818668224,
				"bits_per_second":	6549345792,
				"jitter_ms":	0.00020866143296142183,
				"lost_packets":	6221,
				"packets":	1427520,
				"lost_percent":	0.43579074198610179,
				"omitted":	true,
				"sender":	false
			}
		}, {
			"streams":	[{
					"socket":	5,
					"start":	1,
					"end":	2,
					"seconds":	1,
					"bytes":	822587904,
					"bits_per_second":	6580703232,
					"jitter_ms":	0.00038303825694919287,
					"lost_packets":	12228,
					"packets":	1440332,
					"lost_percent":	0.84897093170185767,
					"omitted":	true,
					"sender":	false
				}],
			"sum":	{
				"start":	1,
				"end":	2,
				"seconds":	1,
				"bytes":	822587904,
				"bits_per_second":	6580703232,
				"jitter_ms":	0.00038303825694919287,
				"lost_packets":	12228,
				"packets":	1440332,
				"lost_percent":	0.84897093170185767,
				"omitted":	true,
				"sender":	false
			}
		}, {
			"streams":	[{
					"socket":	5,
					"start":	1.2e-05,
					"end":	1,
					"seconds":	1.0000120401382446,
					"bytes":	824010048,
					"bits_per_second":	6592001015.3964663,
					"jitter_ms":	0.00043106348341325038,
					"lost_packets":	16839,
					"packets":	1447432,
					"lost_percent":	1.16337071447916,
					"omitted":	false,
					"sender":	false
				}],
			"sum":	{
				"start":	1.2e-05,
				"end":	1,
				"seconds":	1.0000120401382446,
				"bytes":	824010048,
				"bits_per_second":	6592001015.3964663,
				"jitter_ms":	0.00043106348341325038,
				"lost_packets":	16839,
				"packets":	1447432,
				"lost_percent":	1.16337071447916,
				"omitted":	false,
				"sender":	false
			}
		}, {
			"streams":	[{
					"socket":	5,
					"start":	1,
					"end":	2,
					"seconds":	1,
					"bytes":	826872192,
					"bits_per_second":	6614977536,
					"jitter_ms":	0.00014582073683665,
					"lost_packets":	11512,
					"packets":	1447056,
					"lost_percent":	0.795546267732555,
					"omitted":	false,
					"sender":	false
				}],
			"sum":	{
				"start":	1,
				"end":	2,
				"seconds":	1,
				"bytes":	826872192,
				"bits_per_second":	6614977536,
				"jitter_ms":	0.00014582073683665,
				"lost_packets":	11512,
				"packets":	1447056,
				"lost_percent":	0.795546267732555,
				"omitted":	false,
				"sender":	false
			}
		}, {
			"streams":	[{
					"socket":	5,
					"start":	2,
					"end":	3,
					"seconds":	1,
					"bytes":	826501248,
					"bits_per_second":	6612009984,
					"jitter_ms":	0.000495233312248501,
					"lost_packets":	11884,
					"packets":	1446790,
					"lost_percent":	0.82140462679449,
					"omitted":	false,
					"sender":	false
				}],
			"sum":	{
				"start":	2,
				"end":	3,
				"seconds":	1,
				"bytes":	826501248,
				"bits_per_second":	6612009984,
				"jitter_ms":	0.000495233312248501,
				"lost_packets":	11884,
				"packets":	1446790,
				"lost_percent":	0.82140462679449,
				"omitted":	false,
				"sender":	false
			}
		}, {
			"streams":	[{
					"socket":	5,
					"start":	3,
					"end":	4,
					"seconds":	1,
					"bytes":	826100352,
					"bits_per_second":	6608802816,
					"jitter_ms":	0.000559635988271986,
					"lost_packets":	11639,
					"packets":	1445842,
					"lost_percent":	0.8049980564957997,
					"omitted":	false,
					"sender":	false
				}],
			"sum":	{
				"start":	3,
				"end":	4,
				"seconds":	1,
				"bytes":	826100352,
				"bits_per_second":	6608802816,
				"jitter_ms":	0.000559635988271986,
				"lost_packets":	11639,
				"packets":	1445842,
				"lost_percent":	0.8049980564957997,
				"omitted":	false,
				"sender":	false
			}
		}, {
			"streams":	[{
					"socket":	5,
					"start":	4,
					"end":	5,
					"seconds":	1,
					"bytes":	827535744,
					"bits_per_second":	6620285952,
					"jitter_ms":	0.00047868749951128216,
					"lost_packets":	10158,
					"packets":	1446853,
					"lost_percent":	0.70207547000282677,
					"omitted":	false,
					"sender":	false
				}],
			"sum":	{
				"start":	4,
				"end":	5,
				"seconds":	1,
				"bytes":	827535744,
				"bits_per_second":	6620285952,
				"jitter_ms":	0.00047868749951128216,
				"lost_packets":	10158,
				"packets":	1446853,
				"lost_percent":	0.70207547000282677,
				"omitted":	false,
				"sender":	false
			}
		}, {
			"streams":	[{
					"socket":	5,
					"start":	5,
					"end":	5.000246,
					"seconds":	0.0002460000105202198,
					"bytes":	193536,
					"bits_per_second":	6293853389.3791828,
					"jitter_ms":	0.00056634681500255255,
					"lost_packets":	0,
					"packets":	337,
					"lost_percent":	0,
					"omitted":	false,
					"sender":	false
				}],
			"sum":	{
				"start":	5,
				"end":	5.000246,
				"seconds":	0.0002460000105202198,
				"bytes":	193536,
				"bits_per_second":	6293853389.3791828,
				"jitter_ms":	0.00056634681500255255,
				"lost_packets":	0,
				"packets":	337,
				"lost_percent":	0,
				"omitted":	false,
				"sender":	false
			}
		}],
	"end":	{
		"streams":	[{
				"udp":	{
					"socket":	5,
					"start":	0,
					"end":	5.000246,
					"seconds":	5.000246,
					"bytes":	0,
					"bits_per_second":	0,
					"jitter_ms":	0.00056634681500255255,
					"lost_packets":	62032,
					"packets":	7234290,
					"lost_percent":	0,
					"out_of_order":	0,
					"sender":	false
				}
			}],
		"sum":	{
			"start":	0,
			"end":	5.000246,
			"seconds":	5.000246,
			"bytes":	0,
			"bits_per_second":	0,
			"jitter_ms":	0.00056634681500255255,
			"lost_packets":	62032,
			"packets":	7234290,
			"lost_percent":	0.85747184588950676,
			"sender":	false
		},
		"sum_sent":	{
			"start":	0,
			"end":	5.000246,
			"seconds":	5.000246,
			"bytes":	0,
			"bits_per_second":	0,
			"jitter_ms":	0,
			"lost_packets":	0,
			"packets":	0,
			"lost_percent":	0,
			"sender":	true
		},
		"sum_received":	{
			"start":	0,
			"end":	5.000246,
			"seconds":	5.000246,
			"bytes":	4131220608,
			"bits_per_second":	6609627779.1132679,
			"jitter_ms":	0.00056634681500255255,
			"lost_packets":	62032,
			"packets":	7234290,
			"lost_percent":	0.85747184588950676,
			"sender":	false
		},
		"cpu_utilization_percent":	{
			"host_total":	199.98428630691643,
			"host_user":	26.882671853518669,
			"host_system":	173.10158588304668,
			"remote_total":	0,
			"remote_user":	0,
			"remote_system":	0
		}
	}
}
