{
	"start":	{
		"connected":	[{
				"socket":	5,
				"local_host":	"192.168.1.110",
				"local_port":	33989,
				"remote_host":	"192.168.1.100",
				"remote_port":	5201
			}],
		"version":	"iperf 3.16",
		"system_info":	"Linux design-lab 6.14.0-37-generic #37~24.04.1-Ubuntu SMP PREEMPT_DYNAMIC Thu Nov 20 10:25:38 UTC 2 x86_64",
		"timestamp":	{
			"time":	"Fri, 26 Jun 2026 02:26:00 GMT",
			"timesecs":	1782440760
		},
		"connecting_to":	{
			"host":	"192.168.1.100",
			"port":	5201
		},
		"cookie":	"tvxgw2jclcn32o5j5znhszzt3s6ntjpnpu5q",
		"target_bitrate":	7412026726,
		"fq_rate":	0,
		"sock_bufsize":	0,
		"sndbuf_actual":	134217728,
		"rcvbuf_actual":	134217728,
		"test_start":	{
			"protocol":	"UDP",
			"num_streams":	1,
			"blksize":	832,
			"omit":	2,
			"duration":	5,
			"bytes":	0,
			"blocks":	0,
			"reverse":	0,
			"tos":	0,
			"target_bitrate":	7412026726,
			"bidir":	0,
			"fqrate":	0
		}
	},
	"intervals":	[{
			"streams":	[{
					"socket":	5,
					"start":	0,
					"end":	1.000052,
					"seconds":	1.0000519752502441,
					"bytes":	926549312,
					"bits_per_second":	7412009254.96416,
					"packets":	1113642,
					"omitted":	true,
					"sender":	true
				}],
			"sum":	{
				"start":	0,
				"end":	1.000052,
				"seconds":	1.0000519752502441,
				"bytes":	926549312,
				"bits_per_second":	7412009254.96416,
				"packets":	1113642,
				"omitted":	true,
				"sender":	true
			}
		}, {
			"streams":	[{
					"socket":	5,
					"start":	1.000052,
					"end":	2.000052,
					"seconds":	1,
					"bytes":	926458624,
					"bits_per_second":	7411668992,
					"packets":	1113532,
					"omitted":	true,
					"sender":	true
				}],
			"sum":	{
				"start":	1.000052,
				"end":	2.000052,
				"seconds":	1,
				"bytes":	926458624,
				"bits_per_second":	7411668992,
				"packets":	1113532,
				"omitted":	true,
				"sender":	true
			}
		}, {
			"streams":	[{
					"socket":	5,
					"start":	7e-06,
					"end":	0.999994,
					"seconds":	1.0000009536743164,
					"bytes":	926464448,
					"bits_per_second":	7411708515.6439476,
					"packets":	1113540,
					"omitted":	false,
					"sender":	true
				}],
			"sum":	{
				"start":	7e-06,
				"end":	0.999994,
				"seconds":	1.0000009536743164,
				"bytes":	926464448,
				"bits_per_second":	7411708515.6439476,
				"packets":	1113540,
				"omitted":	false,
				"sender":	true
			}
		}, {
			"streams":	[{
					"socket":	5,
					"start":	0.999994,
					"end":	1.999994,
					"seconds":	1,
					"bytes":	926580928,
					"bits_per_second":	7412647424,
					"packets":	1113683,
					"omitted":	false,
					"sender":	true
				}],
			"sum":	{
				"start":	0.999994,
				"end":	1.999994,
				"seconds":	1,
				"bytes":	926580928,
				"bits_per_second":	7412647424,
				"packets":	1113683,
				"omitted":	false,
				"sender":	true
			}
		}, {
			"streams":	[{
					"socket":	5,
					"start":	1.999994,
					"end":	2.999993,
					"seconds":	0.99999898672103882,
					"bytes":	926459456,
					"bits_per_second":	7411683158.10261,
					"packets":	1113533,
					"omitted":	false,
					"sender":	true
				}],
			"sum":	{
				"start":	1.999994,
				"end":	2.999993,
				"seconds":	0.99999898672103882,
				"bytes":	926459456,
				"bits_per_second":	7411683158.10261,
				"packets":	1113533,
				"omitted":	false,
				"sender":	true
			}
		}, {
			"streams":	[{
					"socket":	5,
					"start":	2.999993,
					"end":	3.999993,
					"seconds":	1,
					"bytes":	926534336,
					"bits_per_second":	7412274688,
					"packets":	1113623,
					"omitted":	false,
					"sender":	true
				}],
			"sum":	{
				"start":	2.999993,
				"end":	3.999993,
				"seconds":	1,
				"bytes":	926534336,
				"bits_per_second":	7412274688,
				"packets":	1113623,
				"omitted":	false,
				"sender":	true
			}
		}, {
			"streams":	[{
					"socket":	5,
					"start":	3.999993,
					"end":	5.000122,
					"seconds":	1.0001289844512939,
					"bytes":	926456960,
					"bits_per_second":	7410699814.9506645,
					"packets":	1113535,
					"omitted":	false,
					"sender":	true
				}],
			"sum":	{
				"start":	3.999993,
				"end":	5.000122,
				"seconds":	1.0001289844512939,
				"bytes":	926456960,
				"bits_per_second":	7410699814.9506645,
				"packets":	1113535,
				"omitted":	false,
				"sender":	true
			}
		}],
	"end":	{
		"streams":	[{
				"udp":	{
					"socket":	5,
					"start":	0,
					"end":	5.000122,
					"seconds":	5.000122,
					"bytes":	4632504448,
					"bits_per_second":	7411826268.2390547,
					"jitter_ms":	0.00048685673418981282,
					"lost_packets":	0,
					"packets":	5567914,
					"lost_percent":	0,
					"out_of_order":	0,
					"sender":	true
				}
			}],
		"sum":	{
			"start":	0,
			"end":	5.000235,
			"seconds":	5.000235,
			"bytes":	4632504448,
			"bits_per_second":	7411826268.2390547,
			"jitter_ms":	0.00048685673418981282,
			"lost_packets":	0,
			"packets":	5567914,
			"lost_percent":	0,
			"sender":	true
		},
		"sum_sent":	{
			"start":	0,
			"end":	5.000122,
			"seconds":	5.000122,
			"bytes":	4632504448,
			"bits_per_second":	7411826268.2390547,
			"jitter_ms":	0,
			"lost_packets":	0,
			"packets":	5567914,
			"lost_percent":	0,
			"sender":	true
		},
		"sum_received":	{
			"start":	0,
			"end":	5.000235,
			"seconds":	5.000235,
			"bytes":	4632624256,
			"bits_per_second":	7411850452.628726,
			"jitter_ms":	0.00048685673418981282,
			"lost_packets":	0,
			"packets":	5568058,
			"lost_percent":	0,
			"sender":	false
		},
		"cpu_utilization_percent":	{
			"host_total":	101.17384187482152,
			"host_user":	17.139905524120575,
			"host_system":	84.033936350700955,
			"remote_total":	191.00247976822547,
			"remote_user":	23.319949527524084,
			"remote_system":	167.6825159554993
		}
	}
}
