{
	"start":	{
		"connected":	[{
				"socket":	5,
				"local_host":	"192.168.1.110",
				"local_port":	50889,
				"remote_host":	"192.168.1.100",
				"remote_port":	5201
			}],
		"version":	"iperf 3.16",
		"system_info":	"Linux design-lab 6.14.0-37-generic #37~24.04.1-Ubuntu SMP PREEMPT_DYNAMIC Thu Nov 20 10:25:38 UTC 2 x86_64",
		"timestamp":	{
			"time":	"Fri, 26 Jun 2026 02:25:27 GMT",
			"timesecs":	1782440727
		},
		"connecting_to":	{
			"host":	"192.168.1.100",
			"port":	5201
		},
		"cookie":	"qd5c5x4pj3mn7jsw2nzsrnxyycley335frlv",
		"target_bitrate":	7314285714,
		"fq_rate":	0,
		"sock_bufsize":	0,
		"sndbuf_actual":	134217728,
		"rcvbuf_actual":	134217728,
		"test_start":	{
			"protocol":	"UDP",
			"num_streams":	1,
			"blksize":	704,
			"omit":	2,
			"duration":	5,
			"bytes":	0,
			"blocks":	0,
			"reverse":	0,
			"tos":	0,
			"target_bitrate":	7314285714,
			"bidir":	0,
			"fqrate":	0
		}
	},
	"intervals":	[{
			"streams":	[{
					"socket":	5,
					"start":	0,
					"end":	1.000053,
					"seconds":	1.00005304813385,
					"bytes":	914278464,
					"bits_per_second":	7313839726.4512329,
					"packets":	1298692,
					"omitted":	true,
					"sender":	true
				}],
			"sum":	{
				"start":	0,
				"end":	1.000053,
				"seconds":	1.00005304813385,
				"bytes":	914278464,
				"bits_per_second":	7313839726.4512329,
				"packets":	1298692,
				"omitted":	true,
				"sender":	true
			}
		}, {
			"streams":	[{
					"socket":	5,
					"start":	1,
					"end":	1.000001,
					"seconds":	2.0000009536743164,
					"bytes":	914292544,
					"bits_per_second":	3657168432.1261978,
					"packets":	2597448,
					"omitted":	false,
					"sender":	true
				}],
			"sum":	{
				"start":	1,
				"end":	1.000001,
				"seconds":	2.0000009536743164,
				"bytes":	914292544,
				"bits_per_second":	3657168432.1261978,
				"packets":	2597448,
				"omitted":	false,
				"sender":	true
			}
		}, {
			"streams":	[{
					"socket":	5,
					"start":	1.000001,
					"end":	2.000001,
					"seconds":	1,
					"bytes":	914262976,
					"bits_per_second":	7314103808,
					"packets":	1298670,
					"omitted":	false,
					"sender":	true
				}],
			"sum":	{
				"start":	1.000001,
				"end":	2.000001,
				"seconds":	1,
				"bytes":	914262976,
				"bits_per_second":	7314103808,
				"packets":	1298670,
				"omitted":	false,
				"sender":	true
			}
		}, {
			"streams":	[{
					"socket":	5,
					"start":	2.000001,
					"end":	3.000002,
					"seconds":	1.0000009536743164,
					"bytes":	914269312,
					"bits_per_second":	7314147520.6853628,
					"packets":	1298682,
					"omitted":	false,
					"sender":	true
				}],
			"sum":	{
				"start":	2.000001,
				"end":	3.000002,
				"seconds":	1.0000009536743164,
				"bytes":	914269312,
				"bits_per_second":	7314147520.6853628,
				"packets":	1298682,
				"omitted":	false,
				"sender":	true
			}
		}, {
			"streams":	[{
					"socket":	5,
					"start":	3.000002,
					"end":	4.000001,
					"seconds":	0.99999898672103882,
					"bytes":	914329152,
					"bits_per_second":	7314640627.7714567,
					"packets":	1298764,
					"omitted":	false,
					"sender":	true
				}],
			"sum":	{
				"start":	3.000002,
				"end":	4.000001,
				"seconds":	0.99999898672103882,
				"bytes":	914329152,
				"bits_per_second":	7314640627.7714567,
				"packets":	1298764,
				"omitted":	false,
				"sender":	true
			}
		}, {
			"streams":	[{
					"socket":	5,
					"start":	4.000001,
					"end":	5.000134,
					"seconds":	1.0001330375671387,
					"bytes":	914243968,
					"bits_per_second":	7312978843.08618,
					"packets":	1298643,
					"omitted":	false,
					"sender":	true
				}],
			"sum":	{
				"start":	4.000001,
				"end":	5.000134,
				"seconds":	1.0001330375671387,
				"bytes":	914243968,
				"bits_per_second":	7312978843.08618,
				"packets":	1298643,
				"omitted":	false,
				"sender":	true
			}
		}],
	"end":	{
		"streams":	[{
				"udp":	{
					"socket":	5,
					"start":	0,
					"end":	5.000134,
					"seconds":	5.000134,
					"bytes":	4571403584,
					"bits_per_second":	7314049717.86756,
					"jitter_ms":	0.00026158369860168932,
					"lost_packets":	4306194,
					"packets":	6493470,
					"lost_percent":	66.315760294572854,
					"out_of_order":	0,
					"sender":	true
				}
			}],
		"sum":	{
			"start":	0,
			"end":	5.000259,
			"seconds":	5.000259,
			"bytes":	4571403584,
			"bits_per_second":	7314049717.86756,
			"jitter_ms":	0.00026158369860168932,
			"lost_packets":	4306194,
			"packets":	6493470,
			"lost_percent":	66.315760294572854,
			"sender":	true
		},
		"sum_sent":	{
			"start":	0,
			"end":	5.000134,
			"seconds":	5.000134,
			"bytes":	4571403584,
			"bits_per_second":	7314049717.86756,
			"jitter_ms":	0,
			"lost_packets":	0,
			"packets":	6493470,
			"lost_percent":	0,
			"sender":	true
		},
		"sum_received":	{
			"start":	0,
			"end":	5.000259,
			"seconds":	5.000259,
			"bytes":	1483791936,
			"bits_per_second":	2373944127.2942061,
			"jitter_ms":	0.00026158369860168932,
			"lost_packets":	4306194,
			"packets":	6413854,
			"lost_percent":	66.315760294572854,
			"sender":	false
		},
		"cpu_utilization_percent":	{
			"host_total":	101.61427179281918,
			"host_user":	17.250611171154492,
			"host_system":	84.3636606216647,
			"remote_total":	197.21871085423882,
			"remote_user":	18.674027135204181,
			"remote_system":	178.54466943388971
		}
	}
}
