{
	"start":	{
		"connected":	[{
				"socket":	5,
				"local_host":	"192.168.1.110",
				"local_port":	36848,
				"remote_host":	"192.168.1.100",
				"remote_port":	5201
			}],
		"version":	"iperf 3.16",
		"system_info":	"Linux design-lab 6.14.0-37-generic #37~24.04.1-Ubuntu SMP PREEMPT_DYNAMIC Thu Nov 20 10:25:38 UTC 2 x86_64",
		"timestamp":	{
			"time":	"Fri, 26 Jun 2026 02:24:03 GMT",
			"timesecs":	1782440643
		},
		"connecting_to":	{
			"host":	"192.168.1.100",
			"port":	5201
		},
		"cookie":	"2fvzmhrimbxkxis5m4spxquvmlz3l3fjixmf",
		"target_bitrate":	6826666667,
		"fq_rate":	0,
		"sock_bufsize":	0,
		"sndbuf_actual":	134217728,
		"rcvbuf_actual":	134217728,
		"test_start":	{
			"protocol":	"UDP",
			"num_streams":	1,
			"blksize":	384,
			"omit":	2,
			"duration":	5,
			"bytes":	0,
			"blocks":	0,
			"reverse":	0,
			"tos":	0,
			"target_bitrate":	6826666667,
			"bidir":	0,
			"fqrate":	0
		}
	},
	"intervals":	[{
			"streams":	[{
					"socket":	5,
					"start":	0,
					"end":	1.000014,
					"seconds":	1.0000139474868774,
					"bytes":	556945536,
					"bits_per_second":	4455502144.9423,
					"packets":	1450380,
					"omitted":	true,
					"sender":	true
				}],
			"sum":	{
				"start":	0,
				"end":	1.000014,
				"seconds":	1.0000139474868774,
				"bytes":	556945536,
				"bits_per_second":	4455502144.9423,
				"packets":	1450380,
				"omitted":	true,
				"sender":	true
			}
		}, {
			"streams":	[{
					"socket":	5,
					"start":	1.000014,
					"end":	2.000014,
					"seconds":	1,
					"bytes":	553983744,
					"bits_per_second":	4431869952,
					"packets":	1442667,
					"omitted":	true,
					"sender":	true
				}],
			"sum":	{
				"start":	1.000014,
				"end":	2.000014,
				"seconds":	1,
				"bytes":	553983744,
				"bits_per_second":	4431869952,
				"packets":	1442667,
				"omitted":	true,
				"sender":	true
			}
		}, {
			"streams":	[{
					"socket":	5,
					"start":	9e-06,
					"end":	0.999991,
					"seconds":	1,
					"bytes":	553888128,
					"bits_per_second":	4431105024,
					"packets":	1442429,
					"omitted":	false,
					"sender":	true
				}],
			"sum":	{
				"start":	9e-06,
				"end":	0.999991,
				"seconds":	1,
				"bytes":	553888128,
				"bits_per_second":	4431105024,
				"packets":	1442429,
				"omitted":	false,
				"sender":	true
			}
		}, {
			"streams":	[{
					"socket":	5,
					"start":	0.999991,
					"end":	1.999991,
					"seconds":	1,
					"bytes":	554204160,
					"bits_per_second":	4433633280,
					"packets":	1443260,
					"omitted":	false,
					"sender":	true
				}],
			"sum":	{
				"start":	0.999991,
				"end":	1.999991,
				"seconds":	1,
				"bytes":	554204160,
				"bits_per_second":	4433633280,
				"packets":	1443260,
				"omitted":	false,
				"sender":	true
			}
		}, {
			"streams":	[{
					"socket":	5,
					"start":	1.999991,
					"end":	2.999992,
					"seconds":	1.0000009536743164,
					"bytes":	554467968,
					"bits_per_second":	4435739513.74915,
					"packets":	1443930,
					"omitted":	false,
					"sender":	true
				}],
			"sum":	{
				"start":	1.999991,
				"end":	2.999992,
				"seconds":	1.0000009536743164,
				"bytes":	554467968,
				"bits_per_second":	4435739513.74915,
				"packets":	1443930,
				"omitted":	false,
				"sender":	true
			}
		}, {
			"streams":	[{
					"socket":	5,
					"start":	2.999992,
					"end":	3.999991,
					"seconds":	0.99999898672103882,
					"bytes":	554590848,
					"bits_per_second":	4436731279.6464624,
					"packets":	1444248,
					"omitted":	false,
					"sender":	true
				}],
			"sum":	{
				"start":	2.999992,
				"end":	3.999991,
				"seconds":	0.99999898672103882,
				"bytes":	554590848,
				"bits_per_second":	4436731279.6464624,
				"packets":	1444248,
				"omitted":	false,
				"sender":	true
			}
		}, {
			"streams":	[{
					"socket":	5,
					"start":	3.999991,
					"end":	5.000122,
					"seconds":	1.0001310110092163,
					"bytes":	554477952,
					"bits_per_second":	4435242550.3973532,
					"packets":	1443959,
					"omitted":	false,
					"sender":	true
				}],
			"sum":	{
				"start":	3.999991,
				"end":	5.000122,
				"seconds":	1.0001310110092163,
				"bytes":	554477952,
				"bits_per_second":	4435242550.3973532,
				"packets":	1443959,
				"omitted":	false,
				"sender":	true
			}
		}],
	"end":	{
		"streams":	[{
				"udp":	{
					"socket":	5,
					"start":	0,
					"end":	5.000122,
					"seconds":	5.000122,
					"bytes":	2771640960,
					"bits_per_second":	4434517333.7770557,
					"jitter_ms":	0.00036871549892324076,
					"lost_packets":	29368,
					"packets":	7217814,
					"lost_percent":	0.40688219452593266,
					"out_of_order":	0,
					"sender":	true
				}
			}],
		"sum":	{
			"start":	0,
			"end":	5.00018,
			"seconds":	5.00018,
			"bytes":	2771640960,
			"bits_per_second":	4434517333.7770557,
			"jitter_ms":	0.00036871549892324076,
			"lost_packets":	29368,
			"packets":	7217814,
			"lost_percent":	0.40688219452593266,
			"sender":	true
		},
		"sum_sent":	{
			"start":	0,
			"end":	5.000122,
			"seconds":	5.000122,
			"bytes":	2771640960,
			"bits_per_second":	4434517333.7770557,
			"jitter_ms":	0,
			"lost_packets":	0,
			"packets":	7217814,
			"lost_percent":	0,
			"sender":	true
		},
		"sum_received":	{
			"start":	0,
			"end":	5.00018,
			"seconds":	5.00018,
			"bytes":	2766137856,
			"bits_per_second":	4425661245.79515,
			"jitter_ms":	0.00036871549892324076,
			"lost_packets":	29368,
			"packets":	7232852,
			"lost_percent":	0.40688219452593266,
			"sender":	false
		},
		"cpu_utilization_percent":	{
			"host_total":	102.14382105483743,
			"host_user":	12.139562782096284,
			"host_system":	90.004258272741154,
			"remote_total":	198.7176102666605,
			"remote_user":	26.033582982915377,
			"remote_system":	172.68399871318184
		}
	}
}
