{
	"start":	{
		"connected":	[{
				"socket":	5,
				"local_host":	"192.168.1.110",
				"local_port":	40871,
				"remote_host":	"192.168.1.100",
				"remote_port":	5201
			}],
		"version":	"iperf 3.16",
		"system_info":	"Linux design-lab 6.14.0-37-generic #37~24.04.1-Ubuntu SMP PREEMPT_DYNAMIC Thu Nov 20 10:25:38 UTC 2 x86_64",
		"timestamp":	{
			"time":	"Fri, 26 Jun 2026 02:25:10 GMT",
			"timesecs":	1782440710
		},
		"connecting_to":	{
			"host":	"192.168.1.100",
			"port":	5201
		},
		"cookie":	"lznlwtkypoqveoezi2ten72yhwwzlvnhnfmq",
		"target_bitrate":	7252124646,
		"fq_rate":	0,
		"sock_bufsize":	0,
		"sndbuf_actual":	134217728,
		"rcvbuf_actual":	134217728,
		"test_start":	{
			"protocol":	"UDP",
			"num_streams":	1,
			"blksize":	640,
			"omit":	2,
			"duration":	5,
			"bytes":	0,
			"blocks":	0,
			"reverse":	0,
			"tos":	0,
			"target_bitrate":	7252124646,
			"bidir":	0,
			"fqrate":	0
		}
	},
	"intervals":	[{
			"streams":	[{
					"socket":	5,
					"start":	0,
					"end":	1.000052,
					"seconds":	1.0000519752502441,
					"bytes":	906485760,
					"bits_per_second":	7251509180.99567,
					"packets":	1416385,
					"omitted":	true,
					"sender":	true
				}],
			"sum":	{
				"start":	0,
				"end":	1.000052,
				"seconds":	1.0000519752502441,
				"bytes":	906485760,
				"bits_per_second":	7251509180.99567,
				"packets":	1416385,
				"omitted":	true,
				"sender":	true
			}
		}, {
			"streams":	[{
					"socket":	5,
					"start":	1,
					"end":	1.000001,
					"seconds":	2.0000009536743164,
					"bytes":	906553600,
					"bits_per_second":	3626212670.8870549,
					"packets":	2832919,
					"omitted":	false,
					"sender":	true
				}],
			"sum":	{
				"start":	1,
				"end":	1.000001,
				"seconds":	2.0000009536743164,
				"bytes":	906553600,
				"bits_per_second":	3626212670.8870549,
				"packets":	2832919,
				"omitted":	false,
				"sender":	true
			}
		}, {
			"streams":	[{
					"socket":	5,
					"start":	1.000001,
					"end":	2,
					"seconds":	0.99999898672103882,
					"bytes":	906536960,
					"bits_per_second":	7252303028.60608,
					"packets":	1416465,
					"omitted":	false,
					"sender":	true
				}],
			"sum":	{
				"start":	1.000001,
				"end":	2,
				"seconds":	0.99999898672103882,
				"bytes":	906536960,
				"bits_per_second":	7252303028.60608,
				"packets":	1416465,
				"omitted":	false,
				"sender":	true
			}
		}, {
			"streams":	[{
					"socket":	5,
					"start":	2,
					"end":	3,
					"seconds":	1,
					"bytes":	906490240,
					"bits_per_second":	7251921920,
					"packets":	1416407,
					"omitted":	false,
					"sender":	true
				}],
			"sum":	{
				"start":	2,
				"end":	3,
				"seconds":	1,
				"bytes":	906490240,
				"bits_per_second":	7251921920,
				"packets":	1416407,
				"omitted":	false,
				"sender":	true
			}
		}, {
			"streams":	[{
					"socket":	5,
					"start":	3,
					"end":	4.000001,
					"seconds":	1.0000009536743164,
					"bytes":	906544640,
					"bits_per_second":	7252350203.6198769,
					"packets":	1416478,
					"omitted":	false,
					"sender":	true
				}],
			"sum":	{
				"start":	3,
				"end":	4.000001,
				"seconds":	1.0000009536743164,
				"bytes":	906544640,
				"bits_per_second":	7252350203.6198769,
				"packets":	1416478,
				"omitted":	false,
				"sender":	true
			}
		}, {
			"streams":	[{
					"socket":	5,
					"start":	4.000001,
					"end":	5.000136,
					"seconds":	1.0001349449157715,
					"bytes":	906450560,
					"bits_per_second":	7250626044.8790836,
					"packets":	1416329,
					"omitted":	false,
					"sender":	true
				}],
			"sum":	{
				"start":	4.000001,
				"end":	5.000136,
				"seconds":	1.0001349449157715,
				"bytes":	906450560,
				"bits_per_second":	7250626044.8790836,
				"packets":	1416329,
				"omitted":	false,
				"sender":	true
			}
		}],
	"end":	{
		"streams":	[{
				"udp":	{
					"socket":	5,
					"start":	0,
					"end":	5.000136,
					"seconds":	5.000136,
					"bytes":	4532588800,
					"bits_per_second":	7251944827.1007023,
					"jitter_ms":	0.0002224846632347548,
					"lost_packets":	24147,
					"packets":	7082169,
					"lost_percent":	0.34095486848732359,
					"out_of_order":	0,
					"sender":	true
				}
			}],
		"sum":	{
			"start":	0,
			"end":	5.000248,
			"seconds":	5.000248,
			"bytes":	4532588800,
			"bits_per_second":	7251944827.1007023,
			"jitter_ms":	0.0002224846632347548,
			"lost_packets":	24147,
			"packets":	7082169,
			"lost_percent":	0.34095486848732359,
			"sender":	true
		},
		"sum_sent":	{
			"start":	0,
			"end":	5.000136,
			"seconds":	5.000136,
			"bytes":	4532588800,
			"bits_per_second":	7251944827.1007023,
			"jitter_ms":	0,
			"lost_packets":	0,
			"packets":	7082169,
			"lost_percent":	0,
			"sender":	true
		},
		"sum_received":	{
			"start":	0,
			"end":	5.000248,
			"seconds":	5.000248,
			"bytes":	4517239040,
			"bits_per_second":	7227223993.6899128,
			"jitter_ms":	0.0002224846632347548,
			"lost_packets":	24147,
			"packets":	7082333,
			"lost_percent":	0.34095486848732359,
			"sender":	false
		},
		"cpu_utilization_percent":	{
			"host_total":	101.29708656205065,
			"host_user":	13.196379436888272,
			"host_system":	88.100692840382735,
			"remote_total":	198.60463953533221,
			"remote_user":	26.161119499676438,
			"remote_system":	172.44353432081905
		}
	}
}
