{
	"start":	{
		"connected":	[{
				"socket":	5,
				"local_host":	"192.168.1.110",
				"local_port":	48588,
				"remote_host":	"192.168.1.100",
				"remote_port":	5201
			}],
		"version":	"iperf 3.16",
		"system_info":	"Linux design-lab 6.14.0-37-generic #37~24.04.1-Ubuntu SMP PREEMPT_DYNAMIC Thu Nov 20 10:25:38 UTC 2 x86_64",
		"timestamp":	{
			"time":	"Fri, 26 Jun 2026 02:26:51 GMT",
			"timesecs":	1782440811
		},
		"connecting_to":	{
			"host":	"192.168.1.100",
			"port":	5201
		},
		"cookie":	"2q3dzl223j2gmmzr6rbagucmm6p6z4cfpomp",
		"target_bitrate":	7515596330,
		"fq_rate":	0,
		"sock_bufsize":	0,
		"sndbuf_actual":	134217728,
		"rcvbuf_actual":	134217728,
		"test_start":	{
			"protocol":	"UDP",
			"num_streams":	1,
			"blksize":	1024,
			"omit":	2,
			"duration":	5,
			"bytes":	0,
			"blocks":	0,
			"reverse":	0,
			"tos":	0,
			"target_bitrate":	7515596330,
			"bidir":	0,
			"fqrate":	0
		}
	},
	"intervals":	[{
			"streams":	[{
					"socket":	5,
					"start":	0,
					"end":	1.000053,
					"seconds":	1.00005304813385,
					"bytes":	939418624,
					"bits_per_second":	7514950337.9085979,
					"packets":	917401,
					"omitted":	true,
					"sender":	true
				}],
			"sum":	{
				"start":	0,
				"end":	1.000053,
				"seconds":	1.00005304813385,
				"bytes":	939418624,
				"bits_per_second":	7514950337.9085979,
				"packets":	917401,
				"omitted":	true,
				"sender":	true
			}
		}, {
			"streams":	[{
					"socket":	5,
					"start":	1,
					"end":	1.000052,
					"seconds":	2.0000519752502441,
					"bytes":	939581440,
					"bits_per_second":	3758228092.5772071,
					"packets":	1834981,
					"omitted":	false,
					"sender":	true
				}],
			"sum":	{
				"start":	1,
				"end":	1.000052,
				"seconds":	2.0000519752502441,
				"bytes":	939581440,
				"bits_per_second":	3758228092.5772071,
				"packets":	1834981,
				"omitted":	false,
				"sender":	true
			}
		}, {
			"streams":	[{
					"socket":	5,
					"start":	1.000052,
					"end":	2.000052,
					"seconds":	1,
					"bytes":	939422720,
					"bits_per_second":	7515381760,
					"packets":	917407,
					"omitted":	false,
					"sender":	true
				}],
			"sum":	{
				"start":	1.000052,
				"end":	2.000052,
				"seconds":	1,
				"bytes":	939422720,
				"bits_per_second":	7515381760,
				"packets":	917407,
				"omitted":	false,
				"sender":	true
			}
		}, {
			"streams":	[{
					"socket":	5,
					"start":	2.000052,
					"end":	3,
					"seconds":	0.999948024749756,
					"bytes":	939346944,
					"bits_per_second":	7515166154.6415138,
					"packets":	917338,
					"omitted":	false,
					"sender":	true
				}],
			"sum":	{
				"start":	2.000052,
				"end":	3,
				"seconds":	0.999948024749756,
				"bytes":	939346944,
				"bits_per_second":	7515166154.6415138,
				"packets":	917338,
				"omitted":	false,
				"sender":	true
			}
		}, {
			"streams":	[{
					"socket":	5,
					"start":	3,
					"end":	4.000001,
					"seconds":	1.0000009536743164,
					"bytes":	939481088,
					"bits_per_second":	7515841536.33496,
					"packets":	917463,
					"omitted":	false,
					"sender":	true
				}],
			"sum":	{
				"start":	3,
				"end":	4.000001,
				"seconds":	1.0000009536743164,
				"bytes":	939481088,
				"bits_per_second":	7515841536.33496,
				"packets":	917463,
				"omitted":	false,
				"sender":	true
			}
		}, {
			"streams":	[{
					"socket":	5,
					"start":	4.000001,
					"end":	5.000127,
					"seconds":	1.0001260042190552,
					"bytes":	939492352,
					"bits_per_second":	7514991895.3150253,
					"packets":	917473,
					"omitted":	false,
					"sender":	true
				}],
			"sum":	{
				"start":	4.000001,
				"end":	5.000127,
				"seconds":	1.0001260042190552,
				"bytes":	939492352,
				"bits_per_second":	7514991895.3150253,
				"packets":	917473,
				"omitted":	false,
				"sender":	true
			}
		}],
	"end":	{
		"streams":	[{
				"udp":	{
					"socket":	5,
					"start":	0,
					"end":	5.000127,
					"seconds":	5.000127,
					"bytes":	4697335808,
					"bits_per_second":	7515546397.9214926,
					"jitter_ms":	0.00026911099122205076,
					"lost_packets":	0,
					"packets":	4587242,
					"lost_percent":	0,
					"out_of_order":	0,
					"sender":	true
				}
			}],
		"sum":	{
			"start":	0,
			"end":	5.000231,
			"seconds":	5.000231,
			"bytes":	4697335808,
			"bits_per_second":	7515546397.9214926,
			"jitter_ms":	0.00026911099122205076,
			"lost_packets":	0,
			"packets":	4587242,
			"lost_percent":	0,
			"sender":	true
		},
		"sum_sent":	{
			"start":	0,
			"end":	5.000127,
			"seconds":	5.000127,
			"bytes":	4697335808,
			"bits_per_second":	7515546397.9214926,
			"jitter_ms":	0,
			"lost_packets":	0,
			"packets":	4587242,
			"lost_percent":	0,
			"sender":	true
		},
		"sum_received":	{
			"start":	0,
			"end":	5.000231,
			"seconds":	5.000231,
			"bytes":	4697363456,
			"bits_per_second":	7515434316.5345755,
			"jitter_ms":	0.00026911099122205076,
			"lost_packets":	0,
			"packets":	4587269,
			"lost_percent":	0,
			"sender":	false
		},
		"cpu_utilization_percent":	{
			"host_total":	101.30338670843537,
			"host_user":	20.623973727422,
			"host_system":	80.6793844114418,
			"remote_total":	137.34222557066784,
			"remote_user":	17.285436275751355,
			"remote_system":	120.05680358009405
		}
	}
}
