{
	"start":	{
		"connected":	[{
				"socket":	5,
				"local_host":	"192.168.1.100",
				"local_port":	5201,
				"remote_host":	"192.168.1.110",
				"remote_port":	36494
			}],
		"version":	"iperf 3.16",
		"system_info":	"Linux design-lab 6.14.0-37-generic #37~24.04.1-Ubuntu SMP PREEMPT_DYNAMIC Thu Nov 20 10:25:38 UTC 2 x86_64",
		"target_bitrate":	7485380117,
		"timestamp":	{
			"time":	"Fri, 26 Jun 2026 02:26:34 GMT",
			"timesecs":	1782440794
		},
		"accepted_connection":	{
			"host":	"192.168.1.110",
			"port":	44152
		},
		"cookie":	"ued5vtsbnzjfwkzniymjvixz3eqf7evbcq5o",
		"target_bitrate":	7485380117,
		"fq_rate":	0,
		"sock_bufsize":	0,
		"sndbuf_actual":	134217728,
		"rcvbuf_actual":	134217728,
		"test_start":	{
			"protocol":	"UDP",
			"num_streams":	1,
			"blksize":	960,
			"omit":	2,
			"duration":	5,
			"bytes":	0,
			"blocks":	0,
			"reverse":	0,
			"tos":	0,
			"target_bitrate":	7485380117,
			"bidir":	0,
			"fqrate":	0
		}
	},
	"intervals":	[{
			"streams":	[{
					"socket":	5,
					"start":	0,
					"end":	1.000016,
					"seconds":	1.0000159740448,
					"bytes":	935543040,
					"bits_per_second":	7484224766.6582851,
					"jitter_ms":	0.0006452563810562268,
					"lost_packets":	0,
					"packets":	974524,
					"lost_percent":	0,
					"omitted":	true,
					"sender":	false
				}],
			"sum":	{
				"start":	0,
				"end":	1.000016,
				"seconds":	1.0000159740448,
				"bytes":	935543040,
				"bits_per_second":	7484224766.6582851,
				"jitter_ms":	0.0006452563810562268,
				"lost_packets":	0,
				"packets":	974524,
				"lost_percent":	0,
				"omitted":	true,
				"sender":	false
			}
		}, {
			"streams":	[{
					"socket":	5,
					"start":	0.999987,
					"end":	0.999999,
					"seconds":	1.9999860525131226,
					"bytes":	935719680,
					"bits_per_second":	3742904822.0579448,
					"jitter_ms":	0.00053503202091408856,
					"lost_packets":	0,
					"packets":	1949375,
					"lost_percent":	0,
					"omitted":	false,
					"sender":	false
				}],
			"sum":	{
				"start":	0.999987,
				"end":	0.999999,
				"seconds":	1.9999860525131226,
				"bytes":	935719680,
				"bits_per_second":	3742904822.0579448,
				"jitter_ms":	0.00053503202091408856,
				"lost_packets":	0,
				"packets":	1949375,
				"lost_percent":	0,
				"omitted":	false,
				"sender":	false
			}
		}, {
			"streams":	[{
					"socket":	5,
					"start":	0.999999,
					"end":	2.000001,
					"seconds":	1.0000020265579224,
					"bytes":	935655360,
					"bits_per_second":	7485227710.7524824,
					"jitter_ms":	0.00071229334748302425,
					"lost_packets":	0,
					"packets":	974642,
					"lost_percent":	0,
					"omitted":	false,
					"sender":	false
				}],
			"sum":	{
				"start":	0.999999,
				"end":	2.000001,
				"seconds":	1.0000020265579224,
				"bytes":	935655360,
				"bits_per_second":	7485227710.7524824,
				"jitter_ms":	0.00071229334748302425,
				"lost_packets":	0,
				"packets":	974642,
				"lost_percent":	0,
				"omitted":	false,
				"sender":	false
			}
		}, {
			"streams":	[{
					"socket":	5,
					"start":	2.000001,
					"end":	2.999999,
					"seconds":	0.99999797344207764,
					"bytes":	935624640,
					"bits_per_second":	7485012288.8109531,
					"jitter_ms":	0.000503309332512765,
					"lost_packets":	0,
					"packets":	974610,
					"lost_percent":	0,
					"omitted":	false,
					"sender":	false
				}],
			"sum":	{
				"start":	2.000001,
				"end":	2.999999,
				"seconds":	0.99999797344207764,
				"bytes":	935624640,
				"bits_per_second":	7485012288.8109531,
				"jitter_ms":	0.000503309332512765,
				"lost_packets":	0,
				"packets":	974610,
				"lost_percent":	0,
				"omitted":	false,
				"sender":	false
			}
		}, {
			"streams":	[{
					"socket":	5,
					"start":	2.999999,
					"end":	3.999999,
					"seconds":	1,
					"bytes":	935649600,
					"bits_per_second":	7485196800,
					"jitter_ms":	0.00066340400946806872,
					"lost_packets":	0,
					"packets":	974672,
					"lost_percent":	0,
					"omitted":	false,
					"sender":	false
				}],
			"sum":	{
				"start":	2.999999,
				"end":	3.999999,
				"seconds":	1,
				"bytes":	935649600,
				"bits_per_second":	7485196800,
				"jitter_ms":	0.00066340400946806872,
				"lost_packets":	0,
				"packets":	974672,
				"lost_percent":	0,
				"omitted":	false,
				"sender":	false
			}
		}, {
			"streams":	[{
					"socket":	5,
					"start":	3.999999,
					"end":	4.999999,
					"seconds":	1,
					"bytes":	935677440,
					"bits_per_second":	7485419520,
					"jitter_ms":	0.00034325200916237491,
					"lost_packets":	0,
					"packets":	974665,
					"lost_percent":	0,
					"omitted":	false,
					"sender":	false
				}],
			"sum":	{
				"start":	3.999999,
				"end":	4.999999,
				"seconds":	1,
				"bytes":	935677440,
				"bits_per_second":	7485419520,
				"jitter_ms":	0.00034325200916237491,
				"lost_packets":	0,
				"packets":	974665,
				"lost_percent":	0,
				"omitted":	false,
				"sender":	false
			}
		}, {
			"streams":	[{
					"socket":	5,
					"start":	4.999999,
					"end":	5.000271,
					"seconds":	0.00027200000477023423,
					"bytes":	126720,
					"bits_per_second":	3727058758.16565,
					"jitter_ms":	0.00054863257773870178,
					"lost_packets":	0,
					"packets":	133,
					"lost_percent":	0,
					"omitted":	false,
					"sender":	false
				}],
			"sum":	{
				"start":	4.999999,
				"end":	5.000271,
				"seconds":	0.00027200000477023423,
				"bytes":	126720,
				"bits_per_second":	3727058758.16565,
				"jitter_ms":	0.00054863257773870178,
				"lost_packets":	0,
				"packets":	133,
				"lost_percent":	0,
				"omitted":	false,
				"sender":	false
			}
		}],
	"end":	{
		"streams":	[{
				"udp":	{
					"socket":	5,
					"start":	0,
					"end":	5.000271,
					"seconds":	5.000271,
					"bytes":	0,
					"bits_per_second":	0,
					"jitter_ms":	0.00054863257773870178,
					"lost_packets":	0,
					"packets":	4873430,
					"lost_percent":	0,
					"out_of_order":	0,
					"sender":	false
				}
			}],
		"sum":	{
			"start":	0,
			"end":	5.000271,
			"seconds":	5.000271,
			"bytes":	0,
			"bits_per_second":	0,
			"jitter_ms":	0.00054863257773870178,
			"lost_packets":	0,
			"packets":	4873430,
			"lost_percent":	0,
			"sender":	false
		},
		"sum_sent":	{
			"start":	0,
			"end":	5.000271,
			"seconds":	5.000271,
			"bytes":	0,
			"bits_per_second":	0,
			"jitter_ms":	0,
			"lost_packets":	0,
			"packets":	0,
			"lost_percent":	0,
			"sender":	true
		},
		"sum_received":	{
			"start":	0,
			"end":	5.000271,
			"seconds":	5.000271,
			"bytes":	4678492800,
			"bits_per_second":	7485182783.0931568,
			"jitter_ms":	0.00054863257773870178,
			"lost_packets":	0,
			"packets":	4873430,
			"lost_percent":	0,
			"sender":	false
		},
		"cpu_utilization_percent":	{
			"host_total":	144.32102229141316,
			"host_user":	17.999352596769782,
			"host_system":	126.32168397979851,
			"remote_total":	0,
			"remote_user":	0,
			"remote_system":	0
		}
	}
}
