{
	"start":	{
		"connected":	[{
				"socket":	5,
				"local_host":	"192.168.1.100",
				"local_port":	5201,
				"remote_host":	"192.168.1.110",
				"remote_port":	45630
			}],
		"version":	"iperf 3.16",
		"system_info":	"Linux design-lab 6.14.0-37-generic #37~24.04.1-Ubuntu SMP PREEMPT_DYNAMIC Thu Nov 20 10:25:38 UTC 2 x86_64",
		"target_bitrate":	7542461005,
		"timestamp":	{
			"time":	"Fri, 26 Jun 2026 02:27:08 GMT",
			"timesecs":	1782440828
		},
		"accepted_connection":	{
			"host":	"192.168.1.110",
			"port":	48140
		},
		"cookie":	"ydybpqhs6ypa6t4y7jf6rtlwc7q44iyeene7",
		"target_bitrate":	7542461005,
		"fq_rate":	0,
		"sock_bufsize":	0,
		"sndbuf_actual":	134217728,
		"rcvbuf_actual":	134217728,
		"test_start":	{
			"protocol":	"UDP",
			"num_streams":	1,
			"blksize":	1088,
			"omit":	2,
			"duration":	5,
			"bytes":	0,
			"blocks":	0,
			"reverse":	0,
			"tos":	0,
			"target_bitrate":	7542461005,
			"bidir":	0,
			"fqrate":	0
		}
	},
	"intervals":	[{
			"streams":	[{
					"socket":	5,
					"start":	0,
					"end":	1.000001,
					"seconds":	1.0000009536743164,
					"bytes":	942733504,
					"bits_per_second":	7541860839.52102,
					"jitter_ms":	0.0004730062059151971,
					"lost_packets":	0,
					"packets":	866483,
					"lost_percent":	0,
					"omitted":	true,
					"sender":	false
				}],
			"sum":	{
				"start":	0,
				"end":	1.000001,
				"seconds":	1.0000009536743164,
				"bytes":	942733504,
				"bits_per_second":	7541860839.52102,
				"jitter_ms":	0.0004730062059151971,
				"lost_packets":	0,
				"packets":	866483,
				"lost_percent":	0,
				"omitted":	true,
				"sender":	false
			}
		}, {
			"streams":	[{
					"socket":	5,
					"start":	1.000001,
					"end":	2.000002,
					"seconds":	1.0000009536743164,
					"bytes":	942799872,
					"bits_per_second":	7542391783.0146723,
					"jitter_ms":	0.00049354739340273931,
					"lost_packets":	0,
					"packets":	866544,
					"lost_percent":	0,
					"omitted":	true,
					"sender":	false
				}],
			"sum":	{
				"start":	1.000001,
				"end":	2.000002,
				"seconds":	1.0000009536743164,
				"bytes":	942799872,
				"bits_per_second":	7542391783.0146723,
				"jitter_ms":	0.00049354739340273931,
				"lost_packets":	0,
				"packets":	866544,
				"lost_percent":	0,
				"omitted":	true,
				"sender":	false
			}
		}, {
			"streams":	[{
					"socket":	5,
					"start":	2.5e-05,
					"end":	0.999975,
					"seconds":	1,
					"bytes":	942756352,
					"bits_per_second":	7542050816,
					"jitter_ms":	0.00024523756705816072,
					"lost_packets":	0,
					"packets":	866534,
					"lost_percent":	0,
					"omitted":	false,
					"sender":	false
				}],
			"sum":	{
				"start":	2.5e-05,
				"end":	0.999975,
				"seconds":	1,
				"bytes":	942756352,
				"bits_per_second":	7542050816,
				"jitter_ms":	0.00024523756705816072,
				"lost_packets":	0,
				"packets":	866534,
				"lost_percent":	0,
				"omitted":	false,
				"sender":	false
			}
		}, {
			"streams":	[{
					"socket":	5,
					"start":	0.999975,
					"end":	1.999975,
					"seconds":	1,
					"bytes":	942828160,
					"bits_per_second":	7542625280,
					"jitter_ms":	0.0003170873955809215,
					"lost_packets":	0,
					"packets":	866573,
					"lost_percent":	0,
					"omitted":	false,
					"sender":	false
				}],
			"sum":	{
				"start":	0.999975,
				"end":	1.999975,
				"seconds":	1,
				"bytes":	942828160,
				"bits_per_second":	7542625280,
				"jitter_ms":	0.0003170873955809215,
				"lost_packets":	0,
				"packets":	866573,
				"lost_percent":	0,
				"omitted":	false,
				"sender":	false
			}
		}, {
			"streams":	[{
					"socket":	5,
					"start":	1.999975,
					"end":	2.999975,
					"seconds":	1,
					"bytes":	942762880,
					"bits_per_second":	7542103040,
					"jitter_ms":	0.00125861358163135,
					"lost_packets":	0,
					"packets":	866519,
					"lost_percent":	0,
					"omitted":	false,
					"sender":	false
				}],
			"sum":	{
				"start":	1.999975,
				"end":	2.999975,
				"seconds":	1,
				"bytes":	942762880,
				"bits_per_second":	7542103040,
				"jitter_ms":	0.00125861358163135,
				"lost_packets":	0,
				"packets":	866519,
				"lost_percent":	0,
				"omitted":	false,
				"sender":	false
			}
		}, {
			"streams":	[{
					"socket":	5,
					"start":	2.999975,
					"end":	3.999976,
					"seconds":	1.0000009536743164,
					"bytes":	942849920,
					"bits_per_second":	7542792166.6328363,
					"jitter_ms":	0.00082019218128696935,
					"lost_packets":	0,
					"packets":	866590,
					"lost_percent":	0,
					"omitted":	false,
					"sender":	false
				}],
			"sum":	{
				"start":	2.999975,
				"end":	3.999976,
				"seconds":	1.0000009536743164,
				"bytes":	942849920,
				"bits_per_second":	7542792166.6328363,
				"jitter_ms":	0.00082019218128696935,
				"lost_packets":	0,
				"packets":	866590,
				"lost_percent":	0,
				"omitted":	false,
				"sender":	false
			}
		}, {
			"streams":	[{
					"socket":	5,
					"start":	3.999976,
					"end":	4.999978,
					"seconds":	1.0000020265579224,
					"bytes":	942773760,
					"bits_per_second":	7542174795.3459167,
					"jitter_ms":	0.003872542877163398,
					"lost_packets":	0,
					"packets":	866521,
					"lost_percent":	0,
					"omitted":	false,
					"sender":	false
				}],
			"sum":	{
				"start":	3.999976,
				"end":	4.999978,
				"seconds":	1.0000020265579224,
				"bytes":	942773760,
				"bits_per_second":	7542174795.3459167,
				"jitter_ms":	0.003872542877163398,
				"lost_packets":	0,
				"packets":	866521,
				"lost_percent":	0,
				"omitted":	false,
				"sender":	false
			}
		}, {
			"streams":	[{
					"socket":	5,
					"start":	4.999978,
					"end":	5.000423,
					"seconds":	0.00044500001240521669,
					"bytes":	145792,
					"bits_per_second":	2620979702.2161322,
					"jitter_ms":	0.00064336284680578443,
					"lost_packets":	0,
					"packets":	135,
					"lost_percent":	0,
					"omitted":	false,
					"sender":	false
				}],
			"sum":	{
				"start":	4.999978,
				"end":	5.000423,
				"seconds":	0.00044500001240521669,
				"bytes":	145792,
				"bits_per_second":	2620979702.2161322,
				"jitter_ms":	0.00064336284680578443,
				"lost_packets":	0,
				"packets":	135,
				"lost_percent":	0,
				"omitted":	false,
				"sender":	false
			}
		}],
	"end":	{
		"streams":	[{
				"udp":	{
					"socket":	5,
					"start":	0,
					"end":	5.000423,
					"seconds":	5.000423,
					"bytes":	0,
					"bits_per_second":	0,
					"jitter_ms":	0.00064336284680578443,
					"lost_packets":	0,
					"packets":	4332842,
					"lost_percent":	0,
					"out_of_order":	0,
					"sender":	false
				}
			}],
		"sum":	{
			"start":	0,
			"end":	5.000423,
			"seconds":	5.000423,
			"bytes":	0,
			"bits_per_second":	0,
			"jitter_ms":	0.00064336284680578443,
			"lost_packets":	0,
			"packets":	4332842,
			"lost_percent":	0,
			"sender":	false
		},
		"sum_sent":	{
			"start":	0,
			"end":	5.000423,
			"seconds":	5.000423,
			"bytes":	0,
			"bits_per_second":	0,
			"jitter_ms":	0,
			"lost_packets":	0,
			"packets":	0,
			"lost_percent":	0,
			"sender":	true
		},
		"sum_received":	{
			"start":	0,
			"end":	5.000423,
			"seconds":	5.000423,
			"bytes":	4714132096,
			"bits_per_second":	7541973302.658596,
			"jitter_ms":	0.00064336284680578443,
			"lost_packets":	0,
			"packets":	4332842,
			"lost_percent":	0,
			"sender":	false
		},
		"cpu_utilization_percent":	{
			"host_total":	148.91179914902662,
			"host_user":	18.735456300405659,
			"host_system":	130.17632856383315,
			"remote_total":	0,
			"remote_user":	0,
			"remote_system":	0
		}
	}
}
