{
	"start":	{
		"connected":	[{
				"socket":	5,
				"local_host":	"192.168.1.100",
				"local_port":	5201,
				"remote_host":	"192.168.1.110",
				"remote_port":	33628
			}],
		"version":	"iperf 3.16",
		"system_info":	"Linux design-lab 6.14.0-37-generic #37~24.04.1-Ubuntu SMP PREEMPT_DYNAMIC Thu Nov 20 10:25:38 UTC 2 x86_64",
		"target_bitrate":	7086505190,
		"timestamp":	{
			"time":	"Fri, 26 Jun 2026 02:24:36 GMT",
			"timesecs":	1782440676
		},
		"accepted_connection":	{
			"host":	"192.168.1.110",
			"port":	45972
		},
		"cookie":	"5ldcnzqdqfvirnhmph5xxa3556epxwhzad5n",
		"target_bitrate":	7086505190,
		"fq_rate":	0,
		"sock_bufsize":	0,
		"sndbuf_actual":	134217728,
		"rcvbuf_actual":	134217728,
		"test_start":	{
			"protocol":	"UDP",
			"num_streams":	1,
			"blksize":	512,
			"omit":	2,
			"duration":	5,
			"bytes":	0,
			"blocks":	0,
			"reverse":	0,
			"tos":	0,
			"target_bitrate":	7086505190,
			"bidir":	0,
			"fqrate":	0
		}
	},
	"intervals":	[{
			"streams":	[{
					"socket":	5,
					"start":	0,
					"end":	1.000002,
					"seconds":	1.0000020265579224,
					"bytes":	725960192,
					"bits_per_second":	5807669766.4208241,
					"jitter_ms":	0.000490292332352329,
					"lost_packets":	12648,
					"packets":	1430540,
					"lost_percent":	0.88414165280243828,
					"omitted":	true,
					"sender":	false
				}],
			"sum":	{
				"start":	0,
				"end":	1.000002,
				"seconds":	1.0000020265579224,
				"bytes":	725960192,
				"bits_per_second":	5807669766.4208241,
				"jitter_ms":	0.000490292332352329,
				"lost_packets":	12648,
				"packets":	1430540,
				"lost_percent":	0.88414165280243828,
				"omitted":	true,
				"sender":	false
			}
		}, {
			"streams":	[{
					"socket":	5,
					"start":	0.999999,
					"end":	1,
					"seconds":	1.9999990463256836,
					"bytes":	731966464,
					"bits_per_second":	2927867252.1159,
					"jitter_ms":	0.0004356885758031095,
					"lost_packets":	6808,
					"packets":	2864930,
					"lost_percent":	0.23763233307620082,
					"omitted":	false,
					"sender":	false
				}],
			"sum":	{
				"start":	0.999999,
				"end":	1,
				"seconds":	1.9999990463256836,
				"bytes":	731966464,
				"bits_per_second":	2927867252.1159,
				"jitter_ms":	0.0004356885758031095,
				"lost_packets":	6808,
				"packets":	2864930,
				"lost_percent":	0.23763233307620082,
				"omitted":	false,
				"sender":	false
			}
		}, {
			"streams":	[{
					"socket":	5,
					"start":	1,
					"end":	2,
					"seconds":	1,
					"bytes":	725860864,
					"bits_per_second":	5806886912,
					"jitter_ms":	0.00042422100603161858,
					"lost_packets":	6472,
					"packets":	1424172,
					"lost_percent":	0.45443949185912935,
					"omitted":	false,
					"sender":	false
				}],
			"sum":	{
				"start":	1,
				"end":	2,
				"seconds":	1,
				"bytes":	725860864,
				"bits_per_second":	5806886912,
				"jitter_ms":	0.00042422100603161858,
				"lost_packets":	6472,
				"packets":	1424172,
				"lost_percent":	0.45443949185912935,
				"omitted":	false,
				"sender":	false
			}
		}, {
			"streams":	[{
					"socket":	5,
					"start":	2,
					"end":	3,
					"seconds":	1,
					"bytes":	730778624,
					"bits_per_second":	5846228992,
					"jitter_ms":	0.00058580123925810134,
					"lost_packets":	9651,
					"packets":	1436954,
					"lost_percent":	0.67162901526423258,
					"omitted":	false,
					"sender":	false
				}],
			"sum":	{
				"start":	2,
				"end":	3,
				"seconds":	1,
				"bytes":	730778624,
				"bits_per_second":	5846228992,
				"jitter_ms":	0.00058580123925810134,
				"lost_packets":	9651,
				"packets":	1436954,
				"lost_percent":	0.67162901526423258,
				"omitted":	false,
				"sender":	false
			}
		}, {
			"streams":	[{
					"socket":	5,
					"start":	3,
					"end":	4,
					"seconds":	1,
					"bytes":	721909760,
					"bits_per_second":	5775278080,
					"jitter_ms":	0.0003635272869964341,
					"lost_packets":	18033,
					"packets":	1428021,
					"lost_percent":	1.2627965555128391,
					"omitted":	false,
					"sender":	false
				}],
			"sum":	{
				"start":	3,
				"end":	4,
				"seconds":	1,
				"bytes":	721909760,
				"bits_per_second":	5775278080,
				"jitter_ms":	0.0003635272869964341,
				"lost_packets":	18033,
				"packets":	1428021,
				"lost_percent":	1.2627965555128391,
				"omitted":	false,
				"sender":	false
			}
		}, {
			"streams":	[{
					"socket":	5,
					"start":	4,
					"end":	5,
					"seconds":	1,
					"bytes":	726369280,
					"bits_per_second":	5810954240,
					"jitter_ms":	0.00043008663720536377,
					"lost_packets":	6980,
					"packets":	1425672,
					"lost_percent":	0.48959367933157133,
					"omitted":	false,
					"sender":	false
				}],
			"sum":	{
				"start":	4,
				"end":	5,
				"seconds":	1,
				"bytes":	726369280,
				"bits_per_second":	5810954240,
				"jitter_ms":	0.00043008663720536377,
				"lost_packets":	6980,
				"packets":	1425672,
				"lost_percent":	0.48959367933157133,
				"omitted":	false,
				"sender":	false
			}
		}, {
			"streams":	[{
					"socket":	5,
					"start":	5,
					"end":	5.000286,
					"seconds":	0.00028599999495781958,
					"bytes":	179200,
					"bits_per_second":	5012587500.9593372,
					"jitter_ms":	0.00045063198591558491,
					"lost_packets":	0,
					"packets":	350,
					"lost_percent":	0,
					"omitted":	false,
					"sender":	false
				}],
			"sum":	{
				"start":	5,
				"end":	5.000286,
				"seconds":	0.00028599999495781958,
				"bytes":	179200,
				"bits_per_second":	5012587500.9593372,
				"jitter_ms":	0.00045063198591558491,
				"lost_packets":	0,
				"packets":	350,
				"lost_percent":	0,
				"omitted":	false,
				"sender":	false
			}
		}],
	"end":	{
		"streams":	[{
				"udp":	{
					"socket":	5,
					"start":	0,
					"end":	5.000286,
					"seconds":	5.000286,
					"bytes":	0,
					"bits_per_second":	0,
					"jitter_ms":	0.00045063198591558491,
					"lost_packets":	44576,
					"packets":	7148231,
					"lost_percent":	0,
					"out_of_order":	0,
					"sender":	false
				}
			}],
		"sum":	{
			"start":	0,
			"end":	5.000286,
			"seconds":	5.000286,
			"bytes":	0,
			"bits_per_second":	0,
			"jitter_ms":	0.00045063198591558491,
			"lost_packets":	44576,
			"packets":	7148231,
			"lost_percent":	0.6235948446545726,
			"sender":	false
		},
		"sum_sent":	{
			"start":	0,
			"end":	5.000286,
			"seconds":	5.000286,
			"bytes":	0,
			"bits_per_second":	0,
			"jitter_ms":	0,
			"lost_packets":	0,
			"packets":	0,
			"lost_percent":	0,
			"sender":	true
		},
		"sum_received":	{
			"start":	0,
			"end":	5.000286,
			"seconds":	5.000286,
			"bytes":	3637071360,
			"bits_per_second":	5818981330.26791,
			"jitter_ms":	0.00045063198591558491,
			"lost_packets":	44576,
			"packets":	7148231,
			"lost_percent":	0.6235948446545726,
			"sender":	false
		},
		"cpu_utilization_percent":	{
			"host_total":	199.91886048116879,
			"host_user":	25.655415891460464,
			"host_system":	174.26345887483484,
			"remote_total":	0,
			"remote_user":	0,
			"remote_system":	0
		}
	}
}
