{
	"start":	{
		"connected":	[{
				"socket":	5,
				"local_host":	"192.168.1.110",
				"local_port":	48310,
				"remote_host":	"192.168.1.100",
				"remote_port":	5201
			}],
		"version":	"iperf 3.16",
		"system_info":	"Linux design-lab 6.14.0-37-generic #37~24.04.1-Ubuntu SMP PREEMPT_DYNAMIC Thu Nov 20 10:25:38 UTC 2 x86_64",
		"timestamp":	{
			"time":	"Fri, 26 Jun 2026 02:27:58 GMT",
			"timesecs":	1782440878
		},
		"connecting_to":	{
			"host":	"192.168.1.100",
			"port":	5201
		},
		"cookie":	"25vyeikxwvrak3ber6aashzjsnlokdv6keed",
		"target_bitrate":	7607726597,
		"fq_rate":	0,
		"sock_bufsize":	0,
		"sndbuf_actual":	134217728,
		"rcvbuf_actual":	134217728,
		"test_start":	{
			"protocol":	"UDP",
			"num_streams":	1,
			"blksize":	1280,
			"omit":	2,
			"duration":	5,
			"bytes":	0,
			"blocks":	0,
			"reverse":	0,
			"tos":	0,
			"target_bitrate":	7607726597,
			"bidir":	0,
			"fqrate":	0
		}
	},
	"intervals":	[{
			"streams":	[{
					"socket":	5,
					"start":	0,
					"end":	1.000053,
					"seconds":	1.00005304813385,
					"bytes":	950928640,
					"bits_per_second":	7607025581.4887524,
					"packets":	742913,
					"omitted":	true,
					"sender":	true
				}],
			"sum":	{
				"start":	0,
				"end":	1.000053,
				"seconds":	1.00005304813385,
				"bytes":	950928640,
				"bits_per_second":	7607025581.4887524,
				"packets":	742913,
				"omitted":	true,
				"sender":	true
			}
		}, {
			"streams":	[{
					"socket":	5,
					"start":	0.999999,
					"end":	1.000001,
					"seconds":	2,
					"bytes":	951037440,
					"bits_per_second":	3804149760,
					"packets":	1485936,
					"omitted":	false,
					"sender":	true
				}],
			"sum":	{
				"start":	0.999999,
				"end":	1.000001,
				"seconds":	2,
				"bytes":	951037440,
				"bits_per_second":	3804149760,
				"packets":	1485936,
				"omitted":	false,
				"sender":	true
			}
		}, {
			"streams":	[{
					"socket":	5,
					"start":	1.000001,
					"end":	2,
					"seconds":	0.99999898672103882,
					"bytes":	950983680,
					"bits_per_second":	7607877148.9018545,
					"packets":	742958,
					"omitted":	false,
					"sender":	true
				}],
			"sum":	{
				"start":	1.000001,
				"end":	2,
				"seconds":	0.99999898672103882,
				"bytes":	950983680,
				"bits_per_second":	7607877148.9018545,
				"packets":	742958,
				"omitted":	false,
				"sender":	true
			}
		}, {
			"streams":	[{
					"socket":	5,
					"start":	2,
					"end":	3,
					"seconds":	1,
					"bytes":	950946560,
					"bits_per_second":	7607572480,
					"packets":	742928,
					"omitted":	false,
					"sender":	true
				}],
			"sum":	{
				"start":	2,
				"end":	3,
				"seconds":	1,
				"bytes":	950946560,
				"bits_per_second":	7607572480,
				"packets":	742928,
				"omitted":	false,
				"sender":	true
			}
		}, {
			"streams":	[{
					"socket":	5,
					"start":	3,
					"end":	4.000013,
					"seconds":	1.000012993812561,
					"bytes":	950986240,
					"bits_per_second":	7607791065.788888,
					"packets":	742960,
					"omitted":	false,
					"sender":	true
				}],
			"sum":	{
				"start":	3,
				"end":	4.000013,
				"seconds":	1.000012993812561,
				"bytes":	950986240,
				"bits_per_second":	7607791065.788888,
				"packets":	742960,
				"omitted":	false,
				"sender":	true
			}
		}, {
			"streams":	[{
					"socket":	5,
					"start":	4.000013,
					"end":	5.000145,
					"seconds":	1.0001319646835327,
					"bytes":	950952960,
					"bits_per_second":	7606619874.8154659,
					"packets":	742932,
					"omitted":	false,
					"sender":	true
				}],
			"sum":	{
				"start":	4.000013,
				"end":	5.000145,
				"seconds":	1.0001319646835327,
				"bytes":	950952960,
				"bits_per_second":	7606619874.8154659,
				"packets":	742932,
				"omitted":	false,
				"sender":	true
			}
		}],
	"end":	{
		"streams":	[{
				"udp":	{
					"socket":	5,
					"start":	0,
					"end":	5.000145,
					"seconds":	5.000145,
					"bytes":	4754914560,
					"bits_per_second":	7607642674.3624439,
					"jitter_ms":	0.0005977050384206,
					"lost_packets":	0,
					"packets":	3714777,
					"lost_percent":	0,
					"out_of_order":	0,
					"sender":	true
				}
			}],
		"sum":	{
			"start":	0,
			"end":	5.000262,
			"seconds":	5.000262,
			"bytes":	4754914560,
			"bits_per_second":	7607642674.3624439,
			"jitter_ms":	0.0005977050384206,
			"lost_packets":	0,
			"packets":	3714777,
			"lost_percent":	0,
			"sender":	true
		},
		"sum_sent":	{
			"start":	0,
			"end":	5.000145,
			"seconds":	5.000145,
			"bytes":	4754914560,
			"bits_per_second":	7607642674.3624439,
			"jitter_ms":	0,
			"lost_packets":	0,
			"packets":	3714777,
			"lost_percent":	0,
			"sender":	true
		},
		"sum_received":	{
			"start":	0,
			"end":	5.000262,
			"seconds":	5.000262,
			"bytes":	4754977280,
			"bits_per_second":	7607565011.5933924,
			"jitter_ms":	0.0005977050384206,
			"lost_packets":	0,
			"packets":	3714826,
			"lost_percent":	0,
			"sender":	false
		},
		"cpu_utilization_percent":	{
			"host_total":	101.52006784680529,
			"host_user":	47.289906102112752,
			"host_system":	54.230161744692538,
			"remote_total":	115.92849699261384,
			"remote_user":	14.16923502181703,
			"remote_system":	101.75926197079681
		}
	}
}
