{
	"start":	{
		"connected":	[{
				"socket":	5,
				"local_host":	"192.168.1.100",
				"local_port":	5201,
				"remote_host":	"192.168.1.110",
				"remote_port":	37405
			}],
		"version":	"iperf 3.16",
		"system_info":	"Linux design-lab 6.14.0-37-generic #37~24.04.1-Ubuntu SMP PREEMPT_DYNAMIC Thu Nov 20 10:25:38 UTC 2 x86_64",
		"target_bitrate":	6360248447,
		"timestamp":	{
			"time":	"Fri, 26 Jun 2026 02:23:29 GMT",
			"timesecs":	1782440609
		},
		"accepted_connection":	{
			"host":	"192.168.1.110",
			"port":	58398
		},
		"cookie":	"rvcjedqw5ug3fubaxdznrrzwiv7rfsrkewp7",
		"target_bitrate":	6360248447,
		"fq_rate":	0,
		"sock_bufsize":	0,
		"sndbuf_actual":	134217728,
		"rcvbuf_actual":	134217728,
		"test_start":	{
			"protocol":	"UDP",
			"num_streams":	1,
			"blksize":	256,
			"omit":	2,
			"duration":	5,
			"bytes":	0,
			"blocks":	0,
			"reverse":	0,
			"tos":	0,
			"target_bitrate":	6360248447,
			"bidir":	0,
			"fqrate":	0
		}
	},
	"intervals":	[{
			"streams":	[{
					"socket":	5,
					"start":	0,
					"end":	1.000001,
					"seconds":	1.0000009536743164,
					"bytes":	368941824,
					"bits_per_second":	2951531777.19995,
					"jitter_ms":	0.00036801546237268779,
					"lost_packets":	0,
					"packets":	1441179,
					"lost_percent":	0,
					"omitted":	true,
					"sender":	false
				}],
			"sum":	{
				"start":	0,
				"end":	1.000001,
				"seconds":	1.0000009536743164,
				"bytes":	368941824,
				"bits_per_second":	2951531777.19995,
				"jitter_ms":	0.00036801546237268779,
				"lost_packets":	0,
				"packets":	1441179,
				"lost_percent":	0,
				"omitted":	true,
				"sender":	false
			}
		}, {
			"streams":	[{
					"socket":	5,
					"start":	1,
					"end":	1,
					"seconds":	2,
					"bytes":	367163136,
					"bits_per_second":	1468652544,
					"jitter_ms":	0.00045004437228419992,
					"lost_packets":	1674,
					"packets":	2872871,
					"lost_percent":	0.058269236592941344,
					"omitted":	false,
					"sender":	false
				}],
			"sum":	{
				"start":	1,
				"end":	1,
				"seconds":	2,
				"bytes":	367163136,
				"bits_per_second":	1468652544,
				"jitter_ms":	0.00045004437228419992,
				"lost_packets":	1674,
				"packets":	2872871,
				"lost_percent":	0.058269236592941344,
				"omitted":	false,
				"sender":	false
			}
		}, {
			"streams":	[{
					"socket":	5,
					"start":	1,
					"end":	2,
					"seconds":	1,
					"bytes":	367661568,
					"bits_per_second":	2941292544,
					"jitter_ms":	0.00054549377686907371,
					"lost_packets":	0,
					"packets":	1436180,
					"lost_percent":	0,
					"omitted":	false,
					"sender":	false
				}],
			"sum":	{
				"start":	1,
				"end":	2,
				"seconds":	1,
				"bytes":	367661568,
				"bits_per_second":	2941292544,
				"jitter_ms":	0.00054549377686907371,
				"lost_packets":	0,
				"packets":	1436180,
				"lost_percent":	0,
				"omitted":	false,
				"sender":	false
			}
		}, {
			"streams":	[{
					"socket":	5,
					"start":	2,
					"end":	3,
					"seconds":	1,
					"bytes":	372180736,
					"bits_per_second":	2977445888,
					"jitter_ms":	0.00043798001548763172,
					"lost_packets":	0,
					"packets":	1453833,
					"lost_percent":	0,
					"omitted":	false,
					"sender":	false
				}],
			"sum":	{
				"start":	2,
				"end":	3,
				"seconds":	1,
				"bytes":	372180736,
				"bits_per_second":	2977445888,
				"jitter_ms":	0.00043798001548763172,
				"lost_packets":	0,
				"packets":	1453833,
				"lost_percent":	0,
				"omitted":	false,
				"sender":	false
			}
		}, {
			"streams":	[{
					"socket":	5,
					"start":	3,
					"end":	4,
					"seconds":	1,
					"bytes":	372545536,
					"bits_per_second":	2980364288,
					"jitter_ms":	0.0005428283544481454,
					"lost_packets":	0,
					"packets":	1455268,
					"lost_percent":	0,
					"omitted":	false,
					"sender":	false
				}],
			"sum":	{
				"start":	3,
				"end":	4,
				"seconds":	1,
				"bytes":	372545536,
				"bits_per_second":	2980364288,
				"jitter_ms":	0.0005428283544481454,
				"lost_packets":	0,
				"packets":	1455268,
				"lost_percent":	0,
				"omitted":	false,
				"sender":	false
			}
		}, {
			"streams":	[{
					"socket":	5,
					"start":	4,
					"end":	5,
					"seconds":	1,
					"bytes":	372239872,
					"bits_per_second":	2977918976,
					"jitter_ms":	0.00027914127368214065,
					"lost_packets":	0,
					"packets":	1454062,
					"lost_percent":	0,
					"omitted":	false,
					"sender":	false
				}],
			"sum":	{
				"start":	4,
				"end":	5,
				"seconds":	1,
				"bytes":	372239872,
				"bits_per_second":	2977918976,
				"jitter_ms":	0.00027914127368214065,
				"lost_packets":	0,
				"packets":	1454062,
				"lost_percent":	0,
				"omitted":	false,
				"sender":	false
			}
		}, {
			"streams":	[{
					"socket":	5,
					"start":	5,
					"end":	5.000244,
					"seconds":	0.00024399999529123306,
					"bytes":	46848,
					"bits_per_second":	1536000029.6420743,
					"jitter_ms":	0.00045037529004934878,
					"lost_packets":	0,
					"packets":	184,
					"lost_percent":	0,
					"omitted":	false,
					"sender":	false
				}],
			"sum":	{
				"start":	5,
				"end":	5.000244,
				"seconds":	0.00024399999529123306,
				"bytes":	46848,
				"bits_per_second":	1536000029.6420743,
				"jitter_ms":	0.00045037529004934878,
				"lost_packets":	0,
				"packets":	184,
				"lost_percent":	0,
				"omitted":	false,
				"sender":	false
			}
		}],
	"end":	{
		"streams":	[{
				"udp":	{
					"socket":	5,
					"start":	0,
					"end":	5.000244,
					"seconds":	5.000244,
					"bytes":	0,
					"bits_per_second":	0,
					"jitter_ms":	0.00045037529004934878,
					"lost_packets":	1674,
					"packets":	7235433,
					"lost_percent":	0,
					"out_of_order":	0,
					"sender":	false
				}
			}],
		"sum":	{
			"start":	0,
			"end":	5.000244,
			"seconds":	5.000244,
			"bytes":	0,
			"bits_per_second":	0,
			"jitter_ms":	0.00045037529004934878,
			"lost_packets":	1674,
			"packets":	7235433,
			"lost_percent":	0.0231361412648006,
			"sender":	false
		},
		"sum_sent":	{
			"start":	0,
			"end":	5.000244,
			"seconds":	5.000244,
			"bytes":	0,
			"bits_per_second":	0,
			"jitter_ms":	0,
			"lost_packets":	0,
			"packets":	0,
			"lost_percent":	0,
			"sender":	true
		},
		"sum_received":	{
			"start":	0,
			"end":	5.000244,
			"seconds":	5.000244,
			"bytes":	1851842304,
			"bits_per_second":	2962803101.6086411,
			"jitter_ms":	0.00045037529004934878,
			"lost_packets":	1674,
			"packets":	7235433,
			"lost_percent":	0.0231361412648006,
			"sender":	false
		},
		"cpu_utilization_percent":	{
			"host_total":	195.01939074158517,
			"host_user":	26.06650507239172,
			"host_system":	168.95285709877709,
			"remote_total":	0,
			"remote_user":	0,
			"remote_system":	0
		}
	}
}
