{
	"start":	{
		"connected":	[{
				"socket":	5,
				"local_host":	"192.168.1.100",
				"local_port":	5201,
				"remote_host":	"192.168.1.110",
				"remote_port":	50889
			}],
		"version":	"iperf 3.16",
		"system_info":	"Linux design-lab 6.14.0-37-generic #37~24.04.1-Ubuntu SMP PREEMPT_DYNAMIC Thu Nov 20 10:25:38 UTC 2 x86_64",
		"target_bitrate":	7314285714,
		"timestamp":	{
			"time":	"Fri, 26 Jun 2026 02:25:27 GMT",
			"timesecs":	1782440727
		},
		"accepted_connection":	{
			"host":	"192.168.1.110",
			"port":	54074
		},
		"cookie":	"qd5c5x4pj3mn7jsw2nzsrnxyycley335frlv",
		"target_bitrate":	7314285714,
		"fq_rate":	0,
		"sock_bufsize":	0,
		"sndbuf_actual":	134217728,
		"rcvbuf_actual":	134217728,
		"test_start":	{
			"protocol":	"UDP",
			"num_streams":	1,
			"blksize":	704,
			"omit":	2,
			"duration":	5,
			"bytes":	0,
			"blocks":	0,
			"reverse":	0,
			"tos":	0,
			"target_bitrate":	7314285714,
			"bidir":	0,
			"fqrate":	0
		}
	},
	"intervals":	[{
			"streams":	[{
					"socket":	5,
					"start":	0,
					"end":	1.000001,
					"seconds":	1.0000009536743164,
					"bytes":	847796224,
					"bits_per_second":	6782363323.8342934,
					"jitter_ms":	0.0039363830360062283,
					"lost_packets":	20230,
					"packets":	1224486,
					"lost_percent":	1.65212178824421,
					"omitted":	true,
					"sender":	false
				}],
			"sum":	{
				"start":	0,
				"end":	1.000001,
				"seconds":	1.0000009536743164,
				"bytes":	847796224,
				"bits_per_second":	6782363323.8342934,
				"jitter_ms":	0.0039363830360062283,
				"lost_packets":	20230,
				"packets":	1224486,
				"lost_percent":	1.65212178824421,
				"omitted":	true,
				"sender":	false
			}
		}, {
			"streams":	[{
					"socket":	5,
					"start":	1.000001,
					"end":	2.000001,
					"seconds":	1,
					"bytes":	347780224,
					"bits_per_second":	2782241792,
					"jitter_ms":	0.0062415371557615184,
					"lost_packets":	837955,
					"packets":	1331962,
					"lost_percent":	62.9113293021873,
					"omitted":	true,
					"sender":	false
				}],
			"sum":	{
				"start":	1.000001,
				"end":	2.000001,
				"seconds":	1,
				"bytes":	347780224,
				"bits_per_second":	2782241792,
				"jitter_ms":	0.0062415371557615184,
				"lost_packets":	837955,
				"packets":	1331962,
				"lost_percent":	62.9113293021873,
				"omitted":	true,
				"sender":	false
			}
		}, {
			"streams":	[{
					"socket":	5,
					"start":	1.6e-05,
					"end":	1,
					"seconds":	1.0000159740448,
					"bytes":	174060480,
					"bits_per_second":	1392461596.7560713,
					"jitter_ms":	0.018351023245130247,
					"lost_packets":	1037907,
					"packets":	1285155,
					"lost_percent":	80.761231135543966,
					"omitted":	false,
					"sender":	false
				}],
			"sum":	{
				"start":	1.6e-05,
				"end":	1,
				"seconds":	1.0000159740448,
				"bytes":	174060480,
				"bits_per_second":	1392461596.7560713,
				"jitter_ms":	0.018351023245130247,
				"lost_packets":	1037907,
				"packets":	1285155,
				"lost_percent":	80.761231135543966,
				"omitted":	false,
				"sender":	false
			}
		}, {
			"streams":	[{
					"socket":	5,
					"start":	1,
					"end":	2,
					"seconds":	1,
					"bytes":	200944128,
					"bits_per_second":	1607553024,
					"jitter_ms":	0.0050330775449189853,
					"lost_packets":	943409,
					"packets":	1228841,
					"lost_percent":	76.7722593891317,
					"omitted":	false,
					"sender":	false
				}],
			"sum":	{
				"start":	1,
				"end":	2,
				"seconds":	1,
				"bytes":	200944128,
				"bits_per_second":	1607553024,
				"jitter_ms":	0.0050330775449189853,
				"lost_packets":	943409,
				"packets":	1228841,
				"lost_percent":	76.7722593891317,
				"omitted":	false,
				"sender":	false
			}
		}, {
			"streams":	[{
					"socket":	5,
					"start":	2,
					"end":	3,
					"seconds":	1,
					"bytes":	531812160,
					"bits_per_second":	4254497280,
					"jitter_ms":	0.00043330350549839733,
					"lost_packets":	667225,
					"packets":	1422640,
					"lost_percent":	46.9004807962661,
					"omitted":	false,
					"sender":	false
				}],
			"sum":	{
				"start":	2,
				"end":	3,
				"seconds":	1,
				"bytes":	531812160,
				"bits_per_second":	4254497280,
				"jitter_ms":	0.00043330350549839733,
				"lost_packets":	667225,
				"packets":	1422640,
				"lost_percent":	46.9004807962661,
				"omitted":	false,
				"sender":	false
			}
		}, {
			"streams":	[{
					"socket":	5,
					"start":	3,
					"end":	4,
					"seconds":	1,
					"bytes":	226091008,
					"bits_per_second":	1808728064,
					"jitter_ms":	0.00485522398873689,
					"lost_packets":	849793,
					"packets":	1170947,
					"lost_percent":	72.573139518697261,
					"omitted":	false,
					"sender":	false
				}],
			"sum":	{
				"start":	3,
				"end":	4,
				"seconds":	1,
				"bytes":	226091008,
				"bits_per_second":	1808728064,
				"jitter_ms":	0.00485522398873689,
				"lost_packets":	849793,
				"packets":	1170947,
				"lost_percent":	72.573139518697261,
				"omitted":	false,
				"sender":	false
			}
		}, {
			"streams":	[{
					"socket":	5,
					"start":	4,
					"end":	5.000001,
					"seconds":	1.0000009536743164,
					"bytes":	350726464,
					"bits_per_second":	2805809036.1719856,
					"jitter_ms":	0.00626151048810957,
					"lost_packets":	774106,
					"packets":	1272296,
					"lost_percent":	60.843231449285383,
					"omitted":	false,
					"sender":	false
				}],
			"sum":	{
				"start":	4,
				"end":	5.000001,
				"seconds":	1.0000009536743164,
				"bytes":	350726464,
				"bits_per_second":	2805809036.1719856,
				"jitter_ms":	0.00626151048810957,
				"lost_packets":	774106,
				"packets":	1272296,
				"lost_percent":	60.843231449285383,
				"omitted":	false,
				"sender":	false
			}
		}, {
			"streams":	[{
					"socket":	5,
					"start":	5.000001,
					"end":	5.000259,
					"seconds":	0.00025799998547881842,
					"bytes":	156288,
					"bits_per_second":	4846139807.6421556,
					"jitter_ms":	0.00026158369860168932,
					"lost_packets":	33754,
					"packets":	33977,
					"lost_percent":	99.3436736615946,
					"omitted":	false,
					"sender":	false
				}],
			"sum":	{
				"start":	5.000001,
				"end":	5.000259,
				"seconds":	0.00025799998547881842,
				"bytes":	156288,
				"bits_per_second":	4846139807.6421556,
				"jitter_ms":	0.00026158369860168932,
				"lost_packets":	33754,
				"packets":	33977,
				"lost_percent":	99.3436736615946,
				"omitted":	false,
				"sender":	false
			}
		}],
	"end":	{
		"streams":	[{
				"udp":	{
					"socket":	5,
					"start":	0,
					"end":	5.000259,
					"seconds":	5.000259,
					"bytes":	0,
					"bits_per_second":	0,
					"jitter_ms":	0.00026158369860168932,
					"lost_packets":	4306194,
					"packets":	6413854,
					"lost_percent":	0,
					"out_of_order":	0,
					"sender":	false
				}
			}],
		"sum":	{
			"start":	0,
			"end":	5.000259,
			"seconds":	5.000259,
			"bytes":	0,
			"bits_per_second":	0,
			"jitter_ms":	0.00026158369860168932,
			"lost_packets":	4306194,
			"packets":	6413854,
			"lost_percent":	67.1389464119389,
			"sender":	false
		},
		"sum_sent":	{
			"start":	0,
			"end":	5.000259,
			"seconds":	5.000259,
			"bytes":	0,
			"bits_per_second":	0,
			"jitter_ms":	0,
			"lost_packets":	0,
			"packets":	0,
			"lost_percent":	0,
			"sender":	true
		},
		"sum_received":	{
			"start":	0,
			"end":	5.000259,
			"seconds":	5.000259,
			"bytes":	1483791936,
			"bits_per_second":	2373944127.2942061,
			"jitter_ms":	0.00026158369860168932,
			"lost_packets":	4306194,
			"packets":	6413854,
			"lost_percent":	67.1389464119389,
			"sender":	false
		},
		"cpu_utilization_percent":	{
			"host_total":	197.21871085423882,
			"host_user":	18.674027135204181,
			"host_system":	178.54466943388971,
			"remote_total":	0,
			"remote_user":	0,
			"remote_system":	0
		}
	}
}
