{
	"start":	{
		"connected":	[{
				"socket":	5,
				"local_host":	"192.168.1.110",
				"local_port":	53615,
				"remote_host":	"192.168.1.100",
				"remote_port":	5201
			}],
		"version":	"iperf 3.16",
		"system_info":	"Linux design-lab 6.14.0-37-generic #37~24.04.1-Ubuntu SMP PREEMPT_DYNAMIC Thu Nov 20 10:25:38 UTC 2 x86_64",
		"timestamp":	{
			"time":	"Fri, 26 Jun 2026 02:24:20 GMT",
			"timesecs":	1782440660
		},
		"connecting_to":	{
			"host":	"192.168.1.100",
			"port":	5201
		},
		"cookie":	"nswcamehxq7bwbbv3oqn3rekniz4u2hgz3hh",
		"target_bitrate":	6972762646,
		"fq_rate":	0,
		"sock_bufsize":	0,
		"sndbuf_actual":	134217728,
		"rcvbuf_actual":	134217728,
		"test_start":	{
			"protocol":	"UDP",
			"num_streams":	1,
			"blksize":	448,
			"omit":	2,
			"duration":	5,
			"bytes":	0,
			"blocks":	0,
			"reverse":	0,
			"tos":	0,
			"target_bitrate":	6972762646,
			"bidir":	0,
			"fqrate":	0
		}
	},
	"intervals":	[{
			"streams":	[{
					"socket":	5,
					"start":	0,
					"end":	1.000052,
					"seconds":	1.0000519752502441,
					"bytes":	647281600,
					"bits_per_second":	5177983673.0028353,
					"packets":	1444826,
					"omitted":	true,
					"sender":	true
				}],
			"sum":	{
				"start":	0,
				"end":	1.000052,
				"seconds":	1.0000519752502441,
				"bytes":	647281600,
				"bits_per_second":	5177983673.0028353,
				"packets":	1444826,
				"omitted":	true,
				"sender":	true
			}
		}, {
			"streams":	[{
					"socket":	5,
					"start":	1,
					"end":	1.000001,
					"seconds":	2.0000009536743164,
					"bytes":	644357056,
					"bits_per_second":	2577426994.9870362,
					"packets":	2878007,
					"omitted":	false,
					"sender":	true
				}],
			"sum":	{
				"start":	1,
				"end":	1.000001,
				"seconds":	2.0000009536743164,
				"bytes":	644357056,
				"bits_per_second":	2577426994.9870362,
				"packets":	2878007,
				"omitted":	false,
				"sender":	true
			}
		}, {
			"streams":	[{
					"socket":	5,
					"start":	1.000001,
					"end":	2.000001,
					"seconds":	1,
					"bytes":	644680512,
					"bits_per_second":	5157444096,
					"packets":	1439021,
					"omitted":	false,
					"sender":	true
				}],
			"sum":	{
				"start":	1.000001,
				"end":	2.000001,
				"seconds":	1,
				"bytes":	644680512,
				"bits_per_second":	5157444096,
				"packets":	1439021,
				"omitted":	false,
				"sender":	true
			}
		}, {
			"streams":	[{
					"socket":	5,
					"start":	2.000001,
					"end":	3.000001,
					"seconds":	1,
					"bytes":	644474880,
					"bits_per_second":	5155799040,
					"packets":	1438568,
					"omitted":	false,
					"sender":	true
				}],
			"sum":	{
				"start":	2.000001,
				"end":	3.000001,
				"seconds":	1,
				"bytes":	644474880,
				"bits_per_second":	5155799040,
				"packets":	1438568,
				"omitted":	false,
				"sender":	true
			}
		}, {
			"streams":	[{
					"socket":	5,
					"start":	3.000001,
					"end":	4.000001,
					"seconds":	1,
					"bytes":	644365120,
					"bits_per_second":	5154920960,
					"packets":	1438316,
					"omitted":	false,
					"sender":	true
				}],
			"sum":	{
				"start":	3.000001,
				"end":	4.000001,
				"seconds":	1,
				"bytes":	644365120,
				"bits_per_second":	5154920960,
				"packets":	1438316,
				"omitted":	false,
				"sender":	true
			}
		}, {
			"streams":	[{
					"socket":	5,
					"start":	4.000001,
					"end":	5.000114,
					"seconds":	1.0001130104064941,
					"bytes":	643972224,
					"bits_per_second":	5151195653.2852917,
					"packets":	1437438,
					"omitted":	false,
					"sender":	true
				}],
			"sum":	{
				"start":	4.000001,
				"end":	5.000114,
				"seconds":	1.0001130104064941,
				"bytes":	643972224,
				"bits_per_second":	5151195653.2852917,
				"packets":	1437438,
				"omitted":	false,
				"sender":	true
			}
		}],
	"end":	{
		"streams":	[{
				"udp":	{
					"socket":	5,
					"start":	0,
					"end":	5.000114,
					"seconds":	5.000114,
					"bytes":	3221855168,
					"bits_per_second":	5154850738.20317,
					"jitter_ms":	0.00027236509935512531,
					"lost_packets":	0,
					"packets":	7191640,
					"lost_percent":	0,
					"out_of_order":	0,
					"sender":	true
				}
			}],
		"sum":	{
			"start":	0,
			"end":	5.000289,
			"seconds":	5.000289,
			"bytes":	3221855168,
			"bits_per_second":	5154850738.20317,
			"jitter_ms":	0.00027236509935512531,
			"lost_packets":	0,
			"packets":	7191640,
			"lost_percent":	0,
			"sender":	true
		},
		"sum_sent":	{
			"start":	0,
			"end":	5.000114,
			"seconds":	5.000114,
			"bytes":	3221855168,
			"bits_per_second":	5154850738.20317,
			"jitter_ms":	0,
			"lost_packets":	0,
			"packets":	7191640,
			"lost_percent":	0,
			"sender":	true
		},
		"sum_received":	{
			"start":	0,
			"end":	5.000289,
			"seconds":	5.000289,
			"bytes":	3221955072,
			"bits_per_second":	5154830166.0164042,
			"jitter_ms":	0.00027236509935512531,
			"lost_packets":	0,
			"packets":	7191864,
			"lost_percent":	0,
			"sender":	false
		},
		"cpu_utilization_percent":	{
			"host_total":	101.27084106494382,
			"host_user":	11.992331385181764,
			"host_system":	89.278509679762053,
			"remote_total":	197.29655524320347,
			"remote_user":	26.407202214879355,
			"remote_system":	170.88932445808325
		}
	}
}
