{
	"start":	{
		"connected":	[{
				"socket":	5,
				"local_host":	"192.168.1.100",
				"local_port":	5201,
				"remote_host":	"192.168.1.110",
				"remote_port":	53615
			}],
		"version":	"iperf 3.16",
		"system_info":	"Linux design-lab 6.14.0-37-generic #37~24.04.1-Ubuntu SMP PREEMPT_DYNAMIC Thu Nov 20 10:25:38 UTC 2 x86_64",
		"target_bitrate":	6972762646,
		"timestamp":	{
			"time":	"Fri, 26 Jun 2026 02:24:20 GMT",
			"timesecs":	1782440660
		},
		"accepted_connection":	{
			"host":	"192.168.1.110",
			"port":	46662
		},
		"cookie":	"nswcamehxq7bwbbv3oqn3rekniz4u2hgz3hh",
		"target_bitrate":	6972762646,
		"fq_rate":	0,
		"sock_bufsize":	0,
		"sndbuf_actual":	134217728,
		"rcvbuf_actual":	134217728,
		"test_start":	{
			"protocol":	"UDP",
			"num_streams":	1,
			"blksize":	448,
			"omit":	2,
			"duration":	5,
			"bytes":	0,
			"blocks":	0,
			"reverse":	0,
			"tos":	0,
			"target_bitrate":	6972762646,
			"bidir":	0,
			"fqrate":	0
		}
	},
	"intervals":	[{
			"streams":	[{
					"socket":	5,
					"start":	0,
					"end":	1.000001,
					"seconds":	1.0000009536743164,
					"bytes":	647178560,
					"bits_per_second":	5177423542.4241428,
					"jitter_ms":	0.0005641061950441464,
					"lost_packets":	0,
					"packets":	1444595,
					"lost_percent":	0,
					"omitted":	true,
					"sender":	false
				}],
			"sum":	{
				"start":	0,
				"end":	1.000001,
				"seconds":	1.0000009536743164,
				"bytes":	647178560,
				"bits_per_second":	5177423542.4241428,
				"jitter_ms":	0.0005641061950441464,
				"lost_packets":	0,
				"packets":	1444595,
				"lost_percent":	0,
				"omitted":	true,
				"sender":	false
			}
		}, {
			"streams":	[{
					"socket":	5,
					"start":	1,
					"end":	1,
					"seconds":	2,
					"bytes":	644342720,
					"bits_per_second":	2577370880,
					"jitter_ms":	0.00044196935309200671,
					"lost_packets":	0,
					"packets":	2877983,
					"lost_percent":	0,
					"omitted":	false,
					"sender":	false
				}],
			"sum":	{
				"start":	1,
				"end":	1,
				"seconds":	2,
				"bytes":	644342720,
				"bits_per_second":	2577370880,
				"jitter_ms":	0.00044196935309200671,
				"lost_packets":	0,
				"packets":	2877983,
				"lost_percent":	0,
				"omitted":	false,
				"sender":	false
			}
		}, {
			"streams":	[{
					"socket":	5,
					"start":	1,
					"end":	2,
					"seconds":	1,
					"bytes":	644693952,
					"bits_per_second":	5157551616,
					"jitter_ms":	0.00042144896070247416,
					"lost_packets":	0,
					"packets":	1439050,
					"lost_percent":	0,
					"omitted":	false,
					"sender":	false
				}],
			"sum":	{
				"start":	1,
				"end":	2,
				"seconds":	1,
				"bytes":	644693952,
				"bits_per_second":	5157551616,
				"jitter_ms":	0.00042144896070247416,
				"lost_packets":	0,
				"packets":	1439050,
				"lost_percent":	0,
				"omitted":	false,
				"sender":	false
			}
		}, {
			"streams":	[{
					"socket":	5,
					"start":	2,
					"end":	3,
					"seconds":	1,
					"bytes":	644489216,
					"bits_per_second":	5155913728,
					"jitter_ms":	0.00037048691719944731,
					"lost_packets":	0,
					"packets":	1438594,
					"lost_percent":	0,
					"omitted":	false,
					"sender":	false
				}],
			"sum":	{
				"start":	2,
				"end":	3,
				"seconds":	1,
				"bytes":	644489216,
				"bits_per_second":	5155913728,
				"jitter_ms":	0.00037048691719944731,
				"lost_packets":	0,
				"packets":	1438594,
				"lost_percent":	0,
				"omitted":	false,
				"sender":	false
			}
		}, {
			"streams":	[{
					"socket":	5,
					"start":	3,
					"end":	4,
					"seconds":	1,
					"bytes":	644353472,
					"bits_per_second":	5154827776,
					"jitter_ms":	0.00029343741911467885,
					"lost_packets":	0,
					"packets":	1438294,
					"lost_percent":	0,
					"omitted":	false,
					"sender":	false
				}],
			"sum":	{
				"start":	3,
				"end":	4,
				"seconds":	1,
				"bytes":	644353472,
				"bits_per_second":	5154827776,
				"jitter_ms":	0.00029343741911467885,
				"lost_packets":	0,
				"packets":	1438294,
				"lost_percent":	0,
				"omitted":	false,
				"sender":	false
			}
		}, {
			"streams":	[{
					"socket":	5,
					"start":	4,
					"end":	5,
					"seconds":	1,
					"bytes":	643973120,
					"bits_per_second":	5151784960,
					"jitter_ms":	0.00044201225325136176,
					"lost_packets":	0,
					"packets":	1437442,
					"lost_percent":	0,
					"omitted":	false,
					"sender":	false
				}],
			"sum":	{
				"start":	4,
				"end":	5,
				"seconds":	1,
				"bytes":	643973120,
				"bits_per_second":	5151784960,
				"jitter_ms":	0.00044201225325136176,
				"lost_packets":	0,
				"packets":	1437442,
				"lost_percent":	0,
				"omitted":	false,
				"sender":	false
			}
		}, {
			"streams":	[{
					"socket":	5,
					"start":	5,
					"end":	5.000289,
					"seconds":	0.00028899998869746923,
					"bytes":	97664,
					"bits_per_second":	2703501835.8353381,
					"jitter_ms":	0.00027236509935512531,
					"lost_packets":	0,
					"packets":	218,
					"lost_percent":	0,
					"omitted":	false,
					"sender":	false
				}],
			"sum":	{
				"start":	5,
				"end":	5.000289,
				"seconds":	0.00028899998869746923,
				"bytes":	97664,
				"bits_per_second":	2703501835.8353381,
				"jitter_ms":	0.00027236509935512531,
				"lost_packets":	0,
				"packets":	218,
				"lost_percent":	0,
				"omitted":	false,
				"sender":	false
			}
		}],
	"end":	{
		"streams":	[{
				"udp":	{
					"socket":	5,
					"start":	0,
					"end":	5.000289,
					"seconds":	5.000289,
					"bytes":	0,
					"bits_per_second":	0,
					"jitter_ms":	0.00027236509935512531,
					"lost_packets":	0,
					"packets":	7191864,
					"lost_percent":	0,
					"out_of_order":	0,
					"sender":	false
				}
			}],
		"sum":	{
			"start":	0,
			"end":	5.000289,
			"seconds":	5.000289,
			"bytes":	0,
			"bits_per_second":	0,
			"jitter_ms":	0.00027236509935512531,
			"lost_packets":	0,
			"packets":	7191864,
			"lost_percent":	0,
			"sender":	false
		},
		"sum_sent":	{
			"start":	0,
			"end":	5.000289,
			"seconds":	5.000289,
			"bytes":	0,
			"bits_per_second":	0,
			"jitter_ms":	0,
			"lost_packets":	0,
			"packets":	0,
			"lost_percent":	0,
			"sender":	true
		},
		"sum_received":	{
			"start":	0,
			"end":	5.000289,
			"seconds":	5.000289,
			"bytes":	3221955072,
			"bits_per_second":	5154830166.0164042,
			"jitter_ms":	0.00027236509935512531,
			"lost_packets":	0,
			"packets":	7191864,
			"lost_percent":	0,
			"sender":	false
		},
		"cpu_utilization_percent":	{
			"host_total":	197.29655524320347,
			"host_user":	26.407202214879355,
			"host_system":	170.88932445808325,
			"remote_total":	0,
			"remote_user":	0,
			"remote_system":	0
		}
	}
}
