{
	"start":	{
		"connected":	[{
				"socket":	5,
				"local_host":	"192.168.1.100",
				"local_port":	5201,
				"remote_host":	"192.168.1.110",
				"remote_port":	44293
			}],
		"version":	"iperf 3.16",
		"system_info":	"Linux design-lab 6.14.0-37-generic #37~24.04.1-Ubuntu SMP PREEMPT_DYNAMIC Thu Nov 20 10:25:38 UTC 2 x86_64",
		"target_bitrate":	7366906475,
		"timestamp":	{
			"time":	"Fri, 26 Jun 2026 02:25:44 GMT",
			"timesecs":	1782440744
		},
		"accepted_connection":	{
			"host":	"192.168.1.110",
			"port":	59714
		},
		"cookie":	"w2yxwcych32b2n6l6ony2lapvsqam3b6wrmo",
		"target_bitrate":	7366906475,
		"fq_rate":	0,
		"sock_bufsize":	0,
		"sndbuf_actual":	134217728,
		"rcvbuf_actual":	134217728,
		"test_start":	{
			"protocol":	"UDP",
			"num_streams":	1,
			"blksize":	768,
			"omit":	2,
			"duration":	5,
			"bytes":	0,
			"blocks":	0,
			"reverse":	0,
			"tos":	0,
			"target_bitrate":	7366906475,
			"bidir":	0,
			"fqrate":	0
		}
	},
	"intervals":	[{
			"streams":	[{
					"socket":	5,
					"start":	0,
					"end":	1.000001,
					"seconds":	1.0000009536743164,
					"bytes":	243681024,
					"bits_per_second":	1949446332.8631012,
					"jitter_ms":	0.0004681484968605109,
					"lost_packets":	781188,
					"packets":	1098481,
					"lost_percent":	71.115294665997865,
					"omitted":	true,
					"sender":	false
				}],
			"sum":	{
				"start":	0,
				"end":	1.000001,
				"seconds":	1.0000009536743164,
				"bytes":	243681024,
				"bits_per_second":	1949446332.8631012,
				"jitter_ms":	0.0004681484968605109,
				"lost_packets":	781188,
				"packets":	1098481,
				"lost_percent":	71.115294665997865,
				"omitted":	true,
				"sender":	false
			}
		}, {
			"streams":	[{
					"socket":	5,
					"start":	1.000001,
					"end":	2.000001,
					"seconds":	1,
					"bytes":	220048896,
					"bits_per_second":	1760391168,
					"jitter_ms":	0.00294802944696012,
					"lost_packets":	928391,
					"packets":	1214916,
					"lost_percent":	76.416064978977971,
					"omitted":	true,
					"sender":	false
				}],
			"sum":	{
				"start":	1.000001,
				"end":	2.000001,
				"seconds":	1,
				"bytes":	220048896,
				"bits_per_second":	1760391168,
				"jitter_ms":	0.00294802944696012,
				"lost_packets":	928391,
				"packets":	1214916,
				"lost_percent":	76.416064978977971,
				"omitted":	true,
				"sender":	false
			}
		}, {
			"streams":	[{
					"socket":	5,
					"start":	1.6e-05,
					"end":	1,
					"seconds":	1.0000159740448,
					"bytes":	254091264,
					"bits_per_second":	2032697641.5968087,
					"jitter_ms":	0.00048503524438946286,
					"lost_packets":	897046,
					"packets":	1227894,
					"lost_percent":	73.055654641198672,
					"omitted":	false,
					"sender":	false
				}],
			"sum":	{
				"start":	1.6e-05,
				"end":	1,
				"seconds":	1.0000159740448,
				"bytes":	254091264,
				"bits_per_second":	2032697641.5968087,
				"jitter_ms":	0.00048503524438946286,
				"lost_packets":	897046,
				"packets":	1227894,
				"lost_percent":	73.055654641198672,
				"omitted":	false,
				"sender":	false
			}
		}, {
			"streams":	[{
					"socket":	5,
					"start":	1,
					"end":	2,
					"seconds":	1,
					"bytes":	252688128,
					"bits_per_second":	2021505024,
					"jitter_ms":	0.00050648381291728618,
					"lost_packets":	831888,
					"packets":	1160909,
					"lost_percent":	71.6583298087964,
					"omitted":	false,
					"sender":	false
				}],
			"sum":	{
				"start":	1,
				"end":	2,
				"seconds":	1,
				"bytes":	252688128,
				"bits_per_second":	2021505024,
				"jitter_ms":	0.00050648381291728618,
				"lost_packets":	831888,
				"packets":	1160909,
				"lost_percent":	71.6583298087964,
				"omitted":	false,
				"sender":	false
			}
		}, {
			"streams":	[{
					"socket":	5,
					"start":	2,
					"end":	3,
					"seconds":	1,
					"bytes":	217817088,
					"bits_per_second":	1742536704,
					"jitter_ms":	0.00456993077848936,
					"lost_packets":	919403,
					"packets":	1203019,
					"lost_percent":	76.4246449972943,
					"omitted":	false,
					"sender":	false
				}],
			"sum":	{
				"start":	2,
				"end":	3,
				"seconds":	1,
				"bytes":	217817088,
				"bits_per_second":	1742536704,
				"jitter_ms":	0.00456993077848936,
				"lost_packets":	919403,
				"packets":	1203019,
				"lost_percent":	76.4246449972943,
				"omitted":	false,
				"sender":	false
			}
		}, {
			"streams":	[{
					"socket":	5,
					"start":	3,
					"end":	4,
					"seconds":	1,
					"bytes":	217322496,
					"bits_per_second":	1738579968,
					"jitter_ms":	0.0062765249116358262,
					"lost_packets":	903750,
					"packets":	1186722,
					"lost_percent":	76.1551568101038,
					"omitted":	false,
					"sender":	false
				}],
			"sum":	{
				"start":	3,
				"end":	4,
				"seconds":	1,
				"bytes":	217322496,
				"bits_per_second":	1738579968,
				"jitter_ms":	0.0062765249116358262,
				"lost_packets":	903750,
				"packets":	1186722,
				"lost_percent":	76.1551568101038,
				"omitted":	false,
				"sender":	false
			}
		}, {
			"streams":	[{
					"socket":	5,
					"start":	4,
					"end":	5,
					"seconds":	1,
					"bytes":	215668224,
					"bits_per_second":	1725345792,
					"jitter_ms":	0.001737995911264966,
					"lost_packets":	931140,
					"packets":	1211958,
					"lost_percent":	76.829395078047256,
					"omitted":	false,
					"sender":	false
				}],
			"sum":	{
				"start":	4,
				"end":	5,
				"seconds":	1,
				"bytes":	215668224,
				"bits_per_second":	1725345792,
				"jitter_ms":	0.001737995911264966,
				"lost_packets":	931140,
				"packets":	1211958,
				"lost_percent":	76.829395078047256,
				"omitted":	false,
				"sender":	false
			}
		}, {
			"streams":	[{
					"socket":	5,
					"start":	5,
					"end":	5.000261,
					"seconds":	0.00026100000832229853,
					"bytes":	155904,
					"bits_per_second":	4778666514.2931442,
					"jitter_ms":	0.00036665560821853838,
					"lost_packets":	0,
					"packets":	203,
					"lost_percent":	0,
					"omitted":	false,
					"sender":	false
				}],
			"sum":	{
				"start":	5,
				"end":	5.000261,
				"seconds":	0.00026100000832229853,
				"bytes":	155904,
				"bits_per_second":	4778666514.2931442,
				"jitter_ms":	0.00036665560821853838,
				"lost_packets":	0,
				"packets":	203,
				"lost_percent":	0,
				"omitted":	false,
				"sender":	false
			}
		}],
	"end":	{
		"streams":	[{
				"udp":	{
					"socket":	5,
					"start":	0,
					"end":	5.000261,
					"seconds":	5.000261,
					"bytes":	0,
					"bits_per_second":	0,
					"jitter_ms":	0.00036665560821853838,
					"lost_packets":	4483227,
					"packets":	5990705,
					"lost_percent":	0,
					"out_of_order":	0,
					"sender":	false
				}
			}],
		"sum":	{
			"start":	0,
			"end":	5.000261,
			"seconds":	5.000261,
			"bytes":	0,
			"bits_per_second":	0,
			"jitter_ms":	0.00036665560821853838,
			"lost_packets":	4483227,
			"packets":	5990705,
			"lost_percent":	74.8363840315956,
			"sender":	false
		},
		"sum_sent":	{
			"start":	0,
			"end":	5.000261,
			"seconds":	5.000261,
			"bytes":	0,
			"bits_per_second":	0,
			"jitter_ms":	0,
			"lost_packets":	0,
			"packets":	0,
			"lost_percent":	0,
			"sender":	true
		},
		"sum_received":	{
			"start":	0,
			"end":	5.000261,
			"seconds":	5.000261,
			"bytes":	1157743104,
			"bits_per_second":	1852292276.743154,
			"jitter_ms":	0.00036665560821853838,
			"lost_packets":	4483227,
			"packets":	5990705,
			"lost_percent":	74.8363840315956,
			"sender":	false
		},
		"cpu_utilization_percent":	{
			"host_total":	199.71168292006647,
			"host_user":	18.212602669122187,
			"host_system":	181.49908025094427,
			"remote_total":	0,
			"remote_user":	0,
			"remote_system":	0
		}
	}
}
