{
	"start":	{
		"connected":	[{
				"socket":	5,
				"local_host":	"192.168.1.110",
				"local_port":	40569,
				"remote_host":	"192.168.1.100",
				"remote_port":	5201
			}],
		"version":	"iperf 3.16",
		"system_info":	"Linux design-lab 6.14.0-37-generic #37~24.04.1-Ubuntu SMP PREEMPT_DYNAMIC Thu Nov 20 10:25:38 UTC 2 x86_64",
		"timestamp":	{
			"time":	"Fri, 26 Jun 2026 02:24:53 GMT",
			"timesecs":	1782440693
		},
		"connecting_to":	{
			"host":	"192.168.1.100",
			"port":	5201
		},
		"cookie":	"dd5byncb7ecabcnofsz2enjts7ojkjwrsupm",
		"target_bitrate":	7177570093,
		"fq_rate":	0,
		"sock_bufsize":	0,
		"sndbuf_actual":	134217728,
		"rcvbuf_actual":	134217728,
		"test_start":	{
			"protocol":	"UDP",
			"num_streams":	1,
			"blksize":	576,
			"omit":	2,
			"duration":	5,
			"bytes":	0,
			"blocks":	0,
			"reverse":	0,
			"tos":	0,
			"target_bitrate":	7177570093,
			"bidir":	0,
			"fqrate":	0
		}
	},
	"intervals":	[{
			"streams":	[{
					"socket":	5,
					"start":	0,
					"end":	1.000052,
					"seconds":	1.0000519752502441,
					"bytes":	826576704,
					"bits_per_second":	6612269957.61427,
					"packets":	1435030,
					"omitted":	true,
					"sender":	true
				}],
			"sum":	{
				"start":	0,
				"end":	1.000052,
				"seconds":	1.0000519752502441,
				"bytes":	826576704,
				"bits_per_second":	6612269957.61427,
				"packets":	1435030,
				"omitted":	true,
				"sender":	true
			}
		}, {
			"streams":	[{
					"socket":	5,
					"start":	1.000001,
					"end":	1.000052,
					"seconds":	2.00005292892456,
					"bytes":	833785920,
					"bits_per_second":	3335055419.5516467,
					"packets":	2887897,
					"omitted":	false,
					"sender":	true
				}],
			"sum":	{
				"start":	1.000001,
				"end":	1.000052,
				"seconds":	2.00005292892456,
				"bytes":	833785920,
				"bits_per_second":	3335055419.5516467,
				"packets":	2887897,
				"omitted":	false,
				"sender":	true
			}
		}, {
			"streams":	[{
					"socket":	5,
					"start":	1.000052,
					"end":	2.000052,
					"seconds":	1,
					"bytes":	833515776,
					"bits_per_second":	6668126208,
					"packets":	1447078,
					"omitted":	false,
					"sender":	true
				}],
			"sum":	{
				"start":	1.000052,
				"end":	2.000052,
				"seconds":	1,
				"bytes":	833515776,
				"bits_per_second":	6668126208,
				"packets":	1447078,
				"omitted":	false,
				"sender":	true
			}
		}, {
			"streams":	[{
					"socket":	5,
					"start":	2.000052,
					"end":	3.000052,
					"seconds":	1,
					"bytes":	833167872,
					"bits_per_second":	6665342976,
					"packets":	1446478,
					"omitted":	false,
					"sender":	true
				}],
			"sum":	{
				"start":	2.000052,
				"end":	3.000052,
				"seconds":	1,
				"bytes":	833167872,
				"bits_per_second":	6665342976,
				"packets":	1446478,
				"omitted":	false,
				"sender":	true
			}
		}, {
			"streams":	[{
					"socket":	5,
					"start":	3.000052,
					"end":	4.000052,
					"seconds":	1,
					"bytes":	832883904,
					"bits_per_second":	6663071232,
					"packets":	1445980,
					"omitted":	false,
					"sender":	true
				}],
			"sum":	{
				"start":	3.000052,
				"end":	4.000052,
				"seconds":	1,
				"bytes":	832883904,
				"bits_per_second":	6663071232,
				"packets":	1445980,
				"omitted":	false,
				"sender":	true
			}
		}, {
			"streams":	[{
					"socket":	5,
					"start":	4.000052,
					"end":	5.000139,
					"seconds":	1.0000870227813721,
					"bytes":	833048064,
					"bits_per_second":	6663804609.18839,
					"packets":	1446264,
					"omitted":	false,
					"sender":	true
				}],
			"sum":	{
				"start":	4.000052,
				"end":	5.000139,
				"seconds":	1.0000870227813721,
				"bytes":	833048064,
				"bits_per_second":	6663804609.18839,
				"packets":	1446264,
				"omitted":	false,
				"sender":	true
			}
		}],
	"end":	{
		"streams":	[{
				"udp":	{
					"socket":	5,
					"start":	0,
					"end":	5.000139,
					"seconds":	5.000139,
					"bytes":	4166407872,
					"bits_per_second":	6666067278.5296574,
					"jitter_ms":	0.00056634681500255255,
					"lost_packets":	62032,
					"packets":	7233346,
					"lost_percent":	0.857583751696656,
					"out_of_order":	0,
					"sender":	true
				}
			}],
		"sum":	{
			"start":	0,
			"end":	5.000246,
			"seconds":	5.000246,
			"bytes":	4166407872,
			"bits_per_second":	6666067278.5296574,
			"jitter_ms":	0.00056634681500255255,
			"lost_packets":	62032,
			"packets":	7233346,
			"lost_percent":	0.857583751696656,
			"sender":	true
		},
		"sum_sent":	{
			"start":	0,
			"end":	5.000139,
			"seconds":	5.000139,
			"bytes":	4166407872,
			"bits_per_second":	6666067278.5296574,
			"jitter_ms":	0,
			"lost_packets":	0,
			"packets":	7233346,
			"lost_percent":	0,
			"sender":	true
		},
		"sum_received":	{
			"start":	0,
			"end":	5.000246,
			"seconds":	5.000246,
			"bytes":	4131220608,
			"bits_per_second":	6609627779.1132679,
			"jitter_ms":	0.00056634681500255255,
			"lost_packets":	62032,
			"packets":	7234290,
			"lost_percent":	0.857583751696656,
			"sender":	false
		},
		"cpu_utilization_percent":	{
			"host_total":	101.16543750081244,
			"host_user":	11.268833706851765,
			"host_system":	89.8966180785587,
			"remote_total":	199.98428630691643,
			"remote_user":	26.882671853518669,
			"remote_system":	173.10158588304668
		}
	}
}
