{
	"start":	{
		"connected":	[{
				"socket":	5,
				"local_host":	"192.168.1.110",
				"local_port":	37405,
				"remote_host":	"192.168.1.100",
				"remote_port":	5201
			}],
		"version":	"iperf 3.16",
		"system_info":	"Linux design-lab 6.14.0-37-generic #37~24.04.1-Ubuntu SMP PREEMPT_DYNAMIC Thu Nov 20 10:25:38 UTC 2 x86_64",
		"timestamp":	{
			"time":	"Fri, 26 Jun 2026 02:23:29 GMT",
			"timesecs":	1782440609
		},
		"connecting_to":	{
			"host":	"192.168.1.100",
			"port":	5201
		},
		"cookie":	"rvcjedqw5ug3fubaxdznrrzwiv7rfsrkewp7",
		"target_bitrate":	6360248447,
		"fq_rate":	0,
		"sock_bufsize":	0,
		"sndbuf_actual":	134217728,
		"rcvbuf_actual":	134217728,
		"test_start":	{
			"protocol":	"UDP",
			"num_streams":	1,
			"blksize":	256,
			"omit":	2,
			"duration":	5,
			"bytes":	0,
			"blocks":	0,
			"reverse":	0,
			"tos":	0,
			"target_bitrate":	6360248447,
			"bidir":	0,
			"fqrate":	0
		}
	},
	"intervals":	[{
			"streams":	[{
					"socket":	5,
					"start":	0,
					"end":	1.000052,
					"seconds":	1.0000519752502441,
					"bytes":	368991488,
					"bits_per_second":	2951778484.5745988,
					"packets":	1441374,
					"omitted":	true,
					"sender":	true
				}],
			"sum":	{
				"start":	0,
				"end":	1.000052,
				"seconds":	1.0000519752502441,
				"bytes":	368991488,
				"bits_per_second":	2951778484.5745988,
				"packets":	1441374,
				"omitted":	true,
				"sender":	true
			}
		}, {
			"streams":	[{
					"socket":	5,
					"start":	1.000001,
					"end":	1.000052,
					"seconds":	2.00005292892456,
					"bytes":	367593216,
					"bits_per_second":	1470333952.4025772,
					"packets":	2872911,
					"omitted":	false,
					"sender":	true
				}],
			"sum":	{
				"start":	1.000001,
				"end":	1.000052,
				"seconds":	2.00005292892456,
				"bytes":	367593216,
				"bits_per_second":	1470333952.4025772,
				"packets":	2872911,
				"omitted":	false,
				"sender":	true
			}
		}, {
			"streams":	[{
					"socket":	5,
					"start":	1.000052,
					"end":	2.000052,
					"seconds":	1,
					"bytes":	367665152,
					"bits_per_second":	2941321216,
					"packets":	1436193,
					"omitted":	false,
					"sender":	true
				}],
			"sum":	{
				"start":	1.000052,
				"end":	2.000052,
				"seconds":	1,
				"bytes":	367665152,
				"bits_per_second":	2941321216,
				"packets":	1436193,
				"omitted":	false,
				"sender":	true
			}
		}, {
			"streams":	[{
					"socket":	5,
					"start":	2.000052,
					"end":	3.000052,
					"seconds":	1,
					"bytes":	372180224,
					"bits_per_second":	2977441792,
					"packets":	1453837,
					"omitted":	false,
					"sender":	true
				}],
			"sum":	{
				"start":	2.000052,
				"end":	3.000052,
				"seconds":	1,
				"bytes":	372180224,
				"bits_per_second":	2977441792,
				"packets":	1453837,
				"omitted":	false,
				"sender":	true
			}
		}, {
			"streams":	[{
					"socket":	5,
					"start":	3.000052,
					"end":	4.000052,
					"seconds":	1,
					"bytes":	372549376,
					"bits_per_second":	2980395008,
					"packets":	1455272,
					"omitted":	false,
					"sender":	true
				}],
			"sum":	{
				"start":	3.000052,
				"end":	4.000052,
				"seconds":	1,
				"bytes":	372549376,
				"bits_per_second":	2980395008,
				"packets":	1455272,
				"omitted":	false,
				"sender":	true
			}
		}, {
			"streams":	[{
					"socket":	5,
					"start":	4.000052,
					"end":	5.000116,
					"seconds":	1.0000640153884888,
					"bytes":	372221184,
					"bits_per_second":	2977578861.1324487,
					"packets":	1453989,
					"omitted":	false,
					"sender":	true
				}],
			"sum":	{
				"start":	4.000052,
				"end":	5.000116,
				"seconds":	1.0000640153884888,
				"bytes":	372221184,
				"bits_per_second":	2977578861.1324487,
				"packets":	1453989,
				"omitted":	false,
				"sender":	true
			}
		}],
	"end":	{
		"streams":	[{
				"udp":	{
					"socket":	5,
					"start":	0,
					"end":	5.000116,
					"seconds":	5.000116,
					"bytes":	1852212224,
					"bits_per_second":	2963470805.8773036,
					"jitter_ms":	0.00045037529004934878,
					"lost_packets":	1674,
					"packets":	7235204,
					"lost_percent":	0.023136873542197289,
					"out_of_order":	0,
					"sender":	true
				}
			}],
		"sum":	{
			"start":	0,
			"end":	5.000244,
			"seconds":	5.000244,
			"bytes":	1852212224,
			"bits_per_second":	2963470805.8773036,
			"jitter_ms":	0.00045037529004934878,
			"lost_packets":	1674,
			"packets":	7235204,
			"lost_percent":	0.023136873542197289,
			"sender":	true
		},
		"sum_sent":	{
			"start":	0,
			"end":	5.000116,
			"seconds":	5.000116,
			"bytes":	1852212224,
			"bits_per_second":	2963470805.8773036,
			"jitter_ms":	0,
			"lost_packets":	0,
			"packets":	7235204,
			"lost_percent":	0,
			"sender":	true
		},
		"sum_received":	{
			"start":	0,
			"end":	5.000244,
			"seconds":	5.000244,
			"bytes":	1851842304,
			"bits_per_second":	2962803101.6086411,
			"jitter_ms":	0.00045037529004934878,
			"lost_packets":	1674,
			"packets":	7235433,
			"lost_percent":	0.023136873542197289,
			"sender":	false
		},
		"cpu_utilization_percent":	{
			"host_total":	101.23182207503325,
			"host_user":	12.326205866875108,
			"host_system":	88.90560192351316,
			"remote_total":	195.01939074158517,
			"remote_user":	26.06650507239172,
			"remote_system":	168.95285709877709
		}
	}
}
