{
	"start":	{
		"connected":	[{
				"socket":	5,
				"local_host":	"192.168.1.100",
				"local_port":	5201,
				"remote_host":	"192.168.1.110",
				"remote_port":	42484
			}],
		"version":	"iperf 3.16",
		"system_info":	"Linux design-lab 6.14.0-37-generic #37~24.04.1-Ubuntu SMP PREEMPT_DYNAMIC Thu Nov 20 10:25:38 UTC 2 x86_64",
		"target_bitrate":	7588143526,
		"timestamp":	{
			"time":	"Fri, 26 Jun 2026 02:27:41 GMT",
			"timesecs":	1782440861
		},
		"accepted_connection":	{
			"host":	"192.168.1.110",
			"port":	53692
		},
		"cookie":	"vuwhmusgvlkv4kczswsz76aw54a2zi223lg5",
		"target_bitrate":	7588143526,
		"fq_rate":	0,
		"sock_bufsize":	0,
		"sndbuf_actual":	134217728,
		"rcvbuf_actual":	134217728,
		"test_start":	{
			"protocol":	"UDP",
			"num_streams":	1,
			"blksize":	1216,
			"omit":	2,
			"duration":	5,
			"bytes":	0,
			"blocks":	0,
			"reverse":	0,
			"tos":	0,
			"target_bitrate":	7588143526,
			"bidir":	0,
			"fqrate":	0
		}
	},
	"intervals":	[{
			"streams":	[{
					"socket":	5,
					"start":	0,
					"end":	1.000004,
					"seconds":	1.0000040531158447,
					"bytes":	948403392,
					"bits_per_second":	7587196384.214118,
					"jitter_ms":	0.0045427664025014646,
					"lost_packets":	0,
					"packets":	779937,
					"lost_percent":	0,
					"omitted":	true,
					"sender":	false
				}],
			"sum":	{
				"start":	0,
				"end":	1.000004,
				"seconds":	1.0000040531158447,
				"bytes":	948403392,
				"bits_per_second":	7587196384.214118,
				"jitter_ms":	0.0045427664025014646,
				"lost_packets":	0,
				"packets":	779937,
				"lost_percent":	0,
				"omitted":	true,
				"sender":	false
			}
		}, {
			"streams":	[{
					"socket":	5,
					"start":	1.000004,
					"end":	2.000008,
					"seconds":	1.0000040531158447,
					"bytes":	948521344,
					"bits_per_second":	7588139996.3895483,
					"jitter_ms":	0.0029571413852020651,
					"lost_packets":	0,
					"packets":	780036,
					"lost_percent":	0,
					"omitted":	true,
					"sender":	false
				}],
			"sum":	{
				"start":	1.000004,
				"end":	2.000008,
				"seconds":	1.0000040531158447,
				"bytes":	948521344,
				"bits_per_second":	7588139996.3895483,
				"jitter_ms":	0.0029571413852020651,
				"lost_packets":	0,
				"packets":	780036,
				"lost_percent":	0,
				"omitted":	true,
				"sender":	false
			}
		}, {
			"streams":	[{
					"socket":	5,
					"start":	2e-05,
					"end":	0.99998,
					"seconds":	1,
					"bytes":	948493376,
					"bits_per_second":	7587947008,
					"jitter_ms":	0.0022426326937901391,
					"lost_packets":	0,
					"packets":	780029,
					"lost_percent":	0,
					"omitted":	false,
					"sender":	false
				}],
			"sum":	{
				"start":	2e-05,
				"end":	0.99998,
				"seconds":	1,
				"bytes":	948493376,
				"bits_per_second":	7587947008,
				"jitter_ms":	0.0022426326937901391,
				"lost_packets":	0,
				"packets":	780029,
				"lost_percent":	0,
				"omitted":	false,
				"sender":	false
			}
		}, {
			"streams":	[{
					"socket":	5,
					"start":	0.99998,
					"end":	1.99998,
					"seconds":	1,
					"bytes":	948503104,
					"bits_per_second":	7588024832,
					"jitter_ms":	0.0033434105115341573,
					"lost_packets":	0,
					"packets":	780020,
					"lost_percent":	0,
					"omitted":	false,
					"sender":	false
				}],
			"sum":	{
				"start":	0.99998,
				"end":	1.99998,
				"seconds":	1,
				"bytes":	948503104,
				"bits_per_second":	7588024832,
				"jitter_ms":	0.0033434105115341573,
				"lost_packets":	0,
				"packets":	780020,
				"lost_percent":	0,
				"omitted":	false,
				"sender":	false
			}
		}, {
			"streams":	[{
					"socket":	5,
					"start":	1.99998,
					"end":	2.99998,
					"seconds":	1,
					"bytes":	948543232,
					"bits_per_second":	7588345856,
					"jitter_ms":	0.0023449658451103052,
					"lost_packets":	0,
					"packets":	780061,
					"lost_percent":	0,
					"omitted":	false,
					"sender":	false
				}],
			"sum":	{
				"start":	1.99998,
				"end":	2.99998,
				"seconds":	1,
				"bytes":	948543232,
				"bits_per_second":	7588345856,
				"jitter_ms":	0.0023449658451103052,
				"lost_packets":	0,
				"packets":	780061,
				"lost_percent":	0,
				"omitted":	false,
				"sender":	false
			}
		}, {
			"streams":	[{
					"socket":	5,
					"start":	2.99998,
					"end":	3.99998,
					"seconds":	1,
					"bytes":	948500672,
					"bits_per_second":	7588005376,
					"jitter_ms":	0.00233250418210496,
					"lost_packets":	0,
					"packets":	780019,
					"lost_percent":	0,
					"omitted":	false,
					"sender":	false
				}],
			"sum":	{
				"start":	2.99998,
				"end":	3.99998,
				"seconds":	1,
				"bytes":	948500672,
				"bits_per_second":	7588005376,
				"jitter_ms":	0.00233250418210496,
				"lost_packets":	0,
				"packets":	780019,
				"lost_percent":	0,
				"omitted":	false,
				"sender":	false
			}
		}, {
			"streams":	[{
					"socket":	5,
					"start":	3.99998,
					"end":	4.999982,
					"seconds":	1.0000020265579224,
					"bytes":	948505536,
					"bits_per_second":	7588028910.4198961,
					"jitter_ms":	0.0027790281365894648,
					"lost_packets":	0,
					"packets":	780022,
					"lost_percent":	0,
					"omitted":	false,
					"sender":	false
				}],
			"sum":	{
				"start":	3.99998,
				"end":	4.999982,
				"seconds":	1.0000020265579224,
				"bytes":	948505536,
				"bits_per_second":	7588028910.4198961,
				"jitter_ms":	0.0027790281365894648,
				"lost_packets":	0,
				"packets":	780022,
				"lost_percent":	0,
				"omitted":	false,
				"sender":	false
			}
		}, {
			"streams":	[{
					"socket":	5,
					"start":	4.999982,
					"end":	5.000201,
					"seconds":	0.00021899999410379678,
					"bytes":	161728,
					"bits_per_second":	5907872305.178154,
					"jitter_ms":	0.00074349456126023082,
					"lost_packets":	0,
					"packets":	133,
					"lost_percent":	0,
					"omitted":	false,
					"sender":	false
				}],
			"sum":	{
				"start":	4.999982,
				"end":	5.000201,
				"seconds":	0.00021899999410379678,
				"bytes":	161728,
				"bits_per_second":	5907872305.178154,
				"jitter_ms":	0.00074349456126023082,
				"lost_packets":	0,
				"packets":	133,
				"lost_percent":	0,
				"omitted":	false,
				"sender":	false
			}
		}],
	"end":	{
		"streams":	[{
				"udp":	{
					"socket":	5,
					"start":	0,
					"end":	5.000201,
					"seconds":	5.000201,
					"bytes":	0,
					"bits_per_second":	0,
					"jitter_ms":	0.00074349456126023082,
					"lost_packets":	0,
					"packets":	3900267,
					"lost_percent":	0,
					"out_of_order":	0,
					"sender":	false
				}
			}],
		"sum":	{
			"start":	0,
			"end":	5.000201,
			"seconds":	5.000201,
			"bytes":	0,
			"bits_per_second":	0,
			"jitter_ms":	0.00074349456126023082,
			"lost_packets":	0,
			"packets":	3900267,
			"lost_percent":	0,
			"sender":	false
		},
		"sum_sent":	{
			"start":	0,
			"end":	5.000201,
			"seconds":	5.000201,
			"bytes":	0,
			"bits_per_second":	0,
			"jitter_ms":	0,
			"lost_packets":	0,
			"packets":	0,
			"lost_percent":	0,
			"sender":	true
		},
		"sum_received":	{
			"start":	0,
			"end":	5.000201,
			"seconds":	5.000201,
			"bytes":	4742724672,
			"bits_per_second":	7588054435.4116974,
			"jitter_ms":	0.00074349456126023082,
			"lost_packets":	0,
			"packets":	3900267,
			"lost_percent":	0,
			"sender":	false
		},
		"cpu_utilization_percent":	{
			"host_total":	126.37494689463237,
			"host_user":	16.361153070025942,
			"host_system":	110.01379382460644,
			"remote_total":	0,
			"remote_user":	0,
			"remote_system":	0
		}
	}
}
